[
    {
        "id":1,
        "name":"Rick",
        "cardid":"220187199709071211",
        "sex":"男",
        "email":"aaa@qq.com",
        "education":"本科",
        "speciality":"计算机",
        "phone":"13500001110",
        "password":"123123",
        "auditstatus":"1",
        "status":"1",
        "tel":"010-800761",
        "party":"党员",
        "wechat":"100801",
        "address":"北京市昌平区",
        "postcode":"100010",
        "birthday":"1997-09-08",
        "race":"汉",
        "remark":"无",
        "depid":1,
        "dep":"开发部",
        "levelid":"5k-8k",
        "level":"1",
        "salary":4500,
        "joindate":"2020-10-09"
    },
    {
        "id":2,
        "name":"Morty",
        "cardid":"220187199709071211",
        "sex":"男",
        "email":"bbb@qq.com",
        "education":"本科",
        "speciality":"计算机",
        "phone":"13500001111",
        "password":"123123",
        "auditstatus":"0",
        "status":"1",
        "tel":"010-800761",
        "party":"预备党员",
        "wechat":"100801",
        "address":"北京市丰台区",
        "postcode":"100010",
        "birthday":"1997-09-10",
        "race":"汉",
        "remark":"无",
        "depid":1,
        "dep":"开发部",
        "levelid":"5k-8k",
        "level":"2",
        "salary":4500,
        "joindate":"2020-10-09"
    },
    {
        "id":3,
        "name":"Jerry",
        "cardid":"435246464563",
        "sex":"男",
        "email":"bbb@qq.com",
        "education":"本科",
        "speciality":"计算机",
        "phone":"13500001112",
        "password":"123123",
        "auditstatus":"0",
        "status":"1",
        "tel":"010-800761",
        "party":"预备党员",
        "wechat":"10080dsfdsf1",
        "address":"北京市丰台区",
        "postcode":"100010",
        "birthday":"1997-09-10",
        "race":"汉",
        "remark":"无",
        "depid":2,
        "dep":"测试部",
        "levelid":"5k-8k",
        "level":"2",
        "salary":4500,
        "joindate":"2020-10-09"
    },
    {
        "id":4,
        "name":"Summer",
        "cardid":"45366465463",
        "sex":"男",
        "email":"bbb@qq.com",
        "education":"本科",
        "speciality":"计算机",
        "phone":"13500001113",
        "password":"123123",
        "auditstatus":"0",
        "status":"1",
        "tel":"010-800761",
        "party":"预备党员",
        "wechat":"100801",
        "address":"北京市丰台区",
        "postcode":"100010",
        "birthday":"1997-09-10",
        "race":"汉",
        "remark":"无",
        "depid":2,
        "dep":"测试部",
        "levelid":"5k-8k",
        "level":"2",
        "salary":4500,
        "joindate":"2020-10-09"
    },
    {
        "id":5,
        "name":"Jerry",
        "cardid":"ds435435435",
        "sex":"男",
        "email":"bbb@qq.com",
        "education":"本科",
        "speciality":"计算机",
        "phone":"13500001114",
        "password":"123123",
        "auditstatus":"0",
        "status":"1",
        "tel":"010-800761",
        "party":"预备党员",
        "wechat":"100801",
        "address":"北京市丰台区",
        "postcode":"100010",
        "birthday":"1997-09-10",
        "race":"汉",
        "remark":"无",
        "depid":1,
        "dep":"开发部",
        "levelid":"5k-8k",
        "level":"2",
        "salary":4500,
        "joindate":"2020-10-09"
    },
    {
        "id":6,
        "name":"Beth",
        "cardid":"2201874545199709071211",
        "sex":"男",
        "email":"bbb@qq.com",
        "education":"本科",
        "speciality":"计算机",
        "phone":"13500001115",
        "password":"123123",
        "auditstatus":"0",
        "status":"1",
        "tel":"010-800761",
        "party":"预备党员",
        "wechat":"100801",
        "address":"北京市丰台区",
        "postcode":"100010",
        "birthday":"1997-09-10",
        "race":"汉",
        "remark":"无",
        "depid":3,
        "dep":"市场部",
        "levelid":"5k-8k",
        "level":"2",
        "salary":4500,
        "joindate":"2020-10-09"
    },
    {
        "id":7,
        "name":"Jessica",
        "cardid":"22018719sdafdsf9709071211",
        "sex":"男",
        "email":"bbb@qq.com",
        "education":"本科",
        "speciality":"计算机",
        "phone":"13500001116",
        "password":"123123",
        "auditstatus":"0",
        "status":"0",
        "tel":"010-800761",
        "party":"预备党员",
        "wechat":"100801",
        "address":"北京市丰台区",
        "postcode":"100010",
        "birthday":"1997-09-10",
        "race":"汉",
        "remark":"无",
        "depid":3,
        "dep":"市场部",
        "levelid":"5k-8k",
        "level":"3",
        "salary":4500,
        "joindate":"2020-10-09"
    },
    {
        "id":8,
        "name":"Squanchy",
        "cardid":"22018719sdafdsf9709071211",
        "sex":"男",
        "email":"bbb@qq.com",
        "education":"本科",
        "speciality":"计算机",
        "phone":"13500001117",
        "password":"123123",
        "auditstatus":"0",
        "status":"0",
        "tel":"010-800761",
        "party":"预备党员",
        "wechat":"100801",
        "address":"北京市丰台区",
        "postcode":"100010",
        "birthday":"1997-09-10",
        "race":"汉",
        "remark":"无",
        "depid":4,
        "dep":"运维部",
        "levelid":"5k-8k",
        "level":"2",
        "salary":4500,
        "joindate":"2020-10-09"
    }
]
