[
    {
        "id": "1",
        "range":"3k-5k",
        "max": "5k",
        "min": "3k"
    },
    {
        "id": "2",
        "range":"5k-8k",
        "max": "5k",
        "min": "3k"
    },
    {
        "id": "3",
        "range":"8k-10k",
        "max": "5k",
        "min": "3k"
    },
    {
        "id": "4",
        "range":"10k-15k",
        "max": "5k",
        "min": "3k"
    },
    {
        "id": "5",
        "range":"15k-20k",
        "max": "5k",
        "min": "3k"
    },
    {
        "id": "6",
        "range":"20k以上",
        "max": "5k",
        "min": "3k"
    }

]