PaperName,Author,FromSchool,Time,Url
智慧教室中的教学交互对大学生深度学习的影响研究,陈蓓蕾,华中师范大学,2018-09-01,//cdmd.cnki.com.cn/Article/CDMD-10511-1019205319.htm
遥感图像场景深度学习与应用研究,李二珠,南京大学,2017-12-01,//cdmd.cnki.com.cn/Article/CDMD-10284-1018151393.htm
智慧教室中基于APT教学的小学生深度学习研究,白清玉,华中师范大学,2017-09-01,//cdmd.cnki.com.cn/Article/CDMD-10511-1018235548.htm
基于深度学习的自然场景图像的中文字检测和识别算法研究,任逍航,上海交通大学,2017-06-30,//cdmd.cnki.com.cn/Article/CDMD-10248-1019610581.htm
基于深度学习的在线医疗信息抽取研究,陈德鑫,武汉大学,2017-05-01,//cdmd.cnki.com.cn/Article/CDMD-10486-1017169974.htm
深度学习在遥感影像目标检测和地表覆盖分类中的应用研究,邰建豪,武汉大学,2017-05-01,//cdmd.cnki.com.cn/Article/CDMD-10486-1018033189.htm
基于人工智能诊断糖尿病黄斑水肿的研究,李霓,北京协和医学院,2019-06-01,//cdmd.cnki.com.cn/Article/CDMD-10023-1019267473.htm
钢琴多音估计问题和音乐生成问题的深度学习方法,李星达,吉林大学,2019-06-01,//cdmd.cnki.com.cn/Article/CDMD-10183-1019157622.htm
基于“神威·太湖之光”的并行深度学习训练系统,方佳瑞,清华大学,2019-06-01,//cdmd.cnki.com.cn/Article/CDMD-10003-1020828938.htm
同伴对话反馈策略促进大学生深度学习的理论与实践研究,姚佳佳,浙江大学,2020-10-20,//cdmd.cnki.com.cn/Article/CDMD-10335-1021535697.htm
基于深度学习的我国矿业境外投资风险评价研究,谷春燕,中国地质大学(北京),2019-06-01,//cdmd.cnki.com.cn/Article/CDMD-11415-1019156317.htm
基于深度学习算法的黑素细胞肿瘤病理图像鉴别诊断研究,巴伟,中国人民解放军医学院,2019-05-16,//cdmd.cnki.com.cn/Article/CDMD-90115-1019247755.htm
深度学习下细粒度特征分析研究,曾宪贤,广东工业大学,2020-06-01,//cdmd.cnki.com.cn/Article/CDMD-11845-1020086910.htm
小学数学深度教学研究,吴宏,华中师范大学,2018-05-01,//cdmd.cnki.com.cn/Article/CDMD-10511-1018232117.htm
基于深度学习的图像处理算法研究,樊庆楠,山东大学,2019-04-20,//cdmd.cnki.com.cn/Article/CDMD-10422-1019113678.htm
基于监测大数据的产品剩余寿命预测方法研究,黄承赓,电子科技大学,2019-10-01,//cdmd.cnki.com.cn/Article/CDMD-10614-1020716398.htm
基于卷积神经网络的地震数据重构与模型构建研究,毛博,吉林大学,2020-06-01,//cdmd.cnki.com.cn/Article/CDMD-10183-1020754815.htm
基于自动编码器的高分辨雷达目标识别研究,邓盛,西安电子科技大学,2018-09-01,//cdmd.cnki.com.cn/Article/CDMD-10701-1019140373.htm
复杂环境下基于深度学习的语音信号预处理方法研究,高天,中国科学技术大学,2018-10-01,//cdmd.cnki.com.cn/Article/CDMD-10358-1018313922.htm
蛋白质序列的深度建模及其应用,张步忠,苏州大学,2019-06-01,//cdmd.cnki.com.cn/Article/CDMD-10285-1019259630.htm
人工智能在放射治疗中的若干应用研究,陈海斌,南方医科大学,2018-05-14,//cdmd.cnki.com.cn/Article/CDMD-12121-1018276210.htm
基于深度学习的个性化物品推荐研究,吴国栋,东华大学,2020-06-01,//cdmd.cnki.com.cn/Article/CDMD-10255-1020757363.htm
基于深度学习的淡水湿地遥感精细分类研究,孟祥锐,哈尔滨师范大学,2019-12-01,//cdmd.cnki.com.cn/Article/CDMD-10231-1020715684.htm
对抗学习在光学遥感影像分类及变化检测中的方法研究,方博,武汉大学,2019-11-01,//cdmd.cnki.com.cn/Article/CDMD-10486-1020604433.htm
基于深度学习的图像分类方法研究,孟丹,华东师范大学,2017-04-01,//cdmd.cnki.com.cn/Article/CDMD-10269-1017074224.htm
面向汽车自动驾驶的模拟图像生成技术及应用研究,刘镇疑,吉林大学,2021-03-01,//cdmd.cnki.com.cn/Article/CDMD-10183-1021100973.htm
结合发音特征与深度学习的语音生成方法研究,刘正晨,中国科学技术大学,2018-05-08,//cdmd.cnki.com.cn/Article/CDMD-10358-1018095959.htm
异构融合平台上的数据流运行时系统研究,林晗,中国科学技术大学,2019-10-01,//cdmd.cnki.com.cn/Article/CDMD-10358-1019263304.htm
基于视觉的人体动作识别研究,王亮亮,哈尔滨工业大学,2017-06-01,//cdmd.cnki.com.cn/Article/CDMD-10213-1017862255.htm
基于深度学习的广告点击率预测方法研究,王倩倩,山东师范大学,2020-05-01,//cdmd.cnki.com.cn/Article/CDMD-10445-1020032068.htm
基于深度学习的空间结构光场信息提取及通信研究,刘俊敏,深圳大学,2019-06-30,//cdmd.cnki.com.cn/Article/CDMD-10590-1019909637.htm
推荐系统中面向评分和文本数据挖掘的若干关键技术研究,徐原博,吉林大学,2019-06-01,//cdmd.cnki.com.cn/Article/CDMD-10183-1019162401.htm
基于迁移学习的故障诊断方法研究,陈丹敏,战略支援部队信息工程大学,2020-04-30,//cdmd.cnki.com.cn/Article/CDMD-91037-1020764432.htm
面向遥感影像分类、目标识别及提取的深度学习方法研究,李唯嘉,清华大学,2019-06-01,//cdmd.cnki.com.cn/Article/CDMD-10003-1020829014.htm
从虚拟到现实的智能车辆深度强化学习控制研究,杨顺,吉林大学,2019-06-01,//cdmd.cnki.com.cn/Article/CDMD-10183-1019157587.htm
中小学智慧教学评价指标体系构建的研究,孙聘,东北师范大学,2018-06-01,//cdmd.cnki.com.cn/Article/CDMD-10200-1018706136.htm
基于稀疏表示和深度学习的极化SAR图像分类,陈彦桥,西安电子科技大学,2019-06-01,//cdmd.cnki.com.cn/Article/CDMD-10701-1020035973.htm
基于图像深度学习的小麦干旱识别和分级研究,安江勇,中国农业科学院,2019-05-01,//cdmd.cnki.com.cn/Article/CDMD-82101-1020089840.htm
基于压缩感知和深度学习的超分辨成像方法研究,张旭东,中国科学院大学(中国科学院上海技术物理研究所),2019-06-01,//cdmd.cnki.com.cn/Article/CDMD-80143-1019675051.htm
基于小规模GPU集群平台的深度学习任务调度研究,陈照云,国防科技大学,2019-12-01,//cdmd.cnki.com.cn/Article/CDMD-91002-1021828332.htm
基于深度学习的目标跟踪研究,卢宪凯,上海交通大学,2018-05-01,//cdmd.cnki.com.cn/Article/CDMD-10248-1019640721.htm
基于深度学习的结构化数据问答方法研究,朱署光,北京邮电大学,2020-11-06,//cdmd.cnki.com.cn/Article/CDMD-10013-1020162433.htm
基于局部线性表达和深度学习的医学图像分析,庞树茂,南方医科大学,2019-05-01,//cdmd.cnki.com.cn/Article/CDMD-12121-1019173618.htm
水工岩体地质图像数据深度挖掘与智能分析理论方法及应用,张野,天津大学,2019-11-01,//cdmd.cnki.com.cn/Article/CDMD-10056-1021721554.htm
数据内蕴结构驱动的深度学习遥感图像分类,龚智强,国防科技大学,2019-10-01,//cdmd.cnki.com.cn/Article/CDMD-91002-1021828420.htm
面向深度学习算法的DSP关键技术研究,杨超,国防科技大学,2019-12-01,//cdmd.cnki.com.cn/Article/CDMD-91002-1021828522.htm
基于深度学习的短期风电输出功率预测研究,王永生,内蒙古农业大学,2021-06-01,//cdmd.cnki.com.cn/Article/CDMD-10129-1021758665.htm
深度学习视野下高中文言文教学设计与实施策略研究,刘倩,东北师范大学,2020-06-01,//cdmd.cnki.com.cn/Article/CDMD-10200-1020656963.htm
基于深度学习的遥感图像语义分割问题研究,王宇浩,北京科技大学,2020-05-29,//cdmd.cnki.com.cn/Article/CDMD-10008-1020109077.htm
小样本心音分类方法研究,韩威,广东工业大学,2020-06-01,//cdmd.cnki.com.cn/Article/CDMD-11845-1020086894.htm
基于卷积神经网络的交通密度估计及车辆检测方法研究,罗志明,厦门大学,2017-12-01,//cdmd.cnki.com.cn/Article/CDMD-10384-1018041759.htm
深度学习框架下的极化SAR影像信息表达与分类研究,王磊,武汉大学,2020-05-29,//cdmd.cnki.com.cn/Article/CDMD-10486-1020966892.htm
基于深度学习的互联网健康数据分析技术研究,陈信欢,清华大学,2018-04-01,//cdmd.cnki.com.cn/Article/CDMD-10003-1019602960.htm
基于深度学习的高血压病肝火亢盛证面部色诊研究,李佳佳,中国中医科学院,2020-06-20,//cdmd.cnki.com.cn/Article/CDMD-84502-1020085745.htm
基于深度学习的网络流量异常检测及隐私安全防护研究,闫晓丹,北京邮电大学,2020-06-06,//cdmd.cnki.com.cn/Article/CDMD-10013-1020162498.htm
深度学习方法研究及在偏光片缺陷检测中的应用,刘瑞珍,太原科技大学,2020-04-19,//cdmd.cnki.com.cn/Article/CDMD-10109-1020314744.htm
肌电手势识别中的多流融合和多视图深度学习方法研究,卫文韬,浙江大学,2018-05-03,//cdmd.cnki.com.cn/Article/CDMD-10335-1018254747.htm
人工智能在早期肺腺癌及新型冠状病毒肺炎CT诊断的研究,孟繁杨,吉林大学,2021-05-01,//cdmd.cnki.com.cn/Article/CDMD-10183-1021102383.htm
特定辐射源智能识别技术研究,陈沛铂,国防科技大学,2020-06-01,//cdmd.cnki.com.cn/Article/CDMD-91002-1021828449.htm
基于深度学习的高分遥感图像建筑物自动提取方法研究,张颜,重庆大学,2020-05-01,//cdmd.cnki.com.cn/Article/CDMD-10611-1020357744.htm
面向边缘智能人体行为识别关键技术研究,代成,电子科技大学,2021-04-09,//cdmd.cnki.com.cn/Article/CDMD-10614-1021744182.htm
基于深度学习的城市时空序列预测模型及应用研究,杜圣东,西南交通大学,2020-04-01,//cdmd.cnki.com.cn/Article/CDMD-10613-1021574494.htm
基于深度学习的跨媒体社交网络安全话题挖掘与探索研究,周南,北京邮电大学,2020-08-19,//cdmd.cnki.com.cn/Article/CDMD-10013-1020162399.htm
基于深度学习的说话人无关单通道语音分离,王燕南,中国科学技术大学,2017-06-01,//cdmd.cnki.com.cn/Article/CDMD-10358-1017065348.htm
基于深度学习的中国北方草地生态系统呼吸估算研究,朱晓波,西南大学,2020-05-24,//cdmd.cnki.com.cn/Article/CDMD-10635-1020329740.htm
基于深度学习的轮胎缺陷无损检测与分类技术研究,崔雪红,青岛科技大学,2018-04-20,//cdmd.cnki.com.cn/Article/CDMD-10426-1018831445.htm
图像和视频的深度压缩感知,石武祯,哈尔滨工业大学,2020-04-01,//cdmd.cnki.com.cn/Article/CDMD-10213-1020401606.htm
基于深度学习的时间序列分类和预测研究,Amadu Fullah Kamara,中国科学技术大学,2020-04-01,//cdmd.cnki.com.cn/Article/CDMD-10358-1020158832.htm
基于深度残差学习的风电齿轮箱故障诊断,赵明航,重庆大学,2018-11-01,//cdmd.cnki.com.cn/Article/CDMD-10611-1019817187.htm
基于深度学习的行人再识别研究,朱福庆,大连理工大学,2018-03-12,//cdmd.cnki.com.cn/Article/CDMD-10141-1018045543.htm
基于无监督深度学习的PET静态图像及参数图像去噪研究,崔佳楠,浙江大学,2020-06-22,//cdmd.cnki.com.cn/Article/CDMD-10335-1021001156.htm
基于CT影像组学精准预测非小细胞肺癌术后预后的研究,陈鑫,南方医科大学,2020-11-25,//cdmd.cnki.com.cn/Article/CDMD-12121-1021049602.htm
基于深度学习的层状储层中随钻电磁波测井资料的正反演研究,朱高阳,山东大学,2020-06-15,//cdmd.cnki.com.cn/Article/CDMD-10422-1020139154.htm
药物互作数据的挖掘与预测研究,胡姗姗,安徽大学,2019-05-01,//cdmd.cnki.com.cn/Article/CDMD-10357-1019130317.htm
基于深度学习的药物重定位方法研究,马浚,兰州大学,2019-05-01,//cdmd.cnki.com.cn/Article/CDMD-10730-1019873380.htm
基于深度学习的表示学习算法研究,朱毅,合肥工业大学,2018-07-01,//cdmd.cnki.com.cn/Article/CDMD-10359-1020065787.htm
基于结构化深度学习的语音识别自适应技术研究,谭天,上海交通大学,2018-07-01,//cdmd.cnki.com.cn/Article/CDMD-10248-1019640766.htm
融合先验解剖结构的左心室三维超声心动图分割方法研究,董素宇,哈尔滨工业大学,2020-06-01,//cdmd.cnki.com.cn/Article/CDMD-10213-1020401650.htm
基于深度神经网络的流体动画研究,肖祥云,上海交通大学,2019-05-19,//cdmd.cnki.com.cn/Article/CDMD-10248-1020727980.htm
基于深度学习的实时多目标跟踪关键技术的研究,李沐雨,中国科学院大学(中国科学院长春光学精密机械与物理研究所),2020-06-01,//cdmd.cnki.com.cn/Article/CDMD-80139-1020065832.htm
川西坳陷沙溪庙组致密砂岩优质储层识别及预测方法研究,张国印,中国石油大学(北京),2019-05-01,//cdmd.cnki.com.cn/Article/CDMD-11414-1020429818.htm
特定辐射源智能识别技术研究,杨凯,国防科技大学,2019-10-01,//cdmd.cnki.com.cn/Article/CDMD-91002-1021828448.htm
Key Issues and Patterns for Detection and Prediction in Time-Evolving Data Streams,Stephen Manko Wambura,西安电子科技大学,2020-12-01,//cdmd.cnki.com.cn/Article/CDMD-10701-1021034278.htm
基于深度学习的影像组学在胸腺瘤诊断及组织病理学风险评估中的应用,韩小伟,北京协和医学院,2020-04-01,//cdmd.cnki.com.cn/Article/CDMD-10023-1021027735.htm
基于激光点云的复杂三维场景多态目标语义分割技术研究,张蕊,战略支援部队信息工程大学,2018-04-20,//cdmd.cnki.com.cn/Article/CDMD-91037-1018841733.htm
基于深度学习的说话人识别建模研究,酆勇,重庆大学,2016-12-01,//cdmd.cnki.com.cn/Article/CDMD-10611-1017801907.htm
基于视觉显著性的显著区域提取方法及其应用研究,梁晔,北京交通大学,2018-03-01,//cdmd.cnki.com.cn/Article/CDMD-10004-1018082158.htm
基于自回归深度神经网络的单通道语音分离方法研究,李曾玺,中国科学技术大学,2019-05-01,//cdmd.cnki.com.cn/Article/CDMD-10358-1019057788.htm
基于视觉计算和人类感知的图像质量评价研究,侯伟龙,西安电子科技大学,2015-11-01,//cdmd.cnki.com.cn/Article/CDMD-10701-1016247720.htm
基于深度学习的单目SLAM关键技术研究,丁银章,浙江大学,2020-04-01,//cdmd.cnki.com.cn/Article/CDMD-10335-1020435419.htm
深度学习模型的高效训练算法研究,陈凯,中国科学技术大学,2016-04-01,//cdmd.cnki.com.cn/Article/CDMD-10358-1016103248.htm
语种识别深度学习方法研究,蒋兵,中国科学技术大学,2015-05-01,//cdmd.cnki.com.cn/Article/CDMD-10358-1015615915.htm
基于多源遥感数据的城市目标智能识别方法研究,杨小飞,哈尔滨工业大学,2019-06-30,//cdmd.cnki.com.cn/Article/CDMD-10213-1020401439.htm
基于深度学习的三维形状理解,陈明佳,华东师范大学,2020-05-26,//cdmd.cnki.com.cn/Article/CDMD-10269-1020961631.htm
基于深度学习的个人信用风险评估研究,杨德杰,中央财经大学,2019-12-08,//cdmd.cnki.com.cn/Article/CDMD-10034-1020606251.htm
基于深度学习技术-Faster R-CNN对颈脊髓损伤及颈间盘疾病核磁图像的识别检测,马少龙,吉林大学,2020-11-01,//cdmd.cnki.com.cn/Article/CDMD-10183-1021002784.htm
医学脑图像小体积弥散性病变分割深入研究,张月,中国科学院大学(中国科学院上海技术物理研究所),2020-11-01,//cdmd.cnki.com.cn/Article/CDMD-80143-1021705529.htm
进展期宫颈癌深度学习生存预测模型的建立与一项前瞻性相关性研究,刘艺,山东大学,2021-05-20,//cdmd.cnki.com.cn/Article/CDMD-10422-1021035464.htm
基于深度学习的大气环境监测系统关键技术研究,马元婧,中国科学院大学(中国科学院沈阳计算技术研究所),2021-06-01,//cdmd.cnki.com.cn/Article/CDMD-80133-1021630743.htm
深度学习并行分布式训练机制研究,姚琼杰,华中科技大学,2020-05-01,//cdmd.cnki.com.cn/Article/CDMD-10487-1021726830.htm
基于机器学习的多目标猪只状态与个体行为识别研究,康飞龙,内蒙古农业大学,2018-06-01,//cdmd.cnki.com.cn/Article/CDMD-10129-1018881764.htm
深度学习在古建筑表面损伤检测中的应用研究,王念念,大连理工大学,2019-09-06,//cdmd.cnki.com.cn/Article/CDMD-10141-1019243428.htm
基于深度学习的交通流量预测及乳糜泻病定量分析研究与应用,周腾,华南理工大学,2017-06-05,//cdmd.cnki.com.cn/Article/CDMD-10561-1018809340.htm
基于深度学习的文本表示与分类方法研究,闫琰,北京科技大学,2016-06-06,//cdmd.cnki.com.cn/Article/CDMD-10008-1016100026.htm
基于编码-解码模型的二维结构文本识别研究,张建树,中国科学技术大学,2020-05-01,//cdmd.cnki.com.cn/Article/CDMD-10358-1020088506.htm
基于机器学习的肿瘤基因表达谱数据分析方法研究,刘健,中国矿业大学,2018-10-19,//cdmd.cnki.com.cn/Article/CDMD-10290-1019812097.htm
基于人脸局部信息生物特征识别若干问题研究,李云飞,西安电子科技大学,2018-04-01,//cdmd.cnki.com.cn/Article/CDMD-10701-1019000267.htm
眼睑肿瘤病理特征分析及基于新型人工智能算法的诊断应用研究,王琳艳,浙江大学,2020-03-01,//cdmd.cnki.com.cn/Article/CDMD-10335-1020435676.htm
基于机器学习技术的蛋白质—配体对接关键计算问题研究,李海鸥,苏州大学,2017-05-01,//cdmd.cnki.com.cn/Article/CDMD-10285-1018030534.htm
MR影像组学和深度学习在胶质瘤术前诊断评估中的应用,董飞,浙江大学,2019-03-01,//cdmd.cnki.com.cn/Article/CDMD-10335-1019261690.htm
面向5G应用的认知数据中心互连网络架构设计与关键技术研究,江涛,华中科技大学,2019-05-01,//cdmd.cnki.com.cn/Article/CDMD-10487-1019617958.htm
日本小学国语教育中的思维能力培养研究,洪优,上海外国语大学,2017-12-01,//cdmd.cnki.com.cn/Article/CDMD-10271-1018040460.htm
基于深度学习的暴力检测及人脸识别方法研究,丁春辉,中国科学技术大学,2017-04-01,//cdmd.cnki.com.cn/Article/CDMD-10358-1017065366.htm
基于智能学习算法的布匹瑕疵检测方法研究,管淼,苏州大学,2019-03-01,//cdmd.cnki.com.cn/Article/CDMD-10285-1019259662.htm
基于视觉认知模型的乳腺肿块诊断算法研究,王红玉,西北大学,2018-06-01,//cdmd.cnki.com.cn/Article/CDMD-10697-1018106680.htm
基于样本和深度学习的图像修复方法研究,强振平,云南大学,2018-03-01,//cdmd.cnki.com.cn/Article/CDMD-10673-1018246729.htm
基于嵌入式并行运算架构深度学习的电力线路非正常状态分析研究,陈子明,华南理工大学,2019-07-04,//cdmd.cnki.com.cn/Article/CDMD-10561-1020617162.htm
基于深度学习表征的图像检索技术,孙韶言,中国科学技术大学,2017-05-01,//cdmd.cnki.com.cn/Article/CDMD-10358-1017192053.htm
基于卷积神经网络的高能物理事例特征信息在线提取算法研究,艾鹏程,华中师范大学,2020-04-01,//cdmd.cnki.com.cn/Article/CDMD-10511-1020128592.htm
关于信息物理系统安全的关键问题研究,邹敏辉,重庆大学,2018-04-01,//cdmd.cnki.com.cn/Article/CDMD-10611-1018856011.htm
基于多样化内容数据的个性化推荐系统,练建勋,中国科学技术大学,2018-05-18,//cdmd.cnki.com.cn/Article/CDMD-10358-1018104965.htm
我国金融系统安全评价与风险预警研究,梁永礼,北京交通大学,2018-09-01,//cdmd.cnki.com.cn/Article/CDMD-10004-1018316255.htm
领域知识驱动的深度学习单幅图像去雨研究,傅雪阳,厦门大学,2018-08-01,//cdmd.cnki.com.cn/Article/CDMD-10384-1018257290.htm
Nonlinear Optimization and Dimensional Reduction Via Spearman Correlation Analysis,Muhammad Saddam Khokhar,江苏大学,2020-04-23,//cdmd.cnki.com.cn/Article/CDMD-10299-1020758495.htm
基于深度学习的图像分类,孙炜晨,北京邮电大学,2016-10-01,//cdmd.cnki.com.cn/Article/CDMD-10013-1017289472.htm
基于深度学习和双目视觉的工业机器人抓取方法研究,唐洪,华南理工大学,2017-12-29,//cdmd.cnki.com.cn/Article/CDMD-10561-1018874097.htm
深度学习在钢板表面缺陷与字符识别中的应用,贺笛,北京科技大学,2020-11-03,//cdmd.cnki.com.cn/Article/CDMD-10008-1021001320.htm
基于深度学习的视觉目标跟踪算法研究,朱均安,中国科学院大学(中国科学院长春光学精密机械与物理研究所),2020-12-01,//cdmd.cnki.com.cn/Article/CDMD-80139-1021008317.htm
岩质隧道炮孔图像识别算法及光面爆破参数优化研究,张万志,山东大学,2019-10-07,//cdmd.cnki.com.cn/Article/CDMD-10422-1020009306.htm
高光谱遥感影像光谱降维与空谱联合分类方法研究,胡立栓,中国地质大学(北京),2018-10-01,//cdmd.cnki.com.cn/Article/CDMD-11415-1019014506.htm
面向高分辨率遥感影像分析的深度学习方法研究,张帆,武汉大学,2017-05-01,//cdmd.cnki.com.cn/Article/CDMD-10486-1017192095.htm
基于生物视觉模型的行人识别研究,王璇,福建师范大学,2019-05-31,//cdmd.cnki.com.cn/Article/CDMD-10394-1020605797.htm
基于深度学习的复杂交通环境下目标跟踪与轨迹预测研究,高铭,吉林大学,2020-06-01,//cdmd.cnki.com.cn/Article/CDMD-10183-1020754753.htm
基于特征学习的无约束环境下的人脸识别研究,田雷,北京邮电大学,2018-09-03,//cdmd.cnki.com.cn/Article/CDMD-10013-1018313462.htm
基于深度学习的野外巡线系统图像目标检测研究,王振华,中国地质大学(北京),2018-12-01,//cdmd.cnki.com.cn/Article/CDMD-11415-1019014505.htm
面向图像细节优化的快速磁共振成像,程静,中国科学院大学(中国科学院深圳先进技术研究院),2019-12-01,//cdmd.cnki.com.cn/Article/CDMD-80177-1019955028.htm
深度学习下的影像识别研究,祁雷,中国科学院大学(中国科学院西安光学精密机械研究所),2019-12-01,//cdmd.cnki.com.cn/Article/CDMD-80142-1020711693.htm
基于深度学习和多尺度多特征融合的高分辨率遥感地表覆盖分类研究,张书瑜,浙江大学,2020-06-10,//cdmd.cnki.com.cn/Article/CDMD-10335-1020413419.htm
基于深度学习的视频编码技术研究,王洋,哈尔滨工业大学,2019-06-01,//cdmd.cnki.com.cn/Article/CDMD-10213-1019645944.htm
场景分类中上下文特征描述模型的研究,史静,西安理工大学,2019-06-30,//cdmd.cnki.com.cn/Article/CDMD-10700-1020306372.htm
气候与地形因子对浑善达克沙地ANPP的影响,王雨晴,内蒙古农业大学,2021-06-01,//cdmd.cnki.com.cn/Article/CDMD-10129-1021758345.htm
二维图像去反射和三维点云分析的深度学习模型研究,常亚坤,西安电子科技大学,2020-12-01,//cdmd.cnki.com.cn/Article/CDMD-10701-1021034216.htm
基于限制玻尔兹曼机的深度学习模型改进及应用,王海波,哈尔滨工程大学,2019-03-01,//cdmd.cnki.com.cn/Article/CDMD-10217-1020159051.htm
基于深度学习的绞线式弹性毫微型插针表面缺陷检测关键技术研究,杨静,贵州大学,2020-06-01,//cdmd.cnki.com.cn/Article/CDMD-10657-1020768818.htm
基于深度学习的在线社交网络中的恶意帐户分类,王洋（Putra Wanda）,哈尔滨理工大学,2020-10-26,//cdmd.cnki.com.cn/Article/CDMD-10214-1021002643.htm
深层动态概率模型的构建、推理与应用研究,郭丹丹,西安电子科技大学,2020-08-01,//cdmd.cnki.com.cn/Article/CDMD-10701-1020162793.htm
核医学影像组学在肺部占位性病变中的应用,谢飞,北京协和医学院,2020-05-01,//cdmd.cnki.com.cn/Article/CDMD-10023-1021027969.htm
基于深度学习的医学图像处理问题研究,何克磊,南京大学,2018-11-01,//cdmd.cnki.com.cn/Article/CDMD-10284-1019231154.htm
基于内容的视频信息智能搜索算法研究,王文诗,北京工业大学,2020-07-01,//cdmd.cnki.com.cn/Article/CDMD-10005-1021563538.htm
基于多源异构数据的股价趋势预测研究,刘素辉,北京科技大学,2021-06-03,//cdmd.cnki.com.cn/Article/CDMD-10008-1021064798.htm
基于深度学习的视频帧间预测编码,林建平,中国科学技术大学,2021-05-27,//cdmd.cnki.com.cn/Article/CDMD-10358-1021072570.htm
使用深度学习和统计信号处理技术的语音分离,Asim Masood,中国科学技术大学,2021-04-15,//cdmd.cnki.com.cn/Article/CDMD-10358-1021072580.htm
基于深度学习的图像配准方法在放疗计划系统DeepPlan中的应用研究,郭翌,中国科学技术大学,2020-05-31,//cdmd.cnki.com.cn/Article/CDMD-10358-1020098274.htm
图像语义表达与度量学习技术研究,赵永威,解放军信息工程大学,2015-10-15,//cdmd.cnki.com.cn/Article/CDMD-90005-1016058169.htm
民航发动机全寿命周期机队维修策略优化方法研究,李臻,哈尔滨工业大学,2019-05-01,//cdmd.cnki.com.cn/Article/CDMD-10213-1019646009.htm
基于仿生微结构的触觉感知方式的研究,朱胤,中国科学技术大学,2019-05-09,//cdmd.cnki.com.cn/Article/CDMD-10358-1019263296.htm
基于深度学习的焊缝图像缺陷识别方法研究,侯文慧,中国科学技术大学,2019-05-01,//cdmd.cnki.com.cn/Article/CDMD-10358-1019048772.htm
深度视觉对抗技术研究,李旭嵘,浙江大学,2020-07-02,//cdmd.cnki.com.cn/Article/CDMD-10335-1021511674.htm
望远镜自主观测控制和天文数据智能处理的研究,张光宇,中国科学技术大学,2019-10-10,//cdmd.cnki.com.cn/Article/CDMD-10358-1019265971.htm
社会网络中链接预测方法研究,刘峰,哈尔滨工业大学,2015-12-01,//cdmd.cnki.com.cn/Article/CDMD-10213-1016739342.htm
基于多源城市大数据的城市传统风貌感知研究,张丽英,中国矿业大学(北京),2019-03-21,//cdmd.cnki.com.cn/Article/CDMD-11413-1019061229.htm
建筑空间冷负荷实时软测量无监督建模方法研究,李占培,上海大学,2017-06-01,//cdmd.cnki.com.cn/Article/CDMD-10280-1017273389.htm
显著性对象检测算法的若干关键技术研究及应用,李鑫,电子科技大学,2018-03-29,//cdmd.cnki.com.cn/Article/CDMD-10614-1018974827.htm
疾病相关实体关联抽取方法研究,康旭琴,军事科学院,2018-05-31,//cdmd.cnki.com.cn/Article/CDMD-90101-1018094756.htm
基于序列信息的蛋白质翻译后修饰位点预测方法研究,南铉国,东北师范大学,2019-05-01,//cdmd.cnki.com.cn/Article/CDMD-10200-1019840317.htm
基于深度学习的长时间序列城市制图与变化检测研究,吕浩博,清华大学,2018-06-01,//cdmd.cnki.com.cn/Article/CDMD-10003-1019603488.htm
1、肝细胞肝癌窄切缘术后调强放射治疗的作用 2、早期（T1-2NO）乳腺癌的临床表型亚组及基于深度学习的乳腺癌个体化预后模型,王智,北京协和医学院,2016-04-01,//cdmd.cnki.com.cn/Article/CDMD-10023-1016236128.htm
基于多元局部信息增强的复杂图像分类与目标检测,赵暐,西安电子科技大学,2019-09-01,//cdmd.cnki.com.cn/Article/CDMD-10701-1020027780.htm
单源及多源生物数据的模块发现与分类模型研究,杨曦,华南理工大学,2017-06-26,//cdmd.cnki.com.cn/Article/CDMD-10561-1018809373.htm
面向无人集群自主协同的信息处理智能优化方法研究,王吉,国防科技大学,2019-06-01,//cdmd.cnki.com.cn/Article/CDMD-91002-1020386225.htm
视网膜图像中结构与病灶的分割及变化检测,傅迎华,上海交通大学,2018-08-08,//cdmd.cnki.com.cn/Article/CDMD-10248-1019640716.htm
基于知识库的自然语言理解,罗康琦,上海交通大学,2019-02-21,//cdmd.cnki.com.cn/Article/CDMD-10248-1020727877.htm
玻尔兹曼机的参数选择理论及应用,赵晓朝,天津大学,2016-05-01,//cdmd.cnki.com.cn/Article/CDMD-10056-1017134138.htm
基于深度学习的鉴别性特征学习的研究,陈炳辉,北京邮电大学,2020-06-12,//cdmd.cnki.com.cn/Article/CDMD-10013-1020162630.htm
基于记忆学习的高速运动感知图像的去模糊及目标识别研究,黄绿娥,南昌大学,2019-11-27,//cdmd.cnki.com.cn/Article/CDMD-10403-1020022511.htm
大规模结构化知识的表示学习、自动获取与计算应用,林衍凯,清华大学,2019-06-01,//cdmd.cnki.com.cn/Article/CDMD-10003-1020828933.htm
基于显著性及弱监督学习的智能视觉信息处理,张鼎文,西北工业大学,2018-01-01,//cdmd.cnki.com.cn/Article/CDMD-10699-1020706864.htm
基于特征融合和正则化的图像语义分析研究,林毅,北京邮电大学,2020-02-11,//cdmd.cnki.com.cn/Article/CDMD-10013-1020162487.htm
基于人脑磁共振成像数据的机器学习方法研究,袁林,国防科技大学,2018-05-01,//cdmd.cnki.com.cn/Article/CDMD-91002-1020700700.htm
基于深度学习的对象级文本情感分析方法研究,程佳军,国防科技大学,2018-04-01,//cdmd.cnki.com.cn/Article/CDMD-91002-1020700730.htm
基于机器学习的恶意代码检测与分类技术研究,刘浏,国防科技大学,2017-11-01,//cdmd.cnki.com.cn/Article/CDMD-91002-1020700727.htm
三维形状对应及分割方法研究,周骏,大连理工大学,2020-01-01,//cdmd.cnki.com.cn/Article/CDMD-10141-1020093980.htm
面向精细视觉理解的深度渐进学习研究,晏轶超,上海交通大学,2019-06-19,//cdmd.cnki.com.cn/Article/CDMD-10248-1020727966.htm
深度神经网络在图像识别中的研究与应用,朱晓宁,北京邮电大学,2019-07-11,//cdmd.cnki.com.cn/Article/CDMD-10013-1020162555.htm
深度强化学习中的随机算法研究,汪跃,北京交通大学,2020-06-01,//cdmd.cnki.com.cn/Article/CDMD-10004-1020444552.htm
复杂环境下鲁棒目标跟踪方法,李军伟,浙江工业大学,2018-05-25,//cdmd.cnki.com.cn/Article/CDMD-10337-1019828920.htm
高分辨率遥感影像“像素—目标—场景”的深度理解方法研究,韩潇冰,武汉大学,2018-05-01,//cdmd.cnki.com.cn/Article/CDMD-10486-1018200581.htm
数据-模型耦合驱动的低剂量CT精准成像,何基,南方医科大学,2019-05-01,//cdmd.cnki.com.cn/Article/CDMD-12121-1019173617.htm
面向自然场景汉字识别的非平衡性与抗攻击性研究,冯新杰,哈尔滨工业大学,2020-04-01,//cdmd.cnki.com.cn/Article/CDMD-10213-1020401271.htm
自然环境下交通标志检测若干关键问题研究,李厚杰,大连理工大学,2019-01-10,//cdmd.cnki.com.cn/Article/CDMD-10141-1019023792.htm
模型启发的图像去噪学习技术研究,杨旭辉,华南理工大学,2020-04-28,//cdmd.cnki.com.cn/Article/CDMD-10561-1020334249.htm
基于深度学习方法的乳腺组织病理学图像分析研究,Tasleem Kausar,哈尔滨工业大学,2019-12-01,//cdmd.cnki.com.cn/Article/CDMD-10213-1020401877.htm
面向广域土地覆盖的高分辨率遥感影像分类方法研究,童心仪,武汉大学,2020-05-01,//cdmd.cnki.com.cn/Article/CDMD-10486-1020966859.htm
深度神经网络的核映射结构和跨连结构研究,张婷,北京工业大学,2018-07-09,//cdmd.cnki.com.cn/Article/CDMD-10005-1019700366.htm
面向临床路径分析的特征学习研究,徐啸,清华大学,2018-06-01,//cdmd.cnki.com.cn/Article/CDMD-10003-1019603147.htm
基于深度学习的肌电多维力解码性能及同步控制研究,杨威,哈尔滨工业大学,2019-09-01,//cdmd.cnki.com.cn/Article/CDMD-10213-1020401496.htm
基于字典学习的人脸特征提取及识别研究,陈叶飞,上海交通大学,2018-12-19,//cdmd.cnki.com.cn/Article/CDMD-10248-1020727850.htm
窄带光成像和放大内镜图像在早期食管鳞癌诊断中的应用研究及其计算机辅助诊断研究方法的探索性研究,赵媛媛,安徽医科大学,2019-02-01,//cdmd.cnki.com.cn/Article/CDMD-10366-1019173761.htm
认知无线电中频谱感知方法及策略研究,张孟伯,国防科技大学,2018-10-01,//cdmd.cnki.com.cn/Article/CDMD-91002-1020386173.htm
基于GAN和CNN模型的人脸画像合成方法,Adeel Akram,西安电子科技大学,2019-03-01,//cdmd.cnki.com.cn/Article/CDMD-10701-1020027746.htm
基于回复式神经网络的图像序列识别若干问题研究,刘丹,电子科技大学,2020-07-05,//cdmd.cnki.com.cn/Article/CDMD-10614-1021521442.htm
图像表示的多级特征提取研究与应用,万里红,上海交通大学,2017-11-01,//cdmd.cnki.com.cn/Article/CDMD-10248-1019610515.htm
基于多模式集合的季节-年际气候预测方法研究,王琳,中国地质大学,2020-07-01,//cdmd.cnki.com.cn/Article/CDMD-10491-1020446110.htm
面向稳健目标识别的玻尔兹曼机模型研究,彭轩,国防科技大学,2018-04-01,//cdmd.cnki.com.cn/Article/CDMD-91002-1020700949.htm
西夏文字数字信息化若干问题研究,孟一飞,北京交通大学,2019-03-13,//cdmd.cnki.com.cn/Article/CDMD-10004-1019204712.htm
利用深度学习技术探索心血管风险因素对视网膜微血管的影响,代光政,大连医科大学,2020-06-01,//cdmd.cnki.com.cn/Article/CDMD-10161-1020097474.htm
Deep Learning for Remote Sensing Image Processing,Pourya Shamsolmoali,上海交通大学,2018-12-01,//cdmd.cnki.com.cn/Article/CDMD-10248-1020727864.htm
低秩矩阵恢复与深度级联宽度学习系统研究,叶海良,华中科技大学,2019-05-01,//cdmd.cnki.com.cn/Article/CDMD-10487-1020412289.htm
汽车CPS大数据若干关键技术研究,陈伟宏,湖南大学,2018-11-02,//cdmd.cnki.com.cn/Article/CDMD-10532-1019826326.htm
基于双域学习与卷积池的彩色JPEG图像复原算法研究,郑博仑,浙江大学,2019-12-01,//cdmd.cnki.com.cn/Article/CDMD-10335-1020113454.htm
基于机器学习的轨迹数据道路提取方法研究,陆川伟,战略支援部队信息工程大学,2020-05-05,//cdmd.cnki.com.cn/Article/CDMD-91037-1020764383.htm
基于浮动车数据时空语义的交通状态辨识,郑珂,武汉理工大学,2019-09-01,//cdmd.cnki.com.cn/Article/CDMD-10497-1021653282.htm
面向医学影像分析的成本敏感深度学习研究,黄逸杰,上海交通大学,2020-11-17,//cdmd.cnki.com.cn/Article/CDMD-10248-1021680011.htm
快照压缩成像系统与深度学习重构方法研究,孟子艺,北京邮电大学,2021-05-17,//cdmd.cnki.com.cn/Article/CDMD-10013-1021085927.htm
基于深度学习的物体识别及机器人抓取检测方法研究,宋亚楠,华中科技大学,2020-05-01,//cdmd.cnki.com.cn/Article/CDMD-10487-1020351400.htm
三维点云去噪处理及特征描述的研究,韩先锋,天津大学,2019-11-01,//cdmd.cnki.com.cn/Article/CDMD-10056-1021716821.htm
基于深度学习的磁共振图像重建和波谱相位校正方法研究,李钊,中国科学院大学(中国科学院精密测量科学与技术创新研究院),2021-06-01,//cdmd.cnki.com.cn/Article/CDMD-80020-1021113246.htm
科技论文引用对象识别方法研究,马娜,中国科学院大学(中国科学院文献情报中心),2020-06-01,//cdmd.cnki.com.cn/Article/CDMD-80155-1021732633.htm
基于数字技术的集约型城市街区形态评价与优化方法研究,曲冰,东南大学,2020-05-01,//cdmd.cnki.com.cn/Article/CDMD-10286-1021579408.htm
基于异步式脑电的人机交互技术研究,张玉,东南大学,2020-01-07,//cdmd.cnki.com.cn/Article/CDMD-10286-1021579183.htm
高效神经网络结构搜索算法及应用,罗人千,中国科学技术大学,2021-05-25,//cdmd.cnki.com.cn/Article/CDMD-10358-1021072745.htm
基于机器视觉的产品表面缺陷检测关键算法研究,王帅,中国科学院大学(中国科学院沈阳计算技术研究所),2021-06-01,//cdmd.cnki.com.cn/Article/CDMD-80133-1021630720.htm
基于学习的视频纹理分析和合成编码,杨昆,中国科学技术大学,2021-05-01,//cdmd.cnki.com.cn/Article/CDMD-10358-1021072564.htm
数据驱动的路段行程时间估计与预测研究,张发明,武汉大学,2017-04-01,//cdmd.cnki.com.cn/Article/CDMD-10486-1017192083.htm
基于深度学习的短文本分析与计算方法研究,李岩,北京科技大学,2016-06-06,//cdmd.cnki.com.cn/Article/CDMD-10008-1016100050.htm
基于深度学习的网络流量分类及异常检测方法研究,王伟,中国科学技术大学,2018-06-01,//cdmd.cnki.com.cn/Article/CDMD-10358-1018088279.htm
一种金融市场预测的深度学习模型：FEPA模型,张承钊,电子科技大学,2016-05-17,//cdmd.cnki.com.cn/Article/CDMD-10614-1016170191.htm
面向大数据特征学习的深度计算模型研究,张清辰,大连理工大学,2015-04-01,//cdmd.cnki.com.cn/Article/CDMD-10141-1016034380.htm
深度学习下细粒度级别图像的视觉分析研究,魏秀参,南京大学,2018-05-23,//cdmd.cnki.com.cn/Article/CDMD-10284-1018151228.htm
时间序列数据分类、检索方法及应用研究,郑毅,中国科学技术大学,2015-05-01,//cdmd.cnki.com.cn/Article/CDMD-10358-1015581018.htm
卷积神经网络和迁移学习在癌症影像分析中的研究,余绍德,中国科学院大学(中国科学院深圳先进技术研究院),2018-06-01,//cdmd.cnki.com.cn/Article/CDMD-80177-1018818563.htm
基于语义的异构三维CAD模型检索,秦飞巍,浙江大学,2014-01-01,//cdmd.cnki.com.cn/Article/CDMD-10335-1014173042.htm
面向网络社区问答对的语义挖掘研究,王宝勋,哈尔滨工业大学,2013-03-01,//cdmd.cnki.com.cn/Article/CDMD-10213-1013045199.htm
复杂条件下运动目标跟踪方法的研究,程帅,长春理工大学,2016-01-01,//cdmd.cnki.com.cn/Article/CDMD-10186-1016786247.htm
CSK可视化知识表征设计、应用及效用分析,权国龙,华东师范大学,2017-05-27,//cdmd.cnki.com.cn/Article/CDMD-10269-1017102854.htm
视频监控中运动对象提取与海量对象快速检索,冯伟国,中国科学技术大学,2015-04-01,//cdmd.cnki.com.cn/Article/CDMD-10358-1015615924.htm
基于用户兴趣挖掘的个性化推荐方法研究,徐扬,山东大学,2018-10-20,//cdmd.cnki.com.cn/Article/CDMD-10422-1019013368.htm
基于多源遥感信息综合的湿地土地覆被分类研究,马玥,吉林大学,2018-06-01,//cdmd.cnki.com.cn/Article/CDMD-10183-1018213448.htm
教育语义图示的模型构建与应用验证,许哲,华东师范大学,2015-04-01,//cdmd.cnki.com.cn/Article/CDMD-10269-1015339455.htm
基于深度学习的图像隐写分析方法研究,钱银龙,中国科学技术大学,2017-09-01,//cdmd.cnki.com.cn/Article/CDMD-10358-1017283270.htm
基于机器学习的医疗文本分析挖掘技术研究,周阳,北京交通大学,2019-06-01,//cdmd.cnki.com.cn/Article/CDMD-10004-1019190229.htm
基于动态纹理和卷积神经网络的视频烟雾探测方法研究,林高华,中国科学技术大学,2018-11-05,//cdmd.cnki.com.cn/Article/CDMD-10358-1019009051.htm
基于病案数据挖掘的中风病痰热腑实特点、证效转归和证候预测研究,任丽娜,北京中医药大学,2017-05-01,//cdmd.cnki.com.cn/Article/CDMD-10026-1017178402.htm
基于深度学习的红外图像语义分割技术研究,王晨,中国科学院大学(中国科学院上海技术物理研究所),2017-04-01,//cdmd.cnki.com.cn/Article/CDMD-80143-1017824393.htm
基于深度学习的视频手语识别研究,蒲俊福,中国科学技术大学,2020-07-03,//cdmd.cnki.com.cn/Article/CDMD-10358-1020088494.htm
面向高速铁路运行安全的智能图像识别方法研究,周雯,中国铁道科学研究院,2020-07-01,//cdmd.cnki.com.cn/Article/CDMD-83801-1020089077.htm
高效调制通信系统拓展与优化研究,卢从慧,东南大学,2016-01-20,//cdmd.cnki.com.cn/Article/CDMD-10286-1016215520.htm
恶劣天气条件下的图像复原算法研究,王应龙,电子科技大学,2020-07-05,//cdmd.cnki.com.cn/Article/CDMD-10614-1020309974.htm
基于RTK技术的农业机械自动导航系统研究,蒋浩,浙江大学,2019-04-01,//cdmd.cnki.com.cn/Article/CDMD-10335-1019079057.htm
基于深度学习机制的人与物体交互活动识别技术,白琳,北京理工大学,2015-05-01,//cdmd.cnki.com.cn/Article/CDMD-10007-1016706857.htm
图像显著性检测若干关键问题研究,孙丰东,吉林大学,2019-06-01,//cdmd.cnki.com.cn/Article/CDMD-10183-1019157527.htm
基于深度学习方法的行人属性自动识别及其在监视系统行为分析中的应用,Mudassar Raza,中国科学技术大学,2017-05-01,//cdmd.cnki.com.cn/Article/CDMD-10358-1017283269.htm
基于深度学习的非受控场景下人耳检测和识别,张义,北京科技大学,2018-06-06,//cdmd.cnki.com.cn/Article/CDMD-10008-1018215776.htm
融合深度特征的人体行为识别技术研究及其在视频侦查中的应用,徐增敏,武汉大学,2020-06-01,//cdmd.cnki.com.cn/Article/CDMD-10486-1019608233.htm
基于深度学习的铁路图像智能分析关键技术研究与应用,赵冰,中国铁道科学研究院,2020-06-01,//cdmd.cnki.com.cn/Article/CDMD-83801-1020089085.htm
基于深度学习的自动驾驶单目视觉目标识别技术研究,陈宇鹏,吉林大学,2019-06-01,//cdmd.cnki.com.cn/Article/CDMD-10183-1019157528.htm
基于深度学习的行人重识别算法研究,罗浩,浙江大学,2020-06-11,//cdmd.cnki.com.cn/Article/CDMD-10335-1020072034.htm
甲烷水汽重整动力学研究及抗积碳催化剂设计,柯昌明,中国科学技术大学,2020-06-18,//cdmd.cnki.com.cn/Article/CDMD-10358-1020088890.htm
面向有限平行语料资源的神经机器翻译方法研究,王怡君,中国科学技术大学,2019-11-01,//cdmd.cnki.com.cn/Article/CDMD-10358-1019263297.htm
基于卷积神经网络的生物医学信号分类与重构,焦志成,西安电子科技大学,2018-04-01,//cdmd.cnki.com.cn/Article/CDMD-10701-1019002982.htm
智能电磁隐身和超散射的实验研究,钱超,浙江大学,2020-07-01,//cdmd.cnki.com.cn/Article/CDMD-10335-1020367785.htm
聋哑人手语识别关键技术研究,梁智杰,华中师范大学,2019-06-01,//cdmd.cnki.com.cn/Article/CDMD-10511-1019253017.htm
深度信念网络结构优化设计方法与应用,王功明,北京工业大学,2019-06-01,//cdmd.cnki.com.cn/Article/CDMD-10005-1020713067.htm
基于像素信息和深度学习的遥感图像变化检测技术,苏临之,西安电子科技大学,2016-09-01,//cdmd.cnki.com.cn/Article/CDMD-10701-1018085798.htm
基于深度学习的四川会理“拉拉式”铜矿找矿预测研究,张士红,中国地质大学(北京),2020-06-01,//cdmd.cnki.com.cn/Article/CDMD-11415-1020049063.htm
区域三维地质建模方法与建模系统研究,冉祥金,吉林大学,2020-05-01,//cdmd.cnki.com.cn/Article/CDMD-10183-1020343712.htm
基于深度融合网络学习的多源遥感图像分类,刘旭,西安电子科技大学,2019-04-01,//cdmd.cnki.com.cn/Article/CDMD-10701-1020000594.htm
船舶机舱协作式模拟训练智能评价方法研究,段尊雷,大连海事大学,2017-07-01,//cdmd.cnki.com.cn/Article/CDMD-10151-1017302380.htm
基于数据驱动的锂离子电池剩余寿命融合预测方法研究,刘月峰,哈尔滨工业大学,2020-04-01,//cdmd.cnki.com.cn/Article/CDMD-10213-1020401249.htm
认知任务下的脑电动力学分析,马小飞,南京大学,2017-05-01,//cdmd.cnki.com.cn/Article/CDMD-10284-1017097461.htm
基于深度学习的网络异常检测技术研究,尹传龙,战略支援部队信息工程大学,2018-04-15,//cdmd.cnki.com.cn/Article/CDMD-91037-1018841732.htm
面向稀疏数据的多视图个性化推荐方法研究,袁卫华,山东师范大学,2018-06-10,//cdmd.cnki.com.cn/Article/CDMD-10445-1018186264.htm
基于机器学习构建2型糖尿病并发肾脏病中西医多模态特征融合预测模型,夏庭伟,成都中医药大学,2020-06-01,//cdmd.cnki.com.cn/Article/CDMD-10633-1020417408.htm
深度神经网络的训练优化方法研究,袁群勇,华南理工大学,2020-06-16,//cdmd.cnki.com.cn/Article/CDMD-10561-1020334163.htm
多模态数据分类与检索的关键技术研究,李钊,北京交通大学,2018-03-01,//cdmd.cnki.com.cn/Article/CDMD-10004-1018144601.htm
基于深度学习的极化SAR图像分类和变化检测,刘芳,西安电子科技大学,2017-11-01,//cdmd.cnki.com.cn/Article/CDMD-10701-1018046185.htm
面向知识库问答的自然语言语义特征表示研究,王智昊,山东师范大学,2017-06-06,//cdmd.cnki.com.cn/Article/CDMD-10445-1017240315.htm
基于网络信息的社团发现关键技术研究,刘唯一,电子科技大学,2019-03-22,//cdmd.cnki.com.cn/Article/CDMD-10614-1019851410.htm
基于异构数据融合的服务发现与推荐研究,梁婷婷,浙江大学,2019-06-01,//cdmd.cnki.com.cn/Article/CDMD-10335-1019093106.htm
图像自动标注关键技术研究,臧淼,北京邮电大学,2017-06-26,//cdmd.cnki.com.cn/Article/CDMD-10013-1017293643.htm
生成式对抗网络研究及其应用,李卓蓉,浙江工业大学,2018-04-01,//cdmd.cnki.com.cn/Article/CDMD-10337-1019828918.htm
深度学习在糖网病筛查中的研究与应用,周磊,上海交通大学,2018-07-24,//cdmd.cnki.com.cn/Article/CDMD-10248-1019640731.htm
面向商品评论的文本智能理解,陈龙,西北大学,2019-06-01,//cdmd.cnki.com.cn/Article/CDMD-10697-1019613771.htm
基于深度学习的高空间分辨率遥感影像分类方法研究,陶翊婷,武汉大学,2019-05-01,//cdmd.cnki.com.cn/Article/CDMD-10486-1019607859.htm
基于深度学习的智能汽车容错感知与决策控制方法研究,岳泊暄,浙江大学,2018-04-01,//cdmd.cnki.com.cn/Article/CDMD-10335-1019065967.htm
海量天文光谱数据中白矮主序双星的发现研究,王文玉,山东大学,2015-06-30,//cdmd.cnki.com.cn/Article/CDMD-10422-1015371048.htm
基于多传感器的奶牛个体信息感知与体况评分方法研究,黄小平,中国科学技术大学,2020-03-01,//cdmd.cnki.com.cn/Article/CDMD-10358-1020092777.htm
区域尺度地震速度与衰减成像新方法及应用,胡景,中国科学技术大学,2020-10-01,//cdmd.cnki.com.cn/Article/CDMD-10358-1020158899.htm
统计机器翻译领域自适应的研究,崔磊,哈尔滨工业大学,2014-12-01,//cdmd.cnki.com.cn/Article/CDMD-10213-1015957458.htm
基于深度学习的人工智能技术在肾动脉狭窄中的应用,高彬洋,北京协和医学院,2019-06-01,//cdmd.cnki.com.cn/Article/CDMD-10023-1019267479.htm
基于内镜图像的消化道病变自动识别与注释方法研究,刘丁赟,电子科技大学,2019-11-01,//cdmd.cnki.com.cn/Article/CDMD-10614-1020716345.htm
面向复杂路面的车道线智能检测方法研究,张翔,重庆大学,2019-06-01,//cdmd.cnki.com.cn/Article/CDMD-10611-1019906864.htm
基于机器学习的结直肠癌预后模型及其泛化能力研究,池胜强,浙江大学,2019-04-25,//cdmd.cnki.com.cn/Article/CDMD-10335-1019075998.htm
有限空间人因参数监测与预警装备研究,于露,北京科技大学,2019-11-15,//cdmd.cnki.com.cn/Article/CDMD-10008-1020006646.htm
软件定义网络多媒体服务建模与优化,朱坤杰,中国科学技术大学,2018-05-01,//cdmd.cnki.com.cn/Article/CDMD-10358-1018088280.htm
锥束CT智能精准引导放射治疗关键问题研究,梁晓坤,中国科学院大学(中国科学院深圳先进技术研究院),2021-06-01,//cdmd.cnki.com.cn/Article/CDMD-80177-1021647335.htm
基于机器学习的医学影像模态转换及其临床应用,李雅芬,中国科学院大学(中国科学院深圳先进技术研究院),2021-06-01,//cdmd.cnki.com.cn/Article/CDMD-80177-1021647322.htm
基于MRI的膀胱癌分期及预后判断-计算机辅助诊断模型的应用研究,徐帅帅,上海交通大学,2020-05-01,//cdmd.cnki.com.cn/Article/CDMD-10248-1021677122.htm
视频帧率上变换的递推建模与深度学习方法研究,包文博,上海交通大学,2020-05-20,//cdmd.cnki.com.cn/Article/CDMD-10248-1021676471.htm
认知型口语交互系统中的对话管理技术,陈露,上海交通大学,2020-05-17,//cdmd.cnki.com.cn/Article/CDMD-10248-1021676452.htm
神经网络在时间序列与时空序列流量预测中的应用与研究,田楚杰,北京邮电大学,2021-06-20,//cdmd.cnki.com.cn/Article/CDMD-10013-1021085898.htm
基于特征学习的数字图像篡改盲取证技术研究,王心怡,北京邮电大学,2021-06-02,//cdmd.cnki.com.cn/Article/CDMD-10013-1021085959.htm
移动互联网身份认证关键技术研究,落红卫,北京邮电大学,2021-05-31,//cdmd.cnki.com.cn/Article/CDMD-10013-1021085948.htm
城市时空数据预测中的深度元学习算法研究,潘哲逸,上海交通大学,2020-08-02,//cdmd.cnki.com.cn/Article/CDMD-10248-1021679651.htm
面向天基电磁信号识别的深度学习方法,崔天舒,中国科学院大学(中国科学院国家空间科学中心),2021-06-01,//cdmd.cnki.com.cn/Article/CDMD-80073-1021108564.htm
基于深度学习的SAR图像目标识别与分类,陈琳,山东大学,2021-05-30,//cdmd.cnki.com.cn/Article/CDMD-10422-1021033391.htm
基于轮廓推断与稀疏学习的复杂病理图像个体细胞分割方法,宋杰,南京理工大学,2019-03-01,//cdmd.cnki.com.cn/Article/CDMD-10288-1021706296.htm
基于深度学习的藏文古籍木刻本文字识别研究,仁青东主,西藏大学,2021-05-25,//cdmd.cnki.com.cn/Article/CDMD-10694-1021699597.htm
装配线仿真与装配件检测关键技术研究及应用,王帅,中国科学院大学(中国科学院沈阳计算技术研究所),2021-06-01,//cdmd.cnki.com.cn/Article/CDMD-80133-1021630721.htm
基于深度学习的常见苹果叶片病害识别与病斑分割方法研究,晁晓菲,西北农林科技大学,2021-05-01,//cdmd.cnki.com.cn/Article/CDMD-10712-1021711360.htm
新型深度森林模型的研究,庞明,南京大学,2020-09-20,//cdmd.cnki.com.cn/Article/CDMD-10284-1021663527.htm
基于深度学习的林地分类与动态变化模拟技术研究,张劳模,中国林业科学研究院,2020-05-01,//cdmd.cnki.com.cn/Article/CDMD-82201-1021112957.htm
基于深度学习的通信信号智能盲检测与识别技术研究,李润东,电子科技大学,2021-04-08,//cdmd.cnki.com.cn/Article/CDMD-10614-1021744073.htm
基于数据分析的入体液分泌蛋白预测研究,邵丹,吉林大学,2021-06-01,//cdmd.cnki.com.cn/Article/CDMD-10183-1021102450.htm
基于联合稀疏表示和深度学习的SAR图像目标识别方法研究,靳黎忠,太原理工大学,2020-12-01,//cdmd.cnki.com.cn/Article/CDMD-10112-1021804556.htm
基于框架语义表示的关系抽取技术研究,赵红燕,山西大学,2021-06-01,//cdmd.cnki.com.cn/Article/CDMD-10108-1021693279.htm
基于深度学习的植物工厂幼苗表型信息获取及定植装备研究,施玮囡,浙江大学,2019-10-01,//cdmd.cnki.com.cn/Article/CDMD-10335-1021813644.htm
无人机序列图像目标位姿估计方法及应用,唐邓清,国防科技大学,2019-10-01,//cdmd.cnki.com.cn/Article/CDMD-91002-1021828423.htm
基于深度学习的流场原位可视化关键技术研究,刘杨,国防科技大学,2020-06-01,//cdmd.cnki.com.cn/Article/CDMD-91002-1021828348.htm
基于无人机高光谱遥感的草原退化指标地物的识别与分类研究,皮伟强,内蒙古农业大学,2021-06-01,//cdmd.cnki.com.cn/Article/CDMD-10129-1021758215.htm
霉变花生高光谱图像识别方法研究,亓晓彤,中国矿业大学(北京),2020-03-21,//cdmd.cnki.com.cn/Article/CDMD-11413-1021106075.htm
盐渍化耕地秸秆覆盖下夏玉米灌施定额的研究,张万锋,内蒙古农业大学,2021-06-01,//cdmd.cnki.com.cn/Article/CDMD-10129-1021758279.htm
比较不同CT扫描剂量肺结节测量和检出的体模研究,杜煜,河北医科大学,2021-04-01,//cdmd.cnki.com.cn/Article/CDMD-10089-1021847408.htm
基于影像组学的肿瘤预后因子术前无创预测研究,韩玉齐,西安电子科技大学,2020-10-01,//cdmd.cnki.com.cn/Article/CDMD-10701-1021034266.htm
基于机器视觉技术的稻麦籽粒外观品质评测研究,武威,扬州大学,2021-05-01,//cdmd.cnki.com.cn/Article/CDMD-11117-1021147121.htm
基于深度学习的多视角表达学习技术研究,徐偲,西安电子科技大学,2020-12-01,//cdmd.cnki.com.cn/Article/CDMD-10701-1021034230.htm
小样本复杂三维材料组织图像分割方法研究与应用,马博渊,北京科技大学,2020-10-20,//cdmd.cnki.com.cn/Article/CDMD-10008-1021001351.htm
基于荧光高光谱成像和机器学习的胃癌早期诊断方法研究,黎远鹏,暨南大学,2019-05-16,//cdmd.cnki.com.cn/Article/CDMD-10559-1021513537.htm
基于深度学习方法的建筑用能数据分析研究,田晨璐,山东建筑大学,2020-12-01,//cdmd.cnki.com.cn/Article/CDMD-10430-1021002478.htm
手机功耗及温度的建模分析与智能控制,代雨婷,贵州大学,2019-12-01,//cdmd.cnki.com.cn/Article/CDMD-10657-1020723996.htm
基于时间反演的高精度室内定位技术研究,郑莉莉,华南理工大学,2020-07-03,//cdmd.cnki.com.cn/Article/CDMD-10561-1021546292.htm
基于机器学习的非限制条件下猪脸识别研究,燕红文,山西农业大学,2019-05-01,//cdmd.cnki.com.cn/Article/CDMD-10113-1020038675.htm
Research on Zero-Shot Image Learning,于云龙,天津大学,2019-05-01,//cdmd.cnki.com.cn/Article/CDMD-10056-1020433435.htm
面向云系统性能优化的学习增强设计研究,李昭,中国科学技术大学,2021-03-07,//cdmd.cnki.com.cn/Article/CDMD-10358-1021041056.htm
基于深度学习的光学遥感图像去噪与超分辨率重建算法研究,冯旭斌,中国科学院大学(中国科学院西安光学精密机械研究所),2020-12-01,//cdmd.cnki.com.cn/Article/CDMD-80142-1021512612.htm
基于机器学习的心律失常识别问题关键技术的研究,杨萍,北京工业大学,2020-06-01,//cdmd.cnki.com.cn/Article/CDMD-10005-1021563831.htm
细胞视频图像动态形变度量及分类关键技术研究,李衡,北京理工大学,2018-06-01,//cdmd.cnki.com.cn/Article/CDMD-10007-1021568401.htm
高速铁路安全文本大数据分析方法研究,李新琴,中国铁道科学研究院,2020-06-01,//cdmd.cnki.com.cn/Article/CDMD-83801-1020089090.htm
深度学习光学合成孔径共相误差检测技术研究,马霞飞,中国科学院大学(中国科学院光电技术研究所),2021-06-01,//cdmd.cnki.com.cn/Article/CDMD-80151-1021611264.htm
相似性特征识别的网络流量异常检测技术研究,岳欣,天津理工大学,2021-06-01,//cdmd.cnki.com.cn/Article/CDMD-10060-1021595244.htm
文本分类技术在文献筛检及质性研究中的应用研究,井奚月,天津医科大学,2019-05-01,//cdmd.cnki.com.cn/Article/CDMD-10062-1019632822.htm
选择性激光熔化过程的状态监测方法研究,叶冬森,中国科学技术大学,2018-09-01,//cdmd.cnki.com.cn/Article/CDMD-10358-1018313811.htm
基于多层次语义信息的遥感影像检索,刘军,武汉大学,2018-11-01,//cdmd.cnki.com.cn/Article/CDMD-10486-1019016409.htm
深度学习技术在搭建医学影像标准化平台过程中的应用价值研究,陈佳庚,天津医科大学,2018-05-01,//cdmd.cnki.com.cn/Article/CDMD-10062-1018883616.htm
中文连续手写识别中若干问题研究,汪子锐,中国科学技术大学,2020-05-01,//cdmd.cnki.com.cn/Article/CDMD-10358-1020088503.htm
生物医学文本挖掘若干关键技术研究,罗凌,大连理工大学,2019-09-05,//cdmd.cnki.com.cn/Article/CDMD-10141-1019243489.htm
面向大数据特征学习的深度卷积计算模型研究,李朋,大连理工大学,2019-12-12,//cdmd.cnki.com.cn/Article/CDMD-10141-1020000228.htm
基于深度学习和回归模型的视觉目标跟踪算法研究,陈凯,华中科技大学,2018-05-01,//cdmd.cnki.com.cn/Article/CDMD-10487-1018210577.htm
基于街景影像的人本尺度街道空间规划理论与方法,杜坤,武汉大学,2020-06-01,//cdmd.cnki.com.cn/Article/CDMD-10486-1020966821.htm
基于深度学习的云南野生鸟类图像细粒度识别,赵毅力,云南大学,2018-05-01,//cdmd.cnki.com.cn/Article/CDMD-10673-1018246731.htm
社交多媒体数据语义理解和关联表达,吴岳,中国科学技术大学,2017-05-01,//cdmd.cnki.com.cn/Article/CDMD-10358-1017065332.htm
城市多组态电大目标电磁散射机理及分类识别研究,郑军生,中国工程物理研究院,2020-05-10,//cdmd.cnki.com.cn/Article/CDMD-82818-1020094666.htm
基于机器学习的医学图像非线性配准技术研究,曹晓欢,西北工业大学,2018-06-01,//cdmd.cnki.com.cn/Article/CDMD-10699-1020706652.htm
点线融合三维重建技术及深度孪生网络图像识别方法研究,沈雁,湖南大学,2018-05-15,//cdmd.cnki.com.cn/Article/CDMD-10532-1018145792.htm
基于深度学习的自然场景表情识别研究,严经纬,东南大学,2018-12-01,//cdmd.cnki.com.cn/Article/CDMD-10286-1019620292.htm
基于深度学习的人脸美丽吸引力评价与分析,林洛君,华南理工大学,2020-04-17,//cdmd.cnki.com.cn/Article/CDMD-10561-1020334210.htm
基于深度特征的腹部CT影像肝脏占位性病变辅助诊断研究,夏开建,中国矿业大学,2020-07-01,//cdmd.cnki.com.cn/Article/CDMD-10290-1020826616.htm
贵州省思南县地质灾害危险性评价研究,胡涛,中国地质大学,2020-06-01,//cdmd.cnki.com.cn/Article/CDMD-10491-1020446126.htm
语义分割及其在图像检索中的应用,苏雯,中国科学技术大学,2018-04-01,//cdmd.cnki.com.cn/Article/CDMD-10358-1018095995.htm
基于上下文位置的文本匹配若干关键技术研究,宋扬,华东师范大学,2019-05-10,//cdmd.cnki.com.cn/Article/CDMD-10621-1019835557.htm
基于弱监督学习的物体检测及其在图像分类中的应用,唐芃,华中科技大学,2019-05-23,//cdmd.cnki.com.cn/Article/CDMD-10487-1019617955.htm
基于光纤传感的微震信号采集和识别与震源定位研究,宋广东,中国矿业大学(北京),2019-04-03,//cdmd.cnki.com.cn/Article/CDMD-11413-1019064330.htm
互联网图像高效标注和解译的关键技术研究,夏丁胤,浙江大学,2010-04-01,//cdmd.cnki.com.cn/Article/CDMD-10335-1011057091.htm
深度卷积学习支持下的建筑物模式分析,晏雄锋,武汉大学,2019-05-01,//cdmd.cnki.com.cn/Article/CDMD-10486-1019608272.htm
基于深度学习的管道漏磁信号智能识别方法研究,王竹筠,沈阳工业大学,2019-09-17,//cdmd.cnki.com.cn/Article/CDMD-10142-1020112384.htm
全国矿产资源潜力评价成果数据管理共享系统关键技术研究及应用,宋相龙,中国地质科学院,2019-05-28,//cdmd.cnki.com.cn/Article/CDMD-82501-1019157202.htm
基于机器学习的视觉显著性检测研究,周晓飞,上海大学,2018-03-01,//cdmd.cnki.com.cn/Article/CDMD-10280-1018271585.htm
自然图像构图分析和美学评价,张晓丹,西安电子科技大学,2019-09-01,//cdmd.cnki.com.cn/Article/CDMD-10701-1020035961.htm
基于网络日志的师范生自主学习研究,张治勇,陕西师范大学,2012-05-01,//cdmd.cnki.com.cn/Article/CDMD-10718-1013297000.htm
基于深度学习的车辆检测及其细粒度分类关键技术研究,余少勇,厦门大学,2017-09-01,//cdmd.cnki.com.cn/Article/CDMD-10384-1017266111.htm
基于图的鲁棒子空间学习问题研究,李晶晶,电子科技大学,2017-06-23,//cdmd.cnki.com.cn/Article/CDMD-10614-1018055141.htm
基于行为分析的恶意软件检测方法研究,肖飞,北京邮电大学,2020-02-21,//cdmd.cnki.com.cn/Article/CDMD-10013-1020162518.htm
面向智能交通的目标检测与跟踪,杨诗宇,东华大学,2018-03-01,//cdmd.cnki.com.cn/Article/CDMD-10255-1018995743.htm
基于深度学习的海洋藻类偏振特征提取与分类研究,李显鹏,清华大学,2018-10-01,//cdmd.cnki.com.cn/Article/CDMD-10003-1020723801.htm
像素、特征和语义层的视频背景减除算法研究,黄震坤,武汉大学,2017-05-01,//cdmd.cnki.com.cn/Article/CDMD-10486-1017072001.htm
基于推扫式星载相机的颤振估计和图像补偿,张兆祥,哈尔滨工业大学,2020-05-01,//cdmd.cnki.com.cn/Article/CDMD-10213-1020401787.htm
数据驱动的复杂连续过程监测方法,汪子扬,浙江大学,2019-06-01,//cdmd.cnki.com.cn/Article/CDMD-10335-1020072153.htm
面向三维模型检索的多视图特征学习方法研究,王栋,哈尔滨工业大学,2019-12-01,//cdmd.cnki.com.cn/Article/CDMD-10213-1020401349.htm
基于深度学习的自然场景图像中文字检测的研究和应用,钟卓耀,华南理工大学,2020-04-17,//cdmd.cnki.com.cn/Article/CDMD-10561-1020334211.htm
基于深度学习的掌纹识别技术研究,柴婷婷,北京交通大学,2020-06-01,//cdmd.cnki.com.cn/Article/CDMD-10004-1020444536.htm
基于卷积神经网络的胃镜图像理解中若干关键问题研究与实践,张旭,浙江大学,2020-10-30,//cdmd.cnki.com.cn/Article/CDMD-10335-1021700841.htm
高频复合超声扫描探针显微镜细胞亚结构成像与融合方法研究,李晓庆,华中科技大学,2020-05-07,//cdmd.cnki.com.cn/Article/CDMD-10487-1020351438.htm
基于深度学习的毫米波探测系统自动目标识别方法研究,马益路,南京理工大学,2019-06-01,//cdmd.cnki.com.cn/Article/CDMD-10288-1021706511.htm
面向不同监督条件下的行人再识别关键问题研究,丁国栋,南京理工大学,2019-12-01,//cdmd.cnki.com.cn/Article/CDMD-10288-1021706221.htm
基于机器学习的逆半色调技术研究,张燕,西安理工大学,2017-06-30,//cdmd.cnki.com.cn/Article/CDMD-10700-1021701042.htm
基于三维数据的人体动作识别技术研究,李传坤,天津大学,2019-11-28,//cdmd.cnki.com.cn/Article/CDMD-10056-1021721430.htm
基于机器学习的金融时间序列分析方法及其应用,谢琪,武汉科技大学,2020-11-01,//cdmd.cnki.com.cn/Article/CDMD-10488-1021055678.htm
B5G高速移动通信自适应传输理论方法研究,陈晓,东南大学,2020-06-15,//cdmd.cnki.com.cn/Article/CDMD-10286-1021579469.htm
具备高度可解释性与泛化性能的模糊分类方法研究,秦斌,江南大学,2021-06-01,//cdmd.cnki.com.cn/Article/CDMD-10295-1021756480.htm
基于机器学习的场景理解关键技术研究,杨峰,电子科技大学,2021-04-19,//cdmd.cnki.com.cn/Article/CDMD-10614-1021744071.htm
面向短文本的情感分析关键技术研究,邓钰,电子科技大学,2021-04-22,//cdmd.cnki.com.cn/Article/CDMD-10614-1021744135.htm
线列红外成像系统目标检测关键技术研究,楼晨风,中国科学院大学(中国科学院上海技术物理研究所),2021-06-01,//cdmd.cnki.com.cn/Article/CDMD-80143-1021705543.htm
网络流量模型及异常检测技术研究,周琨,电子科技大学,2021-05-21,//cdmd.cnki.com.cn/Article/CDMD-10614-1021744213.htm
基于震动感知的运动目标识别关键技术研究,宾康成,吉林大学,2021-09-01,//cdmd.cnki.com.cn/Article/CDMD-10183-1021770632.htm
基于压缩感知和深度学习的磁共振图像重建算法研究,邱文渊,浙江大学,2021-03-19,//cdmd.cnki.com.cn/Article/CDMD-10335-1021787492.htm
基于深度学习的数字图像内容篡改定位算法研究,石泽男,吉林大学,2021-05-01,//cdmd.cnki.com.cn/Article/CDMD-10183-1021102449.htm
基于降维和深度学习方法的温度分布重建,陈敏鑫,华北电力大学(北京),2021-07-01,//cdmd.cnki.com.cn/Article/CDMD-11412-1021129637.htm
无线网络智能感知与切片资源管理研究,华郁秀,浙江大学,2021-06-10,//cdmd.cnki.com.cn/Article/CDMD-10335-1021787620.htm
有限监督场景图像识别若干关键技术研究,陈超,浙江大学,2021-06-01,//cdmd.cnki.com.cn/Article/CDMD-10335-1021789883.htm
基于深度学习的脑功能连接挖掘方法及脑老化应用研究,温昕,太原理工大学,2020-12-01,//cdmd.cnki.com.cn/Article/CDMD-10112-1021804587.htm
独立运行风光柴储微电网多目标容量优化配置研究,刘慧文,内蒙古工业大学,2021-06-01,//cdmd.cnki.com.cn/Article/CDMD-10128-1021805610.htm
基于深度学习的交通流运行风险评估方法研究,李海涛,吉林大学,2021-06-01,//cdmd.cnki.com.cn/Article/CDMD-10183-1021094550.htm
基于深度学习的空间站舱内航天员智能检测与跟踪研究,张锐,国防科技大学,2019-09-01,//cdmd.cnki.com.cn/Article/CDMD-91002-1021828349.htm
基于深度学习的超宽带雷达人体行为辨识研究,杜浩,国防科技大学,2020-04-01,//cdmd.cnki.com.cn/Article/CDMD-91002-1021828354.htm
无监督视频行为聚类方法研究,彭勃,天津大学,2020-05-01,//cdmd.cnki.com.cn/Article/CDMD-10056-1021824934.htm
基于深度学习的低质图像增强和复原算法研究,郭春乐,天津大学,2020-05-01,//cdmd.cnki.com.cn/Article/CDMD-10056-1021825138.htm
面向城市计算的时空数据挖掘关键技术研究,徐颖,国防科技大学,2019-12-01,//cdmd.cnki.com.cn/Article/CDMD-91002-1021828508.htm
基于时频图像识别的滚动轴承故障诊断方法研究,杜岩,中国矿业大学(北京),2020-03-20,//cdmd.cnki.com.cn/Article/CDMD-11413-1021106038.htm
基于非对称判别相关滤波器的目标跟踪算法研究,李水旺,四川大学,2021-02-01,//cdmd.cnki.com.cn/Article/CDMD-10610-1021833994.htm
基于深度学习算法的RNA结构特征和功能预测,孙赛赛,南开大学,2021-05-01,//cdmd.cnki.com.cn/Article/CDMD-10055-1021729694.htm
高分辨率遥感图像深度学习分类方法研究,何楠君,湖南大学,2020-04-20,//cdmd.cnki.com.cn/Article/CDMD-10532-1020405967.htm
面向自主驾驶场景感知的循环神经架构,何振,国防科技大学,2019-12-01,//cdmd.cnki.com.cn/Article/CDMD-91002-1021828528.htm
深度跨模态哈希检索方法及其安全性研究,李超,西安电子科技大学,2020-12-01,//cdmd.cnki.com.cn/Article/CDMD-10701-1021034328.htm
集成的机器学习算法在人脸属性预测中的研究与应用,段明星,国防科技大学,2019-09-01,//cdmd.cnki.com.cn/Article/CDMD-91002-1021828500.htm
基于深度学习的高光谱图像超分辨率重建与分类方法研究,郑珂,中国矿业大学(北京),2019-04-01,//cdmd.cnki.com.cn/Article/CDMD-11413-1020080188.htm
水下目标识别分类方法研究,何鸣,哈尔滨工程大学,2019-03-01,//cdmd.cnki.com.cn/Article/CDMD-10217-1020159025.htm
基于深度学习的三维工件识别关键技术研究,刘富强,哈尔滨工程大学,2020-03-01,//cdmd.cnki.com.cn/Article/CDMD-10217-1020160662.htm
基于深度学习的舰船目标识别研究,黄思哲,哈尔滨工程大学,2019-11-16,//cdmd.cnki.com.cn/Article/CDMD-10217-1020160675.htm
基于卷积神经网络的中医舌象辨识人工智能方法学研究,刘婧玮,北京中医药大学,2020-06-01,//cdmd.cnki.com.cn/Article/CDMD-10026-1021011548.htm
运用深度学习和统计学习方法预测库岸滑坡变形,李骅锦,成都理工大学,2020-04-01,//cdmd.cnki.com.cn/Article/CDMD-10616-1021526175.htm
面向真实图像恢复的降质建模与算法设计,陈畅,中国科学技术大学,2021-05-21,//cdmd.cnki.com.cn/Article/CDMD-10358-1021076403.htm
面向知识库查询的语义解析方法研究,王润泽,中国科学技术大学,2021-05-11,//cdmd.cnki.com.cn/Article/CDMD-10358-1021076409.htm
基于单元向量表征的拼接语音合成方法研究,周骁,中国科学技术大学,2021-05-24,//cdmd.cnki.com.cn/Article/CDMD-10358-1021076401.htm
基于深度神经网络的语音识别模型研究,张仕良,中国科学技术大学,2017-06-01,//cdmd.cnki.com.cn/Article/CDMD-10358-1017065338.htm
基于卷积神经网络的计算机视觉关键技术研究,李彦冬,电子科技大学,2017-03-15,//cdmd.cnki.com.cn/Article/CDMD-10614-1017076400.htm
基于深度卷积神经网络的图像分类方法研究及应用,高震宇,中国科学技术大学,2018-02-01,//cdmd.cnki.com.cn/Article/CDMD-10358-1018048731.htm
基于图像分析和深度学习的船名标识字符检测与识别研究,刘宝龙,浙江大学,2018-07-01,//cdmd.cnki.com.cn/Article/CDMD-10335-1018254761.htm
基于Gabor滤波的虹膜多特征提取及融合识别方法研究,何飞,吉林大学,2015-06-01,//cdmd.cnki.com.cn/Article/CDMD-10183-1015587889.htm
图像视频复杂场景中文字检测识别方法研究,颜建强,西安电子科技大学,2014-05-30,//cdmd.cnki.com.cn/Article/CDMD-10701-1014432484.htm
数据驱动的滚动轴承故障特征分析与诊断方法研究,俞啸,中国矿业大学,2017-12-01,//cdmd.cnki.com.cn/Article/CDMD-10290-1018804524.htm
时间序列数据挖掘中的特征表示与分类方法的研究,胡宇鹏,山东大学,2018-10-20,//cdmd.cnki.com.cn/Article/CDMD-10422-1019008645.htm
区域综合能源系统供需预测及优化运行技术研究,史佳琪,华北电力大学(北京),2019-06-01,//cdmd.cnki.com.cn/Article/CDMD-11412-1019239843.htm
基于深度学习的瓦斯时间序列预测与异常检测,王书芹,中国矿业大学,2018-12-11,//cdmd.cnki.com.cn/Article/CDMD-10290-1019812115.htm
数据资产价值分析模型与交易体系研究,张驰,北京交通大学,2018-06-01,//cdmd.cnki.com.cn/Article/CDMD-10004-1018131061.htm
基于深度学习和面部多源动态行为融合的驾驶员疲劳检测方法研究,赵磊,山东大学,2018-05-20,//cdmd.cnki.com.cn/Article/CDMD-10422-1018117983.htm
智慧制造环境下感知数据驱动的加工作业主动调度方法研究,张存吉,华南理工大学,2016-10-18,//cdmd.cnki.com.cn/Article/CDMD-10561-1017805853.htm
多源遥感数据测绘应用关键技术研究,芮杰,中国科学院大学(中国科学院遥感与数字地球研究所),2017-05-01,//cdmd.cnki.com.cn/Article/CDMD-80070-1017721023.htm
基于深度学习和迁移学习的电力数据挖掘技术研究,王毅星,浙江大学,2019-06-26,//cdmd.cnki.com.cn/Article/CDMD-10335-1019047756.htm
深度卷积神经网络在遥感影像分类的应用研究,王海军,中国地质大学(北京),2018-04-01,//cdmd.cnki.com.cn/Article/CDMD-11415-1018015317.htm
单目图像的深度估计,田虎,北京邮电大学,2015-06-15,//cdmd.cnki.com.cn/Article/CDMD-10013-1016015667.htm
太阳能电池片表面缺陷高效检测系统研究,范程华,安徽大学,2019-09-01,//cdmd.cnki.com.cn/Article/CDMD-10357-1020014690.htm
基于深度学习的高光谱影像分类方法研究,马晓瑞,大连理工大学,2017-03-01,//cdmd.cnki.com.cn/Article/CDMD-10141-1017035052.htm
室外移动机器人的道路场景识别及路径规划研究,吴宗胜,西安理工大学,2017-06-30,//cdmd.cnki.com.cn/Article/CDMD-10700-1017853848.htm
浙江近岸海域海洋生态环境时空分析及预测关鍵抆术研究,曹敏杰,浙江大学,2015-06-10,//cdmd.cnki.com.cn/Article/CDMD-10335-1015321848.htm
基于机器学习的海面盐度遥感反演模型,徐朝,中国地质大学(北京),2016-05-01,//cdmd.cnki.com.cn/Article/CDMD-11415-1016068107.htm
基于深度学习的人脸表情识别方法研究,杨雨浓,西北大学,2017-06-01,//cdmd.cnki.com.cn/Article/CDMD-10697-1017270095.htm
基于深度学习的猪只目标检测及状态分析,宋伟先,东北农业大学,2019-06-01,//cdmd.cnki.com.cn/Article/CDMD-10224-1019172994.htm
基于深度学习的高维稀疏数据分类研究与应用,姜明洋,吉林大学,2019-11-01,//cdmd.cnki.com.cn/Article/CDMD-10183-1020011067.htm
基于航空遥感的交通信息监测关键技术研究,张帅毅,西南交通大学,2015-04-01,//cdmd.cnki.com.cn/Article/CDMD-10613-1015348502.htm
数据驱动的图像感知和质量评价方法,樊春玲,中国科学院大学(中国科学院深圳先进技术研究院),2019-12-01,//cdmd.cnki.com.cn/Article/CDMD-80177-1019955024.htm
高校青年英语教师“转化性学习”案例研究,陶伟,苏州大学,2016-03-01,//cdmd.cnki.com.cn/Article/CDMD-10285-1016221571.htm
基于深度学习的中文词表示学习技术研究,庄航,中国科学技术大学,2018-08-22,//cdmd.cnki.com.cn/Article/CDMD-10358-1018313797.htm
基于视觉注意的驾驶场景显著性检测模型研究,邓涛,电子科技大学,2018-03-23,//cdmd.cnki.com.cn/Article/CDMD-10614-1018975114.htm
基于深度学习的场景文字检测,刘战东,中国科学技术大学,2019-10-22,//cdmd.cnki.com.cn/Article/CDMD-10358-1019265962.htm
基于深度学习的VIIRS卫星全球海洋叶绿素a浓度反演,于博文,中国地质大学(北京),2019-05-01,//cdmd.cnki.com.cn/Article/CDMD-11415-1019136040.htm
基于智能技术的一类非线性系统故障诊断与预测方法研究,余萍,兰州理工大学,2020-06-10,//cdmd.cnki.com.cn/Article/CDMD-10731-1020767453.htm
基于深度学习的多模态核磁共振脑影像分割方法及应用研究,侯蓓蓓,北京邮电大学,2020-11-04,//cdmd.cnki.com.cn/Article/CDMD-10013-1020162429.htm
基于深度学习和强化学习的对话模型研究,徐聪,北京科技大学,2019-12-20,//cdmd.cnki.com.cn/Article/CDMD-10008-1020006670.htm
光学遥感图像典型目标检测方法研究,吴迪,哈尔滨工业大学,2019-06-01,//cdmd.cnki.com.cn/Article/CDMD-10213-1019645979.htm
基于优化学习的图像编码与增强,赵利军,北京交通大学,2019-06-10,//cdmd.cnki.com.cn/Article/CDMD-10004-1019204729.htm
基于背景建模的高性能视频编码方法研究,陈方栋,中国科学技术大学,2017-05-06,//cdmd.cnki.com.cn/Article/CDMD-10358-1017192052.htm
城市居住区室外热声环境影响因素及改善措施研究,晋美俊,太原理工大学,2016-11-01,//cdmd.cnki.com.cn/Article/CDMD-10112-1017831417.htm
基于卷积神经网络的偏振成像目标分类方法和实验研究,孙瑞,中国科学技术大学,2020-06-20,//cdmd.cnki.com.cn/Article/CDMD-10358-1020092572.htm
基于深度学习的电力系统暂态稳定评估及风电功率预测方法研究,朱乔木,华中科技大学,2019-05-01,//cdmd.cnki.com.cn/Article/CDMD-10487-1020411983.htm
基于深度学习与影像组学的癌症影像分析,陈威,山东大学,2020-06-09,//cdmd.cnki.com.cn/Article/CDMD-10422-1020145578.htm
中国本土跨国公司发展研究,陆栋生,上海社会科学院,2017-05-01,//cdmd.cnki.com.cn/Article/CDMD-87903-1018117399.htm
基于深度模型的零样本迁移学习,宋杰,浙江大学,2020-04-06,//cdmd.cnki.com.cn/Article/CDMD-10335-1020738482.htm
基于深度学习的网络入侵检测方法研究,许聪源,浙江大学,2019-06-01,//cdmd.cnki.com.cn/Article/CDMD-10335-1019247904.htm
社交网络中的隐私度量方法研究,李雪峰,北京邮电大学,2020-11-05,//cdmd.cnki.com.cn/Article/CDMD-10013-1020162425.htm
基于排序模式分析与深度学习的风电设备故障诊断方法研究,江国乾,燕山大学,2017-12-01,//cdmd.cnki.com.cn/Article/CDMD-10216-1018818529.htm
面向社会机器人的3D手势建模、识别与学习,况逸群,电子科技大学,2019-04-01,//cdmd.cnki.com.cn/Article/CDMD-10614-1019851453.htm
基于正面熔池图像和深度学习算法的PAW穿孔/熔透状态预测,刘新锋,山东大学,2017-11-27,//cdmd.cnki.com.cn/Article/CDMD-10422-1018004272.htm
基于深度学习与虚拟数据的车辆识别与状态估计研究,王也,吉林大学,2019-12-01,//cdmd.cnki.com.cn/Article/CDMD-10183-1020011436.htm
复杂声学场景下多人对话语音识别的预处理方法研究,孙磊,中国科学技术大学,2020-05-01,//cdmd.cnki.com.cn/Article/CDMD-10358-1020088501.htm
基于社交网络热点事件库的流行度预测研究,于海,北京科技大学,2020-10-12,//cdmd.cnki.com.cn/Article/CDMD-10008-1021001350.htm
基于深度学习的语音分离研究,张晖,内蒙古大学,2017-10-14,//cdmd.cnki.com.cn/Article/CDMD-10126-1018060155.htm
复杂天气下的道路识别方法研究,王瑶,哈尔滨工业大学,2019-06-01,//cdmd.cnki.com.cn/Article/CDMD-10213-1019646107.htm
基于迁移学习的跨域人体行为识别研究,刘阳,西安电子科技大学,2019-06-01,//cdmd.cnki.com.cn/Article/CDMD-10701-1020000550.htm
基于深度迁移学习的辅助驾驶应用研究,彭希帅,上海交通大学,2019-08-26,//cdmd.cnki.com.cn/Article/CDMD-10248-1020619175.htm
复杂场景下基于深度学习的鲁棒性语音识别的研究,屠彦辉,中国科学技术大学,2019-05-01,//cdmd.cnki.com.cn/Article/CDMD-10358-1019057813.htm
基于mVEP和MI多模态脑机接口的关键技术研究,马腾,电子科技大学,2018-03-27,//cdmd.cnki.com.cn/Article/CDMD-10614-1018975113.htm
室内空间布局的自动设计与优化,吴文明,中国科学技术大学,2020-05-20,//cdmd.cnki.com.cn/Article/CDMD-10358-1020088888.htm
基于深度卷积神经网络的光学遥感目标检测技术研究,丁鹏,中国科学院大学(中国科学院长春光学精密机械与物理研究所),2019-06-01,//cdmd.cnki.com.cn/Article/CDMD-80139-1019042146.htm
基于深度学习的图像描述算法研究,朱欣鑫,北京邮电大学,2019-06-06,//cdmd.cnki.com.cn/Article/CDMD-10013-1019044564.htm
基于结构光投影的钢轨廓形动态测量方法研究及应用,王昊,中国铁道科学研究院,2018-06-01,//cdmd.cnki.com.cn/Article/CDMD-83801-1018130750.htm
威胁情报知识图谱构建与应用关键技术研究,李涛,战略支援部队信息工程大学,2020-10-15,//cdmd.cnki.com.cn/Article/CDMD-91037-1021514547.htm
基于深度学习的高光谱图像超分辨处理方法研究,胡静,西安电子科技大学,2018-04-01,//cdmd.cnki.com.cn/Article/CDMD-10701-1019000259.htm
复杂交通场景下车牌检测算法的研究,向函,贵州大学,2019-06-01,//cdmd.cnki.com.cn/Article/CDMD-10657-1019846549.htm
基于静态检测的安卓应用安全性分析方法研究,李增,中国科学技术大学,2020-06-27,//cdmd.cnki.com.cn/Article/CDMD-10358-1020098252.htm
面向大规模图像检索的深度哈希方法研究,陈刚,北京邮电大学,2020-09-15,//cdmd.cnki.com.cn/Article/CDMD-10013-1020162404.htm
高效可靠的车联网无线传输及协作通信机制研究,梅杰,北京邮电大学,2019-06-06,//cdmd.cnki.com.cn/Article/CDMD-10013-1019113156.htm
基于深度学习的复杂工业软测量理论与方法,王晓,西安理工大学,2020-06-30,//cdmd.cnki.com.cn/Article/CDMD-10700-1020306264.htm
基于编码—解码模型的序列映射若干问题研究,侯俊峰,中国科学技术大学,2020-05-11,//cdmd.cnki.com.cn/Article/CDMD-10358-1020088510.htm
物联网时序数据的建模与分析方法研究,韩灵怡,北京邮电大学,2020-06-20,//cdmd.cnki.com.cn/Article/CDMD-10013-1020162472.htm
病理图像精细化分析算法研究,崔磊,西北大学,2019-06-01,//cdmd.cnki.com.cn/Article/CDMD-10697-1019613687.htm
基于群体智能进化算法的对抗样本生成研究,刘小垒,电子科技大学,2019-09-05,//cdmd.cnki.com.cn/Article/CDMD-10614-1020716354.htm
多模式遥感数据地震应急关键技术研究,李强,中国地震局工程力学研究所,2018-06-01,//cdmd.cnki.com.cn/Article/CDMD-85406-1018277587.htm
基于ISAR的机动目标快速成像与识别技术研究,薛佳音,哈尔滨工业大学,2020-06-01,//cdmd.cnki.com.cn/Article/CDMD-10213-1020401300.htm
基于质量管理的分层分级垃圾短信息治理研究,杨光永,北京邮电大学,2020-09-30,//cdmd.cnki.com.cn/Article/CDMD-10013-1020162419.htm
基于深度学习的空中红外目标检测关键技术研究,谢江荣,中国科学院大学(中国科学院上海技术物理研究所),2019-06-01,//cdmd.cnki.com.cn/Article/CDMD-80143-1019675052.htm
基于关注度机制的图像理解,郭聪,中国科学技术大学,2018-06-04,//cdmd.cnki.com.cn/Article/CDMD-10358-1018096011.htm
面向高分辨率遥感影像场景语义理解的概率主题模型研究,朱祺琪,武汉大学,2018-05-01,//cdmd.cnki.com.cn/Article/CDMD-10486-1018200355.htm
图像配准若干关键技术研究及应用,马兴民,北京科技大学,2019-05-30,//cdmd.cnki.com.cn/Article/CDMD-10008-1019157300.htm
基于视觉的结构化道路及障碍物检测技术研究,曲峰,吉林大学,2019-06-01,//cdmd.cnki.com.cn/Article/CDMD-10183-1019162398.htm
基于表征学习的滚珠丝杠副系统状态监测与性能评估技术研究,郭亮,西南交通大学,2016-05-15,//cdmd.cnki.com.cn/Article/CDMD-10613-1017019212.htm
红外遥感图像舰船目标在线检测关键技术研究,王文秀,中国科学院大学(中国科学院上海技术物理研究所),2019-06-01,//cdmd.cnki.com.cn/Article/CDMD-80143-1019675078.htm
基于多语义任务与多标签增量学习的胸部影像辅助诊断方法研究,王庆凤,中国科学技术大学,2019-05-31,//cdmd.cnki.com.cn/Article/CDMD-10358-1019132699.htm
基于深度集成学习的图像超分辨率算法研究,王一帆,大连理工大学,2020-03-11,//cdmd.cnki.com.cn/Article/CDMD-10141-1020093959.htm
面向细分领域的舆情情感分析关键技术研究,杜昌顺,北京交通大学,2019-05-01,//cdmd.cnki.com.cn/Article/CDMD-10004-1019209117.htm
基于深度学习的文本识别与文档切分的研究和应用,谢泽澄,华南理工大学,2019-04-10,//cdmd.cnki.com.cn/Article/CDMD-10561-1019623375.htm
基于复杂网络结构表征学习下的链路预测,司璀琪,西安电子科技大学,2019-06-01,//cdmd.cnki.com.cn/Article/CDMD-10701-1020000580.htm
基于机器学习的海洋工程关键问题研究,李鑫,吉林大学,2019-12-01,//cdmd.cnki.com.cn/Article/CDMD-10183-1020020388.htm
移动机器人地形分类的视觉方法研究,吴航,中国人民解放军军事医学科学院,2017-06-01,//cdmd.cnki.com.cn/Article/CDMD-90106-1017230415.htm
生物视觉启发的深度网络与图像检测识别研究,隗兵,东华大学,2020-04-01,//cdmd.cnki.com.cn/Article/CDMD-10255-1020757464.htm
基于机器学习的推荐算法研究与应用,张艳,电子科技大学,2019-04-13,//cdmd.cnki.com.cn/Article/CDMD-10614-1019851564.htm
基于深度学习的前列腺癌症辅助检测和诊断,王植炜,华中科技大学,2019-05-01,//cdmd.cnki.com.cn/Article/CDMD-10487-1019617956.htm
基于无线信道特征和智能算法的物理层安全技术研究,廖润发,电子科技大学,2019-09-30,//cdmd.cnki.com.cn/Article/CDMD-10614-1020716421.htm
基于深度学习的词和句子表示关键技术研究,傅群超,北京邮电大学,2020-06-30,//cdmd.cnki.com.cn/Article/CDMD-10013-1020162547.htm
海外油气田遭入侵的风险评价方法与防范技术研究,胡显伟,北京科技大学,2020-12-01,//cdmd.cnki.com.cn/Article/CDMD-10008-1021001417.htm
关键传动件变工况下的时变信号特征表征及自适应监测诊断方法研究,陈鹏,电子科技大学,2020-10-21,//cdmd.cnki.com.cn/Article/CDMD-10614-1021521546.htm
基于深度生成网络的特征学习方法,杜川,西安电子科技大学,2019-04-01,//cdmd.cnki.com.cn/Article/CDMD-10701-1020001614.htm
期权定价模型构建与参数估计研究,何万里,东北财经大学,2019-11-01,//cdmd.cnki.com.cn/Article/CDMD-10173-1020010074.htm
基于扩散方程和深度学习的图像斑点噪声去除模型研究,周振宇,哈尔滨工业大学,2018-06-01,//cdmd.cnki.com.cn/Article/CDMD-10213-1018895658.htm
基于图像分析的煤岩冲击破坏特征研究,艾迪昊,中国矿业大学(北京),2018-03-28,//cdmd.cnki.com.cn/Article/CDMD-11413-1018169294.htm
基于深度学习的自然场景文字检测与识别方法研究,石葆光,华中科技大学,2018-05-24,//cdmd.cnki.com.cn/Article/CDMD-10487-1018180748.htm
新型城镇学校的教学改进研究,吴璀,西南大学,2018-11-16,//cdmd.cnki.com.cn/Article/CDMD-10635-1019818215.htm
基于混沌特征向量的动态纹理识别,王勇,上海交通大学,2014-11-01,//cdmd.cnki.com.cn/Article/CDMD-10248-1015807814.htm
面向道路交通的环境感知关键技术研究,叶阳阳,北京交通大学,2020-07-16,//cdmd.cnki.com.cn/Article/CDMD-10004-1020444382.htm
地震数据剩余静校正与人工智能去噪研究,高晗,中国科学技术大学,2018-10-01,//cdmd.cnki.com.cn/Article/CDMD-10358-1018313738.htm
基于自然驾驶数据的车辆驾驶风险辨识及控制研究,孙川,武汉理工大学,2016-09-29,//cdmd.cnki.com.cn/Article/CDMD-10497-1019806366.htm
心律失常与心力衰竭智能诊断方法研究,王露笛,北京邮电大学,2019-05-27,//cdmd.cnki.com.cn/Article/CDMD-10013-1019042307.htm
外骨骼机器人随动助力技术（SAT）研究与实验平台开发,张学群,浙江大学,2019-01-01,//cdmd.cnki.com.cn/Article/CDMD-10335-1019064153.htm
基于多尺度卷积特征的路面裂缝检测方法研究,贾国辉,辽宁工程技术大学,2020-05-01,//cdmd.cnki.com.cn/Article/CDMD-10147-1020422322.htm
基于空间与时间上下文的深度学习目标检测算法研究,付志航,浙江大学,2019-06-01,//cdmd.cnki.com.cn/Article/CDMD-10335-1019075982.htm
复杂交通场景下多目标检测跟踪问题研究,孙士杰,长安大学,2019-10-18,//cdmd.cnki.com.cn/Article/CDMD-10710-1020813542.htm
基于光流计算的复杂流动可视化测速算法研究,蔡声泽,浙江大学,2019-04-08,//cdmd.cnki.com.cn/Article/CDMD-10335-1019065987.htm
基于等离激元的光场调控与全息研究,陈绩,南京大学,2019-05-01,//cdmd.cnki.com.cn/Article/CDMD-10284-1019244834.htm
面向视频监控语义理解的神经网络结构设计,黄思羽,浙江大学,2019-04-09,//cdmd.cnki.com.cn/Article/CDMD-10335-1019247882.htm
基于稀疏表达与深度表达的图像修复研究,都勇,华南理工大学,2019-10-17,//cdmd.cnki.com.cn/Article/CDMD-10561-1020617108.htm
基于动态交通流信息的城市交通突发拥堵控制与诱导研究,白静,燕山大学,2018-12-01,//cdmd.cnki.com.cn/Article/CDMD-10216-1019826825.htm
多标记学习算法研究及在生物医学数据挖掘中的应用,王普,中国科学院大学(中国科学院深圳先进技术研究院),2017-04-01,//cdmd.cnki.com.cn/Article/CDMD-80177-1017711763.htm
基于深度学习的图像情感分析研究,宋凯凯,中国科学技术大学,2018-04-01,//cdmd.cnki.com.cn/Article/CDMD-10358-1018088268.htm
基于深度表征的视觉理解关键技术研究,王景文,华南理工大学,2018-04-12,//cdmd.cnki.com.cn/Article/CDMD-10561-1018874169.htm
基于生成对抗网络的数据驱动人脸表情识别研究,张飞飞,江苏大学,2019-04-01,//cdmd.cnki.com.cn/Article/CDMD-10299-1019882595.htm
面向多源异构数据的矩阵分解算法研究及应用,黄树东,电子科技大学,2019-09-15,//cdmd.cnki.com.cn/Article/CDMD-10614-1020716544.htm
移动智能心电监测系统关键技术研究,朱怀宇,浙江大学,2019-03-11,//cdmd.cnki.com.cn/Article/CDMD-10335-1019034619.htm
城市环境下车辆智能融合定位技术研究,徐启敏,东南大学,2018-10-01,//cdmd.cnki.com.cn/Article/CDMD-10286-1019620211.htm
基于深度学习的粒子图像测速算法研究及应用,李勇,华中科技大学,2018-01-28,//cdmd.cnki.com.cn/Article/CDMD-10487-1018784409.htm
快速鲁棒的图像语义分割算法研究,宁庆群,浙江大学,2018-01-01,//cdmd.cnki.com.cn/Article/CDMD-10335-1018254805.htm
文物碎片孔洞修复和基于断裂面的拼接方法研究,张婧,西北大学,2019-10-01,//cdmd.cnki.com.cn/Article/CDMD-10697-1020609068.htm
资源受限的安全关键实时嵌入式系统的设计优化技术,章明,浙江大学,2020-05-18,//cdmd.cnki.com.cn/Article/CDMD-10335-1020738502.htm
矿井突水水源类型在线判别理论与方法研究,杨勇,中国矿业大学,2018-12-24,//cdmd.cnki.com.cn/Article/CDMD-10290-1019812046.htm
基于宽度学习的高光谱图像分析,孔毅,中国矿业大学,2019-05-01,//cdmd.cnki.com.cn/Article/CDMD-10290-1019603734.htm
基于深度学习的机器人视觉三维感知与识别方法研究,冯明涛,湖南大学,2019-10-10,//cdmd.cnki.com.cn/Article/CDMD-10532-1020813786.htm
基于深度检测和分割网络的乳腺癌图像分析,李超,华中科技大学,2019-09-01,//cdmd.cnki.com.cn/Article/CDMD-10487-1020965933.htm
基于局部放电深度学习的GIS风险评估方法,宋辉,上海交通大学,2018-10-25,//cdmd.cnki.com.cn/Article/CDMD-10248-1019640700.htm
基于CNN的地-孔TEM异常提取及PSO-DLS反演方法研究,李明星,煤炭科学研究总院,2020-06-01,//cdmd.cnki.com.cn/Article/CDMD-83310-1020072447.htm
基于生成对抗网络的图像分类研究及其在脉冲星候选体识别中的应用,周林勇,贵州师范大学,2020-06-23,//cdmd.cnki.com.cn/Article/CDMD-10663-1020967853.htm
基于深度神经网络的Android恶意软件检测,Abdelmonim Mohammed Yahya Naway,华北电力大学(北京),2019-06-01,//cdmd.cnki.com.cn/Article/CDMD-11412-1019239847.htm
问答系统中关键技术研究,曾谁飞,北京邮电大学,2020-04-26,//cdmd.cnki.com.cn/Article/CDMD-10013-1020162527.htm
道路场景行人检测关键技术研究,徐哲炜,华南理工大学,2020-04-10,//cdmd.cnki.com.cn/Article/CDMD-10561-1020334373.htm
弱监督场景语义理解,赖百胜,浙江大学,2018-04-01,//cdmd.cnki.com.cn/Article/CDMD-10335-1018122564.htm
基于深度学习的场景图像文本检测的研究与应用,张胜,华南理工大学,2020-05-20,//cdmd.cnki.com.cn/Article/CDMD-10561-1020334291.htm
异构网络中的接入与感知,谢建东,电子科技大学,2020-04-22,//cdmd.cnki.com.cn/Article/CDMD-10614-1020354622.htm
基于超表面的电磁波调控与应用,张茜,东南大学,2018-12-01,//cdmd.cnki.com.cn/Article/CDMD-10286-1020310818.htm
小样本计算机视觉问题的研究,徐伟,上海交通大学,2018-07-24,//cdmd.cnki.com.cn/Article/CDMD-10248-1019640734.htm
联合领域知识和深度学习的城市地表覆盖变化检测方法,李胜,武汉大学,2018-05-01,//cdmd.cnki.com.cn/Article/CDMD-10486-1018200240.htm
基于时空优化的视频去抖算法研究,赵敏达,中国科学技术大学,2020-05-28,//cdmd.cnki.com.cn/Article/CDMD-10358-1020088390.htm
端到端语音识别技术研究,秦楚雄,战略支援部队信息工程大学,2020-04-15,//cdmd.cnki.com.cn/Article/CDMD-91037-1020764343.htm
基于感兴趣区域率失真优化的视频压缩编码通信系统设计,张哲为,北京交通大学,2019-05-01,//cdmd.cnki.com.cn/Article/CDMD-10004-1019190032.htm
基于学习的无人机感知与规避关键技术研究,马兆伟,国防科技大学,2018-04-01,//cdmd.cnki.com.cn/Article/CDMD-91002-1020700713.htm
基于迁移学习的跨项目软件缺陷预测关键技术研究,邱少健,华南理工大学,2019-07-12,//cdmd.cnki.com.cn/Article/CDMD-10561-1020617203.htm
基于深度学习的学术文献自动摘要方法研究,王勇臻,大连海事大学,2018-07-01,//cdmd.cnki.com.cn/Article/CDMD-10151-1019037203.htm
人脸图像处理的去身份算法研究,池荷花,武汉大学,2018-10-01,//cdmd.cnki.com.cn/Article/CDMD-10486-1019016553.htm
基于深度学习的视觉目标跟踪算法研究,唐福辉,上海交通大学,2019-04-01,//cdmd.cnki.com.cn/Article/CDMD-10248-1020619174.htm
与人工智能相关的发明专利授权条件研究,李新凤,湘潭大学,2019-12-01,//cdmd.cnki.com.cn/Article/CDMD-10530-1020019249.htm
基于语音稀疏表示的谎言检测研究,周燕,苏州大学,2017-05-01,//cdmd.cnki.com.cn/Article/CDMD-10285-1018034235.htm
医疗健康数据特征学习模型研究,史霄波,华中科技大学,2017-05-25,//cdmd.cnki.com.cn/Article/CDMD-10487-1017166859.htm
基于机器学习的自然语言处理和传输技术的研究,方兰婷,东南大学,2018-10-17,//cdmd.cnki.com.cn/Article/CDMD-10286-1019620182.htm
红外偏振探测关键技术研究,黄飞,中国科学院大学(中国科学院上海技术物理研究所),2018-06-01,//cdmd.cnki.com.cn/Article/CDMD-80143-1018871243.htm
基于多因素耦合的社交网络信息推荐模型研究,朱君璇,东华大学,2018-09-01,//cdmd.cnki.com.cn/Article/CDMD-10255-1019803387.htm
基于深度学习的SAR遥感图像分类方法研究,耿杰,大连理工大学,2018-09-01,//cdmd.cnki.com.cn/Article/CDMD-10141-1018269448.htm
基于条件随机场的视觉显著性目标检测,仇文亮,西安电子科技大学,2018-09-01,//cdmd.cnki.com.cn/Article/CDMD-10701-1019150994.htm
基于集成学习的有机物红外光谱定量回归方法研究,蒋薇薇,合肥工业大学,2020-03-01,//cdmd.cnki.com.cn/Article/CDMD-10359-1020419871.htm
机器翻译的译后优化关键技术研究,朱俊国,哈尔滨工业大学,2019-03-01,//cdmd.cnki.com.cn/Article/CDMD-10213-1019645513.htm
基于卷积神经网络的图像分类研究,冉令燕,西北工业大学,2018-05-01,//cdmd.cnki.com.cn/Article/CDMD-10699-1020706671.htm
机电产品创新设计的知识获取模型与重用方法研究,胡杰,贵州大学,2018-06-01,//cdmd.cnki.com.cn/Article/CDMD-10657-1018846664.htm
基于深度卷积网络的病理图像细胞检测、分割及识别算法研究,潘细朋,北京邮电大学,2019-09-12,//cdmd.cnki.com.cn/Article/CDMD-10013-1020162588.htm
基于语义感知深度模型的图像修复方法研究,沈玲,合肥工业大学,2020-04-02,//cdmd.cnki.com.cn/Article/CDMD-10359-1020419864.htm
多模态磁共振成像与人工智能在脑卒中患者中的应用,马潇越,郑州大学,2020-05-01,//cdmd.cnki.com.cn/Article/CDMD-10459-1020044961.htm
基于潜在语义关系的伪相关反馈查询扩展技术研究,潘敏,华中师范大学,2019-06-01,//cdmd.cnki.com.cn/Article/CDMD-10511-1019253021.htm
影像组学在食管癌和头颈癌放射治疗中的应用研究,侯震,东南大学,2019-05-01,//cdmd.cnki.com.cn/Article/CDMD-10286-1020800783.htm
大动态信噪比下数字调制信号识别方法研究,王辉,哈尔滨工程大学,2017-12-28,//cdmd.cnki.com.cn/Article/CDMD-10217-1018291749.htm
基于级联回归与卷积神经网络的单幅图像超分辨重建,胡彦婷,西安电子科技大学,2019-09-01,//cdmd.cnki.com.cn/Article/CDMD-10701-1020035960.htm
跨图像视觉语义的挖掘研究,袁泽寰,南京大学,2017-08-31,//cdmd.cnki.com.cn/Article/CDMD-10284-1018036820.htm
超声波作用下矩形微细通道流动沸腾强化传热气泡特性及流型图像智能识别研究,肖健,华南理工大学,2020-04-26,//cdmd.cnki.com.cn/Article/CDMD-10561-1020334147.htm
透过强散射介质聚焦与成像方法研究,吴雨霖,浙江大学,2020-03-24,//cdmd.cnki.com.cn/Article/CDMD-10335-1021001142.htm
蛋白质赖氨酸修饰数据库构建及生物信息学预测,许浩东,华中科技大学,2019-05-10,//cdmd.cnki.com.cn/Article/CDMD-10487-1019618097.htm
基于深度学习的线粒体受药和病态细胞识别,Muhammad Shahid Iqbal,安徽大学,2019-05-01,//cdmd.cnki.com.cn/Article/CDMD-10357-1019130316.htm
基于地基云图的太阳直接辐照度超短期预测研究,朱婷婷,东南大学,2019-05-30,//cdmd.cnki.com.cn/Article/CDMD-10286-1020800682.htm
典型复杂工程结构智能声波无损评价系统研究,李婷,湘潭大学,2019-06-01,//cdmd.cnki.com.cn/Article/CDMD-10530-1020019255.htm
面部活动单元的结构化多标签学习,赵凯莉,北京邮电大学,2016-06-16,//cdmd.cnki.com.cn/Article/CDMD-10013-1017292023.htm
新型网络环境下数据安全的核心技术研究,徐国文,电子科技大学,2020-09-17,//cdmd.cnki.com.cn/Article/CDMD-10614-1021521768.htm
智能语音交互中的用户意图理解与反馈生成研究,宁义双,清华大学,2017-04-01,//cdmd.cnki.com.cn/Article/CDMD-10003-1018876150.htm
脉冲神经网络相对顺序学习与转化算法研究,林志涛,浙江大学,2018-04-01,//cdmd.cnki.com.cn/Article/CDMD-10335-1019037380.htm
代码克隆检测及克隆Bug发现研究,王鹏程,中国科学技术大学,2019-05-01,//cdmd.cnki.com.cn/Article/CDMD-10358-1019133168.htm
道路场景下致密深度与语义的估计问题研究,邹楠,浙江大学,2020-01-01,//cdmd.cnki.com.cn/Article/CDMD-10335-1020435494.htm
面向社交网络的文本分析关键技术研究,聂原平,国防科学技术大学,2017-04-10,//cdmd.cnki.com.cn/Article/CDMD-90002-1018996999.htm
基于深度学习架构的蛋白质远程残基接触预测研究,熊大鹏,清华大学,2017-05-01,//cdmd.cnki.com.cn/Article/CDMD-10003-1018876163.htm
基于火焰自由基成像的NO_x排放预测算法研究,李楠,华北电力大学(北京),2017-03-01,//cdmd.cnki.com.cn/Article/CDMD-11412-1017221416.htm
机器人辅助脊柱椎板减压手术的图像导航与状态感知研究,孙宇,哈尔滨工业大学,2019-09-01,//cdmd.cnki.com.cn/Article/CDMD-10213-1020401633.htm
认知无线网络资源分配策略及性能分析,刘淼,东南大学,2019-06-06,//cdmd.cnki.com.cn/Article/CDMD-10286-1020310834.htm
基于计算机视觉与深度学习的汽车主动安全系统关键技术研究,高军,武汉理工大学,2018-09-01,//cdmd.cnki.com.cn/Article/CDMD-10497-1020624860.htm
高维图像数据分类方法研究,王辉兵,大连理工大学,2018-06-07,//cdmd.cnki.com.cn/Article/CDMD-10141-1018138184.htm
机载涡动相关区域湍流水热通量观测方法研究,孙义博,中国科学院大学(中国科学院遥感与数字地球研究所),2018-06-01,//cdmd.cnki.com.cn/Article/CDMD-80070-1018995601.htm
基于超限学习机的无设备定位方法研究,张杰,北京科技大学,2019-05-29,//cdmd.cnki.com.cn/Article/CDMD-10008-1019146311.htm
分体空调能效偏差分析与生态成本的相关性研究,付国印,华南理工大学,2020-05-28,//cdmd.cnki.com.cn/Article/CDMD-10561-1020334061.htm
基于深度学习的端到端自然场景文字提取,郭强,国防科学技术大学,2016-11-28,//cdmd.cnki.com.cn/Article/CDMD-90002-1018996855.htm
文本信息检索中查询优化与向量化技术研究,熊泽宇,国防科技大学,2018-06-25,//cdmd.cnki.com.cn/Article/CDMD-91002-1020700809.htm
面向分类准确率的受限玻尔兹曼机训练算法研究,李飞,西北工业大学,2018-11-01,//cdmd.cnki.com.cn/Article/CDMD-10699-1020706633.htm
