PaperName,Author,FromSchool,Time,Url
开源软件与专有软件的竞争,王广凤,辽宁大学,2008-04-01,//cdmd.cnki.com.cn/Article/CDMD-10140-2009044874.htm
软件可信性评估方法研究,石莉,合肥工业大学,2012-04-01,//cdmd.cnki.com.cn/Article/CDMD-10359-1012522193.htm
基于机器学习的软件缺陷预测方法研究,张志武,南京邮电大学,2019-12-09,//cdmd.cnki.com.cn/Article/CDMD-10293-1019692160.htm
“硬件-软件”平台质量改进激励合同与竞争策略研究,钟丽,电子科技大学,2019-10-28,//cdmd.cnki.com.cn/Article/CDMD-10614-1020716408.htm
基于价值网的软件企业商业模式创新研究,彭苏勉,北京交通大学,2011-12-01,//cdmd.cnki.com.cn/Article/CDMD-10004-1013135878.htm
基于软件体系结构的网构软件组装技术研究,杨杰,北京大学,2007-05-01,//cdmd.cnki.com.cn/Article/CDMD-10001-2007136845.htm
构件软件可靠性分析理论与方法研究,王强,合肥工业大学,2012-04-01,//cdmd.cnki.com.cn/Article/CDMD-10359-1013260204.htm
基于Internet/Intranet和Multi-Agent的企业经营战略群体决策支持系统研究,李春梅,昆明理工大学,2001-06-30,//cdmd.cnki.com.cn/Article/CDMD-10674-2001002705.htm
白盒环境中防动态攻击的软件保护方法研究,王怀军,西北大学,2014-06-01,//cdmd.cnki.com.cn/Article/CDMD-10697-1014364693.htm
软件安全开发关键技术的研究和实现,冯博,北京邮电大学,2010-05-10,//cdmd.cnki.com.cn/Article/CDMD-10013-1011184645.htm
离岸软件外包服务供应链的研究,甘卫华,南昌大学,2007-06-23,//cdmd.cnki.com.cn/Article/CDMD-11902-2007175568.htm
软件可靠性设计技术应用研究,刘逻,中国科学院研究生院（长春光学精密机械与物理研究所）,2013-05-01,//cdmd.cnki.com.cn/Article/CDMD-80139-1013293650.htm
基于度量元的软件缺陷预测技术,杨晓杏,中国科学技术大学,2013-05-01,//cdmd.cnki.com.cn/Article/CDMD-10358-1014432177.htm
软件外包产业发展研究,吴琳,中共中央党校,2009-05-28,//cdmd.cnki.com.cn/Article/CDMD-80000-2009117155.htm
网络环境下著作权保护的法经济学分析,赵玥,吉林大学,2017-06-01,//cdmd.cnki.com.cn/Article/CDMD-10183-1017156061.htm
知识驱动的开源软件体系结构归档及其作用机理研究,丁炜,武汉大学,2015-10-01,//cdmd.cnki.com.cn/Article/CDMD-10486-1016015939.htm
数控系统软件可靠性设计与故障分析技术,谷岩,吉林大学,2014-06-01,//cdmd.cnki.com.cn/Article/CDMD-10183-1014268044.htm
并购中目标软件企业价值评估方法研究,仲昭朋,中央财经大学,2016-03-17,//cdmd.cnki.com.cn/Article/CDMD-10034-1017836159.htm
安卓平台安全性增强关键技术的研究,张源,复旦大学,2014-03-31,//cdmd.cnki.com.cn/Article/CDMD-10246-1015410885.htm
车辆动力传动综合控制系统设计方法及关键技术研究,戴筱妍,北京理工大学,2014-06-01,//cdmd.cnki.com.cn/Article/CDMD-10007-1014086721.htm
基于机器学习的软件缺陷预测方法研究,于巧,中国矿业大学,2017-06-12,//cdmd.cnki.com.cn/Article/CDMD-10290-1017950203.htm
基于测试覆盖的安全关键软件测试策略研究,张波,中国科学院研究生院（长春光学精密机械与物理研究所）,2012-05-01,//cdmd.cnki.com.cn/Article/CDMD-80139-1012397756.htm
基于行为的软件可信性度量理论与关键技术研究,韩强,北京邮电大学,2013-05-05,//cdmd.cnki.com.cn/Article/CDMD-10013-1013326225.htm
双边市场价格理论及其产业应用研究,李泉,上海交通大学,2008-12-01,//cdmd.cnki.com.cn/Article/CDMD-10248-2009109321.htm
综合模块化航空电子分区软件可靠性研究,王运盛,电子科技大学,2017-05-08,//cdmd.cnki.com.cn/Article/CDMD-10614-1017076423.htm
基于数据挖掘的软件缺陷预测技术研究,陈媛,中国科学院研究生院（长春光学精密机械与物理研究所）,2012-05-01,//cdmd.cnki.com.cn/Article/CDMD-80139-1012397752.htm
面向云计算的软件可用性机制研究,陈刚,华中科技大学,2013-06-01,//cdmd.cnki.com.cn/Article/CDMD-10487-1014146729.htm
自适应软件关键技术研究,李兵,吉林大学,2012-12-01,//cdmd.cnki.com.cn/Article/CDMD-10183-1013119265.htm
中国承接国际软件外包的技术外溢效应研究,刘绍坚,中国社会科学院研究生院,2008-04-01,//cdmd.cnki.com.cn/Article/CDMD-80201-2008095231.htm
大规模软件可信性度量分析原理及其方法的研究,刘铮,东北大学,2010-06-01,//cdmd.cnki.com.cn/Article/CDMD-10145-1013117126.htm
开源软件可信证据挖掘与分析,袁霖,国防科学技术大学,2011-12-01,//cdmd.cnki.com.cn/Article/CDMD-90002-1013047666.htm
新疆维吾尔族汉族女性数字化三维骨盆及生理常数的对比研究,柯妍,南方医科大学,2013-03-20,//cdmd.cnki.com.cn/Article/CDMD-90023-1014101131.htm
计算机字体著作权保护研究,王锦瑾,武汉大学,2016-05-01,//cdmd.cnki.com.cn/Article/CDMD-10486-1016114364.htm
基于多核CPU的软件无线电平台研发及应用技术研究,房骥,北京交通大学,2013-06-14,//cdmd.cnki.com.cn/Article/CDMD-10004-1013342726.htm
基于度量的软件过程改进方法的研究,邢大红,合肥工业大学,2004-02-01,//cdmd.cnki.com.cn/Article/CDMD-10359-2005011895.htm
软件企业知识管理能力与经营绩效的关系研究,蔡源,南昌大学,2007-12-28,//cdmd.cnki.com.cn/Article/CDMD-11902-2008040905.htm
面向软件复用的大规模开源资源定位技术研究,王涛,国防科学技术大学,2014-12-01,//cdmd.cnki.com.cn/Article/CDMD-90002-1016922163.htm
插件式地球物理软件开发平台（GeoProbe）设计、实现与应用,王林飞,中国地质大学（北京）,2013-10-01,//cdmd.cnki.com.cn/Article/CDMD-11415-1014125369.htm
面向环境不确定性的CPS测试技术研究,秦逸,南京大学,2018-11-28,//cdmd.cnki.com.cn/Article/CDMD-10284-1019030141.htm
基于系统调用分析的恶意软件特征提取关键技术研究,杜冬高,北京邮电大学,2020-08-24,//cdmd.cnki.com.cn/Article/CDMD-10013-1020162410.htm
网构软件可靠性技术研究,张靖,电子科技大学,2015-09-15,//cdmd.cnki.com.cn/Article/CDMD-10614-1016059797.htm
资源受限的软件项目群调度问题研究,郭研,南京航空航天大学,2013-03-01,//cdmd.cnki.com.cn/Article/CDMD-10287-1014005415.htm
设计原则导向的多目标优化软件重构,赵泱泱,南京大学,2018-01-01,//cdmd.cnki.com.cn/Article/CDMD-10284-1018151602.htm
正常女性骨盆数字化三维重建的研究,刘萍,南方医科大学,2012-05-01,//cdmd.cnki.com.cn/Article/CDMD-90023-1013124043.htm
网构软件系统可信模型研究,王姝音,哈尔滨工程大学,2013-03-01,//cdmd.cnki.com.cn/Article/CDMD-10217-1014133947.htm
复杂网络视域下的大规模软件静态结构度量及进化分析,张浩华,东北大学,2012-12-25,//cdmd.cnki.com.cn/Article/CDMD-10145-1016009190.htm
离散元工程计算软件前后处理系统,郑文刚,大连理工大学,2002-05-01,//cdmd.cnki.com.cn/Article/CDMD-10141-2002112493.htm
Mimics建模到Marc有限元分析的系统工程和实例,樊继宏,南方医科大学,2010-04-01,//cdmd.cnki.com.cn/Article/CDMD-90023-2010240422.htm
基于复杂网络的软件结构复杂性分析与建模,李桓,武汉大学,2009-05-01,//cdmd.cnki.com.cn/Article/CDMD-10486-1011071252.htm
“打的软件”对出租车司机行为决策及运营绩效的影响研究—技术效率与配置效率的双重视角,杨洋,浙江大学,2016-06-06,//cdmd.cnki.com.cn/Article/CDMD-10335-1016149118.htm
基于支持向量机的软件可靠性模型分类及失效分析,晁冰,武汉大学,2010-09-01,//cdmd.cnki.com.cn/Article/CDMD-10486-1011065729.htm
本体模型及其在信息安全评估领域的应用研究,高建波,上海交通大学,2015-05-01,//cdmd.cnki.com.cn/Article/CDMD-10248-1016787448.htm
嵌入式软件需求规约到软件体系结构模型的转换研究,祝义,南京航空航天大学,2011-03-01,//cdmd.cnki.com.cn/Article/CDMD-10287-1012016555.htm
基于广义半监督学习方法的软件质量预测研究,黄鹏,上海交通大学,2010-03-01,//cdmd.cnki.com.cn/Article/CDMD-10248-2010113596.htm
可信软件安全性测评关键理论及技术研究,曹珲,武汉大学,2012-10-01,//cdmd.cnki.com.cn/Article/CDMD-10486-1013151719.htm
中医健康管理系统的构建与应用,陈霄,广州中医药大学,2010-05-01,//cdmd.cnki.com.cn/Article/CDMD-10572-2010126048.htm
基于可靠性知识的软件测试模型及其应用研究,杨春晖,武汉理工大学,2017-03-15,//cdmd.cnki.com.cn/Article/CDMD-10497-1019809556.htm
基于机器学习的软件故障预测,Chubato Wondaferaw Yohannese,西南交通大学,2019-07-01,//cdmd.cnki.com.cn/Article/CDMD-10613-1019951080.htm
基于UML的软件统计测试研究,颜炯,国防科学技术大学,2005-04-01,//cdmd.cnki.com.cn/Article/CDMD-90002-2005144322.htm
基于知识管理的地理信息系统开发,金笑天,华东师范大学,2007-05-01,//cdmd.cnki.com.cn/Article/CDMD-10269-2007082818.htm
软件信息站中标签推荐方法研究,周平义,武汉大学,2019-05-01,//cdmd.cnki.com.cn/Article/CDMD-10486-1019608248.htm
动态程序分析技术在软件安全领域的研究,陈厅,电子科技大学,2013-10-08,//cdmd.cnki.com.cn/Article/CDMD-10614-1014137373.htm
开源软件生态系统中基于复杂网络的度量方法研究,丁沂,武汉大学,2017-10-03,//cdmd.cnki.com.cn/Article/CDMD-10486-1018033217.htm
软件知识产权保护制度研究,董雪兵,浙江大学,2006-09-01,//cdmd.cnki.com.cn/Article/CDMD-10335-2007101028.htm
轮奸案混合DNA分析的关键技术基础研究及分离软件研发,胡娜,河北医科大学,2014-04-01,//cdmd.cnki.com.cn/Article/CDMD-10089-1014248032.htm
安全软件体系结构的形式化方法研究,杨捷,武汉大学,2004-04-01,//cdmd.cnki.com.cn/Article/CDMD-10486-2008010822.htm
软件拆封许可研究,苟正金,西南政法大学,2010-03-01,//cdmd.cnki.com.cn/Article/CDMD-10652-1011219534.htm
软件维护中的关键预测问题研究,杨梦宁,重庆大学,2016-11-01,//cdmd.cnki.com.cn/Article/CDMD-10611-1017801855.htm
基于静态分析的Android操作系统隐私保护机制评估方法研究,曾述可,中国科学技术大学,2014-04-10,//cdmd.cnki.com.cn/Article/CDMD-10358-1014268777.htm
基于体系结构、特征驱动的软件动态演化方法研究,刘奕明,复旦大学,2008-04-10,//cdmd.cnki.com.cn/Article/CDMD-10246-2009017673.htm
大型游戏软件虚拟执行保护与攻击评测研究,汤战勇,西北大学,2014-06-01,//cdmd.cnki.com.cn/Article/CDMD-10697-1014364707.htm
社会资本、技术特征与软件技术人才流动研究,齐家滨,山东大学,2007-12-01,//cdmd.cnki.com.cn/Article/CDMD-10422-2008047302.htm
自动化软件测试技术研究,金虎,四川大学,2006-09-10,//cdmd.cnki.com.cn/Article/CDMD-10610-2007225244.htm
构件化嵌入式软件安全性分析方法研究,徐丙凤,南京航空航天大学,2014-03-01,//cdmd.cnki.com.cn/Article/CDMD-10287-1015951715.htm
面向方面技术在大规模嵌入式软件中的应用,邓阿群,浙江大学,2007-10-01,//cdmd.cnki.com.cn/Article/CDMD-10335-2008091103.htm
正畸数字化间接粘结技术的初步研究,万贤凤,南方医科大学,2014-03-01,//cdmd.cnki.com.cn/Article/CDMD-90023-1014338453.htm
水利云平台若干技术问题研究,林林,中国水利水电科学研究院,2016-05-01,//cdmd.cnki.com.cn/Article/CDMD-82301-1016282079.htm
基于属性的软件可信性度量模型研究,陶红伟,华东师范大学,2011-04-01,//cdmd.cnki.com.cn/Article/CDMD-10269-1011130826.htm
软件漏洞发现、识别及诊断技术的研究,慕冬亮,南京大学,2019-09-10,//cdmd.cnki.com.cn/Article/CDMD-10284-1020100846.htm
软件实体的自动抽取和学术影响力研究,潘雪莲,南京大学,2016-05-25,//cdmd.cnki.com.cn/Article/CDMD-10284-1016136186.htm
优化软件系统SIPOPT设计与实现及其在工程中的应用,杨春峰,大连理工大学,2015-10-08,//cdmd.cnki.com.cn/Article/CDMD-10141-1016034391.htm
软件外包项目全过程风险管理研究,王梅源,华中科技大学,2006-04-01,//cdmd.cnki.com.cn/Article/CDMD-10487-2008025020.htm
嵌入式实时软件的构件化开发技术研究,古幼鹏,电子科技大学,2005-03-01,//cdmd.cnki.com.cn/Article/CDMD-10614-2005096568.htm
基于复杂网络的软件关键节点和关键路径挖掘方法研究,王蕾,燕山大学,2016-05-01,//cdmd.cnki.com.cn/Article/CDMD-10216-1016765041.htm
轿车与高速公路护栏碰撞事故分析及仿真研究,黄红武,湖南大学,2003-03-01,//cdmd.cnki.com.cn/Article/CDMD-10532-2003080758.htm
考虑测试与运行差别的NHPP类软件可靠性增长模型研究,赵靖,哈尔滨工业大学,2006-06-01,//cdmd.cnki.com.cn/Article/CDMD-10213-2006136133.htm
基于代数理论的软件体系结构描述及软件演化方法研究,张友生,中南大学,2007-04-01,//cdmd.cnki.com.cn/Article/CDMD-10533-2007197869.htm
软件项目风险计划与过程控制模型研究,潘春光,国防科学技术大学,2006-10-01,//cdmd.cnki.com.cn/Article/CDMD-90002-2007140977.htm
模型驱动架构的系统结构可靠性计算方法及提升理论,胡长虹,吉林大学,2013-12-01,//cdmd.cnki.com.cn/Article/CDMD-10183-1014131761.htm
产业集群发展中的人力资本积累研究,胡雷芳,浙江大学,2013-12-01,//cdmd.cnki.com.cn/Article/CDMD-10335-1014168015.htm
面向用户行为模型的软件可用性研究,赖祥伟,西南大学,2007-04-15,//cdmd.cnki.com.cn/Article/CDMD-10635-2007130992.htm
软件产业发展的制度研究,牛树国,复旦大学,2004-03-18,//cdmd.cnki.com.cn/Article/CDMD-10246-2004135225.htm
分布式系统软件体系结构建模与开发方法研究,陈晓江,西北大学,2010-06-30,//cdmd.cnki.com.cn/Article/CDMD-10697-1012278086.htm
软件智能进化模型及其实现机制研究,王闯,北京邮电大学,2012-04-10,//cdmd.cnki.com.cn/Article/CDMD-10013-1012499004.htm
软件缺陷分布预测技术及应用研究,单纯,北京理工大学,2015-04-01,//cdmd.cnki.com.cn/Article/CDMD-10007-1016710505.htm
软件生存性与安全分发技术研究,耿技,电子科技大学,2014-11-03,//cdmd.cnki.com.cn/Article/CDMD-10614-1015712054.htm
基于模式的软件体系结构自动化合成,徐永睿,武汉大学,2018-05-01,//cdmd.cnki.com.cn/Article/CDMD-10486-1018199768.htm
虚拟软件企业组织构建及有效运行研究,章帆,南昌大学,2009-06-30,//cdmd.cnki.com.cn/Article/CDMD-11902-2009242703.htm
二进制代码路径混淆技术研究,王志,南开大学,2012-05-01,//cdmd.cnki.com.cn/Article/CDMD-10055-1013174791.htm
软件网络理论：形成机制分析与建模,李辉,东北大学,2013-04-25,//cdmd.cnki.com.cn/Article/CDMD-10145-1016009218.htm
基于深度学习的恶意软件特征分析与检测方法研究,张吉昕,湖南大学,2019-06-20,//cdmd.cnki.com.cn/Article/CDMD-10532-1020608444.htm
基于软件外包的人力资源开发创新体系研究,徐群,北京交通大学,2007-12-01,//cdmd.cnki.com.cn/Article/CDMD-10004-2009065781.htm
3D打印计算机辅助设计小夹板外骨骼系统的研究,黄若景,广州中医药大学,2015-03-01,//cdmd.cnki.com.cn/Article/CDMD-10572-1015363955.htm
基于编译器中间语言的软件运行时可靠性研究,尹杰,清华大学,2015-03-01,//cdmd.cnki.com.cn/Article/CDMD-10003-1016712322.htm
软件缺陷混沌分形描述与软件质量进化度量的研究,张凯,武汉理工大学,2005-06-01,//cdmd.cnki.com.cn/Article/CDMD-10497-2006061023.htm
源码未知类软件能耗评估技术研究,王艳,中国科学院研究生院（长春光学精密机械与物理研究所）,2012-05-01,//cdmd.cnki.com.cn/Article/CDMD-80139-1012397755.htm
斜拉桥合理设计状态确定与施工控制,颜东煌,湖南大学,2001-03-10,//cdmd.cnki.com.cn/Article/CDMD-10532-2001008355.htm
基于三维离散元法的玉米脱粒过程分析方法研究,于亚军,吉林大学,2013-06-01,//cdmd.cnki.com.cn/Article/CDMD-10183-1013193165.htm
自适应数据仓库系统的研究与实现,克里木,大连理工大学,2003-07-01,//cdmd.cnki.com.cn/Article/CDMD-10141-2003110464.htm
基于CP-nets模型的并行软件测试方法研究,孙涛,内蒙古大学,2012-10-10,//cdmd.cnki.com.cn/Article/CDMD-10126-1013292809.htm
软件漏洞责任制度研究,李承,华中科技大学,2013-08-01,//cdmd.cnki.com.cn/Article/CDMD-10487-1014268626.htm
基于可靠特征的软件水印研究,孙光,湖南大学,2012-02-13,//cdmd.cnki.com.cn/Article/CDMD-10532-1013170218.htm
基于连续时间贝叶斯网络的可信软件风险预测研究,王平涛,南京大学,2010-02-01,//cdmd.cnki.com.cn/Article/CDMD-10284-1012372284.htm
基于虚拟可信平台的软件可信性研究,郝瑞,太原理工大学,2013-05-01,//cdmd.cnki.com.cn/Article/CDMD-10112-1013354169.htm
模型驱动的城轨列车车载控制系统软件评估体系,徐伟,中国铁道科学研究院,2014-05-01,//cdmd.cnki.com.cn/Article/CDMD-83801-1015500283.htm
软件网络结构特征和信息代谢的研究,李鹏,东北大学,2011-12-15,//cdmd.cnki.com.cn/Article/CDMD-10145-1015559723.htm
网构软件信任演化模型研究,董宇欣,哈尔滨工程大学,2011-03-01,//cdmd.cnki.com.cn/Article/CDMD-10217-1012265815.htm
基于特征的软件产品线开发关键技术研究,李弈远（朱理）,浙江大学,2007-06-01,//cdmd.cnki.com.cn/Article/CDMD-10335-2007187938.htm
高可信软件可靠性和防危性测试与评价理论研究,覃志东,电子科技大学,2005-09-01,//cdmd.cnki.com.cn/Article/CDMD-10614-2006113522.htm
软件外包企业技术能力成长机制研究,张笑楠,大连理工大学,2012-05-01,//cdmd.cnki.com.cn/Article/CDMD-10141-1012393437.htm
回转式膜上辣椒钵苗移栽机构的优化设计与试验研究,周脉乐,东北农业大学,2017-06-01,//cdmd.cnki.com.cn/Article/CDMD-10224-1017150210.htm
基于水印和特征的软件保护技术研究,罗养霞,西北大学,2013-06-30,//cdmd.cnki.com.cn/Article/CDMD-10697-1015501736.htm
面向开源社区的开发者群体行为分析方法,李其锋,武汉大学,2014-10-01,//cdmd.cnki.com.cn/Article/CDMD-10486-1015565912.htm
基于模型检查的嵌入式软件构件化分析与验证,孙福振,北京理工大学,2015-01-01,//cdmd.cnki.com.cn/Article/CDMD-10007-1016706848.htm
面向风险管理的企业应用软件项目实施模型与方法研究,杨律青,华中科技大学,2008-10-01,//cdmd.cnki.com.cn/Article/CDMD-10487-2009044420.htm
需求模型到软件体系结构的转换方法研究,黄勃,武汉大学,2014-09-01,//cdmd.cnki.com.cn/Article/CDMD-10486-1015565907.htm
软件网络宏观拓扑特征研究及大型水电仿真软件中的检验,李博,东北大学,2012-12-24,//cdmd.cnki.com.cn/Article/CDMD-10145-1016011710.htm
基于过程构件复用的过程定义和改进研究,邬惠峰,浙江大学,2006-02-01,//cdmd.cnki.com.cn/Article/CDMD-10335-2006033501.htm
领域软件开发中体系结构元模型及模型转换方法研究,彭君,吉林大学,2010-09-01,//cdmd.cnki.com.cn/Article/CDMD-10183-2011014209.htm
结构数字化建模与算法,秦强,北京理工大学,2014-06-01,//cdmd.cnki.com.cn/Article/CDMD-10007-1014086876.htm
生产制造类软件项目风险的识别、评估和控制研究,赵金元,北京科技大学,2015-05-12,//cdmd.cnki.com.cn/Article/CDMD-10008-1015616302.htm
工作流管理技术研究,于万钧,吉林大学,2004-10-01,//cdmd.cnki.com.cn/Article/CDMD-10183-2005013366.htm
特征模型驱动的软件开发方法及相关技术研究,张俊,吉林大学,2010-09-01,//cdmd.cnki.com.cn/Article/CDMD-10183-2011014442.htm
UML动态行为图的机械语义形式验证与精化研究,窦亮,华东师范大学,2015-01-10,//cdmd.cnki.com.cn/Article/CDMD-10269-1015339487.htm
基于设计模式和框架的E&P领域基础中间件研究,盛秀杰,中国地质大学,2010-05-01,//cdmd.cnki.com.cn/Article/CDMD-10491-2010250520.htm
软件质量保障的若干技术研究,许东,上海大学,2007-07-01,//cdmd.cnki.com.cn/Article/CDMD-11903-2007221129.htm
云平台中水印感知的Java安全运行环境关键技术研究,余志伟,清华大学,2013-06-01,//cdmd.cnki.com.cn/Article/CDMD-10003-1014020710.htm
循环肿瘤DNA测序的数据分析方法,陈实富,中国科学院大学(中国科学院深圳先进技术研究院),2017-10-01,//cdmd.cnki.com.cn/Article/CDMD-80177-1017874462.htm
开放式数控系统软件故障自诊断、自愈合的研究,袁修华,吉林大学,2011-10-01,//cdmd.cnki.com.cn/Article/CDMD-10183-1012257711.htm
基于构件的软件开发中的构件供应商任务指派及构件选择方法,牟立峰,东北大学　,2009-11-05,//cdmd.cnki.com.cn/Article/CDMD-10145-2010054837.htm
基于代码依赖分析的软件可追踪技术研究,匡宏宇,南京大学,2016-12-01,//cdmd.cnki.com.cn/Article/CDMD-10284-1017037535.htm
矿山信息系统体系结构研究与矿山数据集成与分析基础平台开发,李壮阔,昆明理工大学,2004-10-27,//cdmd.cnki.com.cn/Article/CDMD-10674-2005130483.htm
基于关键节点和可疑度的软件故障定位方法研究,姜万昌,燕山大学,2017-05-01,//cdmd.cnki.com.cn/Article/CDMD-10216-1017726316.htm
基于神经网络的软件可靠性模型,尹乾,北京师范大学,2006-06-01,//cdmd.cnki.com.cn/Article/CDMD-10027-2007210392.htm
软件可信性保障若干关键技术,何加浪,南京理工大学,2011-10-01,//cdmd.cnki.com.cn/Article/CDMD-10288-1013167398.htm
基于系统虚拟化的软件安全保护关键技术研究,邹冰玉,武汉大学,2016-05-01,//cdmd.cnki.com.cn/Article/CDMD-10486-1016131911.htm
赤铁矿磨矿过程运行优化控制软件系统研究,代伟,东北大学,2015-01-01,//cdmd.cnki.com.cn/Article/CDMD-10145-1016011537.htm
面向构件的软件可信性度量模型研究,王保华,华东师范大学,2019-10-01,//cdmd.cnki.com.cn/Article/CDMD-10621-1020603958.htm
软件工程缺陷分析关键技术研究,张芸,浙江大学,2018-04-12,//cdmd.cnki.com.cn/Article/CDMD-10335-1018254799.htm
基于软件网络模型的开源操作系统复杂性及演化分析技术研究,王静,国防科技大学,2019-04-01,//cdmd.cnki.com.cn/Article/CDMD-91002-1020386026.htm
基于结构和行为的恶意软件分析方法研究,程斌林,武汉大学,2016-05-01,//cdmd.cnki.com.cn/Article/CDMD-10486-1017009919.htm
SaaS系统管理与进化自主算法研究,Nadir Kamal Salih Idries（沙里）,哈尔滨工业大学,2014-06-01,//cdmd.cnki.com.cn/Article/CDMD-10213-1014085203.htm
软件生产线度量技术应用研究,丁剑洁,西北大学,2012-06-30,//cdmd.cnki.com.cn/Article/CDMD-10697-1012442238.htm
软件质量测评模型与测试数据生成方法研究,李克文,天津大学,2011-11-01,//cdmd.cnki.com.cn/Article/CDMD-10056-1012022190.htm
基于机器学习的软件缺陷预测技术研究,马樱,电子科技大学,2012-04-01,//cdmd.cnki.com.cn/Article/CDMD-10614-1012473816.htm
软件故障注入关键技术研究,潘庆和,哈尔滨工业大学,2011-04-01,//cdmd.cnki.com.cn/Article/CDMD-10213-1011279528.htm
软件企业战略风险评估研究,尹航,辽宁大学,2012-06-01,//cdmd.cnki.com.cn/Article/CDMD-10140-1013104761.htm
基于系统动力学的软件开发项目管理,宁晓倩,复旦大学,2004-04-25,//cdmd.cnki.com.cn/Article/CDMD-10246-2004134877.htm
水平力作用下岩土工程结构内力计算方法研究,王伟,吉林大学,2015-10-01,//cdmd.cnki.com.cn/Article/CDMD-10183-1016009436.htm
基于第二代测序的转录组组装软件比较研究,卢戌,兰州大学,2013-05-01,//cdmd.cnki.com.cn/Article/CDMD-10730-1014135082.htm
开源软件中三类预测问题的学习模型研究,刘超,重庆大学,2018-09-01,//cdmd.cnki.com.cn/Article/CDMD-10611-1019817007.htm
动态软件体系结构建模与模型验证方法的研究,郑志,大连理工大学,2010-08-01,//cdmd.cnki.com.cn/Article/CDMD-10141-2011014170.htm
电信软件变化性管理机制研究,黄兴平,北京邮电大学,2007-04-20,//cdmd.cnki.com.cn/Article/CDMD-10013-2007167281.htm
GIS软件测试的关键问题与应用实践,王鸿燕,武汉大学,2010-05-10,//cdmd.cnki.com.cn/Article/CDMD-10486-2010167199.htm
基于软件演化的克隆代码分析与一致性维护方法研究,张凡龙,哈尔滨工业大学,2017-10-01,//cdmd.cnki.com.cn/Article/CDMD-10213-1018897049.htm
软件定义物联网路由研究,王军锋,华中科技大学,2016-05-01,//cdmd.cnki.com.cn/Article/CDMD-10487-1016101659.htm
软件企业技术创新战略研究,王新宇,北京交通大学,2009-03-01,//cdmd.cnki.com.cn/Article/CDMD-10004-2009205127.htm
Java程序动态更新技术研究,顾天晓,南京大学,2017-02-27,//cdmd.cnki.com.cn/Article/CDMD-10284-1017037539.htm
基于运行时验证的软件监控关键技术研究,赵常智,国防科学技术大学,2011-04-01,//cdmd.cnki.com.cn/Article/CDMD-90002-1011303491.htm
Android软件恶意行为检测技术研究,曲家兴,哈尔滨工程大学,2017-05-01,//cdmd.cnki.com.cn/Article/CDMD-10217-1018083097.htm
面向CPS时间属性的软件可信建模与验证方法研究,许海洋,南京航空航天大学,2017-03-01,//cdmd.cnki.com.cn/Article/CDMD-10287-1019801199.htm
基于消息和构件运算的软件体系结构演化研究,黄万艮,中南大学,2008-09-01,//cdmd.cnki.com.cn/Article/CDMD-10533-2009208328.htm
软件组织多项目协同管理研究,宋丽红,天津大学,2006-06-01,//cdmd.cnki.com.cn/Article/CDMD-10056-2007041657.htm
我国疾病预防控制绩效考核的研究与实践,李程跃,复旦大学,2011-04-10,//cdmd.cnki.com.cn/Article/CDMD-10246-1011184122.htm
基于EPMM的软件演化过程模型验证,代飞,云南大学,2011-06-01,//cdmd.cnki.com.cn/Article/CDMD-10673-1011212098.htm
基于软件体系结构的构件模型和语言研究,陈波,国防科学技术大学,2007-04-01,//cdmd.cnki.com.cn/Article/CDMD-90002-2008098716.htm
先进控制策略与软件实现及应用研究,王跃宣,浙江大学,2003-02-01,//cdmd.cnki.com.cn/Article/CDMD-10335-2003051216.htm
基于网格近似法的数控机床贝叶斯可靠性评估研究,阚英男,吉林大学,2015-12-01,//cdmd.cnki.com.cn/Article/CDMD-10183-1016009442.htm
云数据中心软件定义网络数据层可生存性保障机制研究,袁斌,华中科技大学,2018-04-01,//cdmd.cnki.com.cn/Article/CDMD-10487-1018210433.htm
基于故障上下文的轻量级软件错误定位方法研究,王勇,南京航空航天大学,2018-12-01,//cdmd.cnki.com.cn/Article/CDMD-10287-1019633269.htm
基于模型的Web应用测试用例生成方法,钱忠胜,上海大学,2008-06-01,//cdmd.cnki.com.cn/Article/CDMD-11903-2008198513.htm
结合测试用例约简和概率图建模的软件错误定位方法研究,龚丹丹,哈尔滨工业大学,2014-06-25,//cdmd.cnki.com.cn/Article/CDMD-10213-1014084896.htm
Android应用软件的安全保护技术研究,张文,北京邮电大学,2019-04-06,//cdmd.cnki.com.cn/Article/CDMD-10013-1019114085.htm
基于π演算的软件体系结构形式化研究,任洪敏,复旦大学,2003-04-15,//cdmd.cnki.com.cn/Article/CDMD-10246-2003125650.htm
基于ARM9嵌入式和工业以太网的矿井瓦斯监控系统研究,徐竟天,西安科技大学,2011-06-01,//cdmd.cnki.com.cn/Article/CDMD-10704-1011300605.htm
个性化业务流程定制的关键问题研究,姚青,山东大学,2009-10-10,//cdmd.cnki.com.cn/Article/CDMD-10422-2010067581.htm
特高含水期油气水管道安全混输界限确定及水力热力计算方法研究,刘晓燕,大庆石油学院,2005-04-01,//cdmd.cnki.com.cn/Article/CDMD-10220-2005154571.htm
软件外包接包商绩效的影响因素,陆愚,复旦大学,2010-03-15,//cdmd.cnki.com.cn/Article/CDMD-10246-2010194713.htm
重力及梯度数据综合解释跨平台操作软件系统研究,卢鹏羽,吉林大学,2016-06-01,//cdmd.cnki.com.cn/Article/CDMD-10183-1016089549.htm
面向群体化软件开发的推荐方法与技术研究,杨程,国防科技大学,2018-04-01,//cdmd.cnki.com.cn/Article/CDMD-91002-1020700951.htm
软件项目风险管理的贝叶斯网络模型研究,蒋国萍,国防科学技术大学,2005-10-01,//cdmd.cnki.com.cn/Article/CDMD-90002-2006127582.htm
执行上下文感知的半自动化软件调试方法研究,赵磊,武汉大学,2012-11-20,//cdmd.cnki.com.cn/Article/CDMD-10486-1013151915.htm
软件无线电理论及应用技术研究,林华杰,西北工业大学,2004-06-01,//cdmd.cnki.com.cn/Article/CDMD-10699-2005154759.htm
网络化软件运行时交互行为过程特性分析,彭成,中南大学,2013-11-01,//cdmd.cnki.com.cn/Article/CDMD-10533-1014404182.htm
面向软件过程改进的知识管理技术研究,张晓刚,中国科学院研究生院（软件研究所）,2003-12-01,//cdmd.cnki.com.cn/Article/CDMD-80150-2004086577.htm
基于风险管理的软件生命周期模型研究,钱鸿生,同济大学,2006-02-01,//cdmd.cnki.com.cn/Article/CDMD-10247-2006193002.htm
基于数据挖掘的软件错误定位方法研究,曹鹤玲,中国矿业大学,2015-06-01,//cdmd.cnki.com.cn/Article/CDMD-10290-1015972426.htm
可信计算支撑软件的分析与测试研究,何凡,武汉大学,2013-10-01,//cdmd.cnki.com.cn/Article/CDMD-10486-1014135227.htm
SaaS应用中多租户若干关键技术研究,顾平莉,北京邮电大学,2012-06-20,//cdmd.cnki.com.cn/Article/CDMD-10013-1012499271.htm
非小细胞肺癌新的治疗性靶点的探索,杨露璐,南方医科大学,2014-03-30,//cdmd.cnki.com.cn/Article/CDMD-90023-1014340120.htm
基于符号化模型检测的软件演化过程模型验证,刘金卓,云南大学,2013-06-01,//cdmd.cnki.com.cn/Article/CDMD-10673-1013308058.htm
支持模型驱动开发的体系结构形式化语义与转换一致性研究,侯金奎,山东大学,2008-10-10,//cdmd.cnki.com.cn/Article/CDMD-10422-2009043538.htm
网构软件可信性保证关键技术研究,司冠南,南开大学,2012-05-01,//cdmd.cnki.com.cn/Article/CDMD-10055-1013175084.htm
考虑盗版影响的软件产品线策略和定价模型研究,蒋紫艳,上海交通大学,2018-03-23,//cdmd.cnki.com.cn/Article/CDMD-10248-1019641143.htm
基于缺陷模式的软件测试技术研究,王雅文,北京邮电大学,2009-10-23,//cdmd.cnki.com.cn/Article/CDMD-10013-2010223573.htm
软件研发项目团队有效性研究,徐佩,河海大学,2006-11-01,//cdmd.cnki.com.cn/Article/CDMD-10294-2007017177.htm
嵌入式软件保护关键技术研究与应用,鲁晓成,武汉理工大学,2011-09-01,//cdmd.cnki.com.cn/Article/CDMD-10497-1012272395.htm
列车运行控制系统软件故障相关形式化测试方法,张岩,北京交通大学,2012-06-01,//cdmd.cnki.com.cn/Article/CDMD-10004-1012357000.htm
软件工程数据挖掘若干问题研究,郁抒思,复旦大学,2011-09-17,//cdmd.cnki.com.cn/Article/CDMD-10246-1014442848.htm
基于因果推理与聚类分析的软件错误定位,王兴亚,中国矿业大学,2017-05-01,//cdmd.cnki.com.cn/Article/CDMD-10290-1018804546.htm
软件技术的哲学探究,胡兴华,复旦大学,2008-04-10,//cdmd.cnki.com.cn/Article/CDMD-10246-2009077878.htm
软件体系结构与软件重用方法的研究,于卫,西安电子科技大学,1999-12-01,//cdmd.cnki.com.cn/Article/CDMD-10701-1999000070.htm
面向用户的软件柔性度量研究,彭思维,燕山大学,2012-12-01,//cdmd.cnki.com.cn/Article/CDMD-10216-1013009457.htm
数控系统软件可靠性及评估方法研究与应用,王力超,合肥工业大学,2016-06-01,//cdmd.cnki.com.cn/Article/CDMD-10359-1017154887.htm
基于语义关系的网构软件演化技术研究,宋敏,哈尔滨工程大学,2013-09-01,//cdmd.cnki.com.cn/Article/CDMD-10217-1017243112.htm
Sanders Ⅱ型及Ⅲ型跟骨骨折三维有限元模型建立及不同内固定方法力学稳定性的有限元分析,何凯,南方医科大学,2015-05-18,//cdmd.cnki.com.cn/Article/CDMD-12121-1016003064.htm
数据驱动的软件开发过程挖掘与分析研究,朱锐,云南大学,2016-03-01,//cdmd.cnki.com.cn/Article/CDMD-10673-1016219162.htm
GPS数据预处理和星载GPS运动学定轨研究及其软件实现,郑作亚,中国科学院研究生院（上海天文台）,2004-12-01,//cdmd.cnki.com.cn/Article/CDMD-80022-2005154815.htm
软件可靠性增长模型的分析与研究,杨志鸿,华中科技大学,2011-08-01,//cdmd.cnki.com.cn/Article/CDMD-10487-1012268187.htm
基于数据挖掘技术的恶意软件检测关键问题研究,倪铭,南京理工大学,2018-01-01,//cdmd.cnki.com.cn/Article/CDMD-10288-1019157680.htm
大型CAD系统软件架构及其开发方法研究,王珉,西北工业大学,2006-04-01,//cdmd.cnki.com.cn/Article/CDMD-10699-2007214275.htm
基于构件的软件开发关键问题研究,丁晓明,西南大学,2012-10-20,//cdmd.cnki.com.cn/Article/CDMD-10635-1013110168.htm
开放网络环境下软件行为监测与分析研究,满君丰,中南大学,2010-05-01,//cdmd.cnki.com.cn/Article/CDMD-10533-2010185851.htm
便携式设备专有软件能耗评估技术研究,Abdelmotalib Ahmed Mohamed Salih（塔里）,哈尔滨工业大学,2014-06-01,//cdmd.cnki.com.cn/Article/CDMD-10213-1014085204.htm
依赖性分析及其在软件测试中的应用,缪力,湖南大学,2005-11-21,//cdmd.cnki.com.cn/Article/CDMD-10532-2006131015.htm
面向软件Bug仓库的数据分析及其应用,玄跻峰,大连理工大学,2012-10-20,//cdmd.cnki.com.cn/Article/CDMD-10141-1013198575.htm
针对程序员行为跟踪和分析的研究,鲍凌峰,浙江大学,2016-03-22,//cdmd.cnki.com.cn/Article/CDMD-10335-1016063814.htm
网管软件可靠性工程框架及若干关键技术研究,吴震,北京邮电大学,2007-04-20,//cdmd.cnki.com.cn/Article/CDMD-10013-2008138951.htm
创伤性泪道损伤有限元分析、影像解剖及手术治疗观察,陈学华,南方医科大学,2014-05-18,//cdmd.cnki.com.cn/Article/CDMD-90023-1014340146.htm
面向软件定义自组织网络的网络功能组合机制研究,董芳,战略支援部队信息工程大学,2020-05-06,//cdmd.cnki.com.cn/Article/CDMD-91037-1020764345.htm
基于序列聚类的软件漏洞检测方法研究,王妍妍,燕山大学,2012-12-01,//cdmd.cnki.com.cn/Article/CDMD-10216-1013009616.htm
基于形式方法面向服务的Web软件开发技术研究,孙军梅,上海大学,2007-12-01,//cdmd.cnki.com.cn/Article/CDMD-11903-2008198532.htm
软件Bug的报告生成与理解,李晓晨,大连理工大学,2019-06-10,//cdmd.cnki.com.cn/Article/CDMD-10141-1019113904.htm
数据层资源适应型若干优化实现方法及应用研究,隋新征,南开大学,2012-05-01,//cdmd.cnki.com.cn/Article/CDMD-10055-1013175085.htm
基于面向对象形式规格说明的测试用例生成技术,刘玲,上海大学,2004-02-01,//cdmd.cnki.com.cn/Article/CDMD-11903-2004092397.htm
基于模型的汽车电子软件综合方法研究,高志刚,浙江大学,2008-01-01,//cdmd.cnki.com.cn/Article/CDMD-10335-2008066049.htm
鹅掌楸群体空间遗传结构研究,李博,南京林业大学,2013-06-01,//cdmd.cnki.com.cn/Article/CDMD-10298-1013045849.htm
网构软件系统构建的形式化分析研究,伍建焜,上海交通大学,2009-04-01,//cdmd.cnki.com.cn/Article/CDMD-10248-2010113591.htm
基于多模态测量的放疗软件可用性研究,江明尹,华中科技大学,2019-05-01,//cdmd.cnki.com.cn/Article/CDMD-10487-1020412345.htm
威胁模型驱动的软件安全评估与测试方法的研究,何可,天津大学,2010-06-01,//cdmd.cnki.com.cn/Article/CDMD-10056-1011266610.htm
基于传感器网络的监测系统模型及关键技术研究,陈朋朋,中国海洋大学,2011-05-30,//cdmd.cnki.com.cn/Article/CDMD-10423-1011231321.htm
基于网格的面向Agent软件分析与设计建模方法及环境研究,刘炜,上海大学,2005-04-01,//cdmd.cnki.com.cn/Article/CDMD-11903-2005120643.htm
R软件的知识结构与开发者合作结构及其演化研究,陈泉,华南理工大学,2013-12-20,//cdmd.cnki.com.cn/Article/CDMD-10561-1014153495.htm
小组软件过程建模方法及过程定义重用研究,张冰,哈尔滨工程大学,2009-09-01,//cdmd.cnki.com.cn/Article/CDMD-10217-1011021029.htm
复杂软件系统研发中客户创意知识获取研究,张庆华,哈尔滨工业大学,2013-12-01,//cdmd.cnki.com.cn/Article/CDMD-10213-1014085031.htm
软件产品价格机制研究,王万山,江西财经大学,2003-05-01,//cdmd.cnki.com.cn/Article/CDMD-10421-2003082728.htm
移动平台下的软件保护关键理论与技术研究,张鹏,北京邮电大学,2020-03-15,//cdmd.cnki.com.cn/Article/CDMD-10013-1020162528.htm
化学计量学算法实现的软件开发基础研究,张志敏,中南大学,2012-06-01,//cdmd.cnki.com.cn/Article/CDMD-10533-1013358490.htm
面向软件生态系统的软件调试关键技术研究,丁晖,南京大学,2018-08-01,//cdmd.cnki.com.cn/Article/CDMD-10284-1019015436.htm
基于组织的面向Agent程序设计理论及语言,胡翠云,国防科学技术大学,2013-04-01,//cdmd.cnki.com.cn/Article/CDMD-90002-1014047927.htm
基于搜索的软件自动修复关键技术,吴川,中国矿业大学,2017-06-01,//cdmd.cnki.com.cn/Article/CDMD-10290-1017950204.htm
软件保护中的关键问题研究,朱建启,吉林大学,2009-10-01,//cdmd.cnki.com.cn/Article/CDMD-10183-2010032132.htm
基于量子框架的开放式汽车电控系统体系架构及其应用研究,李晓军,山东大学,2008-10-23,//cdmd.cnki.com.cn/Article/CDMD-10422-2009043821.htm
基于域分析的CAPP软件体系结构,王锦,西北工业大学,2001-01-01,//cdmd.cnki.com.cn/Article/CDMD-10699-2001007941.htm
适应性软件体系结构评价方法研究,杨红,大连理工大学,2007-01-01,//cdmd.cnki.com.cn/Article/CDMD-10141-2007207109.htm
自由软件运动背景下的自由软件伦理精神研究,刘晓飞,南开大学,2010-05-01,//cdmd.cnki.com.cn/Article/CDMD-10055-1011045666.htm
物流装备控制和监控系统关键技术研究,马殷元,兰州交通大学,2017-05-06,//cdmd.cnki.com.cn/Article/CDMD-10732-1017235813.htm
高效协议软件安全性分析关键技术研究,温沙蒙,国防科技大学,2017-11-01,//cdmd.cnki.com.cn/Article/CDMD-91002-1020700960.htm
汽车件的冷挤压工艺与疲劳寿命智能分析系统的研究,徐虹,吉林大学,2005-04-01,//cdmd.cnki.com.cn/Article/CDMD-10183-2005107342.htm
软件无线电的基本理论构架,张健,电子科技大学,2000-10-01,//cdmd.cnki.com.cn/Article/CDMD-10614-2000003170.htm
发动机电子控制系统的实验研究,韩以伦,太原理工大学,2003-10-01,//cdmd.cnki.com.cn/Article/CDMD-10112-2004097400.htm
杏1-3区表外储层剩余油描述及注表活剂挖潜技术研究,薛家锋,大庆石油学院,2004-05-01,//cdmd.cnki.com.cn/Article/CDMD-10220-2004104793.htm
快速成形工艺软件的若干关键技术研究,刘冰,华中科技大学,2009-05-01,//cdmd.cnki.com.cn/Article/CDMD-10487-2009173713.htm
电动汽车建模与仿真的研究,张翔,合肥工业大学,2004-10-01,//cdmd.cnki.com.cn/Article/CDMD-10359-2005011888.htm
基于联合仿真的机电液一体化系统优化设计方法研究,朱德泉,中国科学技术大学,2012-11-01,//cdmd.cnki.com.cn/Article/CDMD-10358-1013110370.htm
探讨过量使用移动社交网络Apps对个人用户的负面影响,郑夏冰,中国科学技术大学,2014-04-29,//cdmd.cnki.com.cn/Article/CDMD-10358-1014268768.htm
软件源代码安全分析研究,张立勇,西安电子科技大学,2011-01-01,//cdmd.cnki.com.cn/Article/CDMD-10701-1011200557.htm
基于降维技术的软件脆弱性预测方法改进的研究,PATRICK KWAKU KUDJO,江苏大学,2019-12-01,//cdmd.cnki.com.cn/Article/CDMD-10299-1020722423.htm
基于P2P网络环境的网构软件相关技术研究,赵丽娜,浙江大学,2007-11-01,//cdmd.cnki.com.cn/Article/CDMD-10335-2008045880.htm
车辆-轨道系统刚柔耦合动力学软件开发及动态响应特性研究,崔潇,中国铁道科学研究院,2019-06-01,//cdmd.cnki.com.cn/Article/CDMD-83801-1019058465.htm
软件定义网络可靠性保障机制研究,王鹏展,中国科学技术大学,2018-05-01,//cdmd.cnki.com.cn/Article/CDMD-10358-1018095984.htm
嵌入式软件开放式集成开发平台体系结构研究,郭兵,电子科技大学,2002-04-01,//cdmd.cnki.com.cn/Article/CDMD-10614-2002102458.htm
关联缺陷及其应用研究,刘新忠,吉林大学,2010-10-01,//cdmd.cnki.com.cn/Article/CDMD-10183-2011014447.htm
互联网环境下不正当竞争行为的法律规制研究,陈文文,华东政法大学,2016-05-16,//cdmd.cnki.com.cn/Article/CDMD-10276-1016907325.htm
细粒度软件抗衰策略及相关技术研究,游静,南京理工大学,2006-03-01,//cdmd.cnki.com.cn/Article/CDMD-10288-2006183402.htm
基于MapReduce蚁群算法的多租户SaaS服务定制与部署方法研究,王会颖,合肥工业大学,2014-04-01,//cdmd.cnki.com.cn/Article/CDMD-10359-1015574009.htm
江门中微子实验离线软件系统的设计与开发,李腾,山东大学,2017-05-25,//cdmd.cnki.com.cn/Article/CDMD-10422-1017062885.htm
弓形虫表面抗原蛋白5的结构分析及免疫学研究,吕刚,山东大学,2015-05-13,//cdmd.cnki.com.cn/Article/CDMD-10422-1015368771.htm
面向对象软件测试的研究,姚砺,浙江大学,2002-12-01,//cdmd.cnki.com.cn/Article/CDMD-10335-2003032173.htm
虚拟环境下核电站实物保护系统有效性分析技术研究,邹博文,哈尔滨工程大学,2018-01-12,//cdmd.cnki.com.cn/Article/CDMD-10217-1018291796.htm
iGeo：智能几何软件的定理证明器,江建国,中国科学院研究生院（成都计算机应用研究所）,2006-04-01,//cdmd.cnki.com.cn/Article/CDMD-80153-2006103255.htm
面向资源的规约挖掘与强制技术研究,代子营,国防科学技术大学,2013-09-01,//cdmd.cnki.com.cn/Article/CDMD-90002-1015959327.htm
扫描电子束三维成型的研究,陈云霞,上海交通大学,2010-05-01,//cdmd.cnki.com.cn/Article/CDMD-10248-2010113302.htm
程序分析与检测中的若干问题研究,汤震浩,南京大学,2018-11-30,//cdmd.cnki.com.cn/Article/CDMD-10284-1019030149.htm
薄板多点成形过程有限元分析的研究,裴永生,吉林大学,2004-09-01,//cdmd.cnki.com.cn/Article/CDMD-10183-2005013400.htm
产品线架构中支持软件复用的若干关键技术的研究,郭军,东北大学,2005-12-15,//cdmd.cnki.com.cn/Article/CDMD-10145-2006155149.htm
支持异地协同遗留系统再工程的软件工程方法研究,徐斌,浙江大学,2004-12-01,//cdmd.cnki.com.cn/Article/CDMD-10335-2005040082.htm
人体膝关节相关数字解剖学研究及在体稳定性测试系统的建立,李鉴轶,第一军医大学,2007-04-15,//cdmd.cnki.com.cn/Article/CDMD-90023-2007211403.htm
优化硬件资源使用：一种避免软件应用崩溃的技术,卡纳阿尼尔（Anil Kumar Karna）,上海交通大学,2017-03-01,//cdmd.cnki.com.cn/Article/CDMD-10248-1019610539.htm
局部晚期宫颈癌术前精准动脉化疗数字化三维评估平台的建立,陈春林,南方医科大学,2013-03-20,//cdmd.cnki.com.cn/Article/CDMD-90023-1015569685.htm
飞行模拟机实时仿真管理系统的研究,郑淑涛,哈尔滨工业大学,2009-11-01,//cdmd.cnki.com.cn/Article/CDMD-10213-2011015847.htm
基于Agent的自适应系统运行机制及其构造技术研究,董孟高,国防科学技术大学,2011-04-01,//cdmd.cnki.com.cn/Article/CDMD-90002-1011303475.htm
软件安全中的若干关键技术研究,刁俊峰,北京邮电大学,2007-05-06,//cdmd.cnki.com.cn/Article/CDMD-10013-2007167382.htm
四种水生蔬菜的转录组学研究及EST-SSR标记的开发,游永宁,武汉大学,2015-04-01,//cdmd.cnki.com.cn/Article/CDMD-10486-1015306227.htm
面向开源软件质量的社交技术一致性度量研究,张伟强,南京大学,2019-05-31,//cdmd.cnki.com.cn/Article/CDMD-10284-1019226191.htm
基于胫骨止点纤维软骨空间构型的前交叉韧带功能束划分及力学分析研究,代灿,第三军医大学,2015-05-01,//cdmd.cnki.com.cn/Article/CDMD-90031-1015626370.htm
代码疑似故障自动确认的关键技术研究,朱红磊,北京邮电大学,2019-12-23,//cdmd.cnki.com.cn/Article/CDMD-10013-1020162514.htm
软件运行时可变性的动态演化技术研究,刘吉伟,国防科学技术大学,2016-10-01,//cdmd.cnki.com.cn/Article/CDMD-90002-1018996974.htm
基于有限差分法的铸造热应力数值模拟,王跃平,哈尔滨工业大学,2013-07-01,//cdmd.cnki.com.cn/Article/CDMD-10213-1013045106.htm
数据驱动的教育决策支持系统（DDEDSS）设计与开发研究,黄景碧,华东师范大学,2012-04-01,//cdmd.cnki.com.cn/Article/CDMD-10269-1012436041.htm
ICF物理实验分布式测量软件系统,陈鸣,中国科学技术大学,2007-04-01,//cdmd.cnki.com.cn/Article/CDMD-10358-2007097194.htm
分布式软件故障注入及软件脆弱点检测方法研究,李爱国,哈尔滨工业大学,2007-09-01,//cdmd.cnki.com.cn/Article/CDMD-10213-2008194772.htm
CFETR设计软件集成平台研发,王伸吉,中国科学技术大学,2016-04-23,//cdmd.cnki.com.cn/Article/CDMD-10358-1016319954.htm
HIAF模块化加速器控制软件开发平台的研究及实现,安石,中国科学院大学(中国科学院近代物理研究所),2019-06-01,//cdmd.cnki.com.cn/Article/CDMD-80017-1019655828.htm
Web服务适配关键技术研究,曹国荣,国防科学技术大学,2015-09-01,//cdmd.cnki.com.cn/Article/CDMD-90002-1017834211.htm
Pcanel——基于模型驱动的嵌入式系统设计平台,陈文智,浙江大学,2005-01-01,//cdmd.cnki.com.cn/Article/CDMD-10335-2005040083.htm
髌骨骨折张力带内固定有限元模型的建立和分析,徐洪璋,南方医科大学,2011-05-24,//cdmd.cnki.com.cn/Article/CDMD-90023-1012250986.htm
结合量效关系及指纹图谱智能软件分析系统的中药质量均一性控制策略研究,王金钱,中国中医科学院,2017-05-14,//cdmd.cnki.com.cn/Article/CDMD-84502-1017230711.htm
无明显认知障碍的终末期肾病患者脑改变:多模态磁共振成像研究,马晓芬,南方医科大学,2015-03-20,//cdmd.cnki.com.cn/Article/CDMD-12121-1016013415.htm
组合测试技术的研究与应用,崔应霞,安徽大学,2011-04-01,//cdmd.cnki.com.cn/Article/CDMD-10357-1011242202.htm
新型农村合作医疗信息系统辅助决策方法及应用研究,马骋宇,山东大学,2010-05-22,//cdmd.cnki.com.cn/Article/CDMD-10422-2010101137.htm
汽车电子软件智能部署与可靠性算法研究,冉正,电子科技大学,2018-03-20,//cdmd.cnki.com.cn/Article/CDMD-10614-1018974821.htm
面向多核/众核平台的猜测并行关键技术研究,徐帆,国防科学技术大学,2014-12-08,//cdmd.cnki.com.cn/Article/CDMD-90002-1016922148.htm
可信软件测试理论与技术研究,郭曦,武汉大学,2013-04-01,//cdmd.cnki.com.cn/Article/CDMD-10486-1013209879.htm
虚拟软件项目开发风险评价研究,胥琳,华中科技大学,2011-08-01,//cdmd.cnki.com.cn/Article/CDMD-10487-1012268074.htm
高压直流输电系统可听噪声预测系统的研究,魏浩征,合肥工业大学,2010-11-01,//cdmd.cnki.com.cn/Article/CDMD-10359-1011033741.htm
软件缺陷报告严重性预测研究,刘文杰,大连理工大学,2020-03-13,//cdmd.cnki.com.cn/Article/CDMD-10141-1020093955.htm
图像融合技术建立颞下颌关节有限元模型的生物力学分析研究,买买提吐逊·吐尔地,新疆医科大学,2013-06-01,//cdmd.cnki.com.cn/Article/CDMD-10760-1015544622.htm
髂骨螺钉骨性通道的临床解剖学、三维重建图像及毗邻血管、神经的研究,盛伟超,南方医科大学,2009-04-01,//cdmd.cnki.com.cn/Article/CDMD-90023-2009194990.htm
基于FPGA的片上多处理器建模方法,李颀,中国科学技术大学,2012-05-01,//cdmd.cnki.com.cn/Article/CDMD-10358-1012503722.htm
面向软件产品线的开发模型与领域构件逆向抽取,杨益明,复旦大学,2010-04-15,//cdmd.cnki.com.cn/Article/CDMD-10246-2010194697.htm
中风治未病理论的文献研究及其在临床中的应用探讨,郑永亮,广州中医药大学,2012-04-01,//cdmd.cnki.com.cn/Article/CDMD-10572-1012397231.htm
基于软件构件的软件复用的研究,朱建江,南京航空航天大学,2001-06-01,//cdmd.cnki.com.cn/Article/CDMD-10287-2002000672.htm
光栅刻划机虚拟样机技术及应用研究,刘栋材,中国科学技术大学,2011-05-01,//cdmd.cnki.com.cn/Article/CDMD-10358-1012324133.htm
采煤工作面回风巷风流中粉尘运移沉降特征研究,王健,中国矿业大学(北京),2017-03-21,//cdmd.cnki.com.cn/Article/CDMD-11413-1017237905.htm
以医院为基础的系统性红斑狼疮病例时空分布及相关气候因素研究,杨洁,安徽医科大学,2014-03-01,//cdmd.cnki.com.cn/Article/CDMD-10366-1014361239.htm
光学分子影像技术在肝癌动物模型构建及诊疗中的应用研究,李岗,南方医科大学,2015-03-01,//cdmd.cnki.com.cn/Article/CDMD-12121-1016013148.htm
汽车自动变速系统控制器开发平台研究,黄全安,清华大学,2011-10-01,//cdmd.cnki.com.cn/Article/CDMD-10003-1013047786.htm
EWI-2对肿瘤细胞运动性、粘附性以及间叶样细胞向阿米巴样细胞转换的影响,付琛颖,南方医科大学,2013-04-01,//cdmd.cnki.com.cn/Article/CDMD-12121-1016315679.htm
人工膝关节股骨远端、胫骨近端截骨与假体的数字化形态学研究及其意义,胡岩君,南方医科大学,2010-04-01,//cdmd.cnki.com.cn/Article/CDMD-90023-2010239736.htm
DNA甲基化数据分析相关软件开发及应用,周强伟,华中农业大学,2019-06-01,//cdmd.cnki.com.cn/Article/CDMD-10504-1019065921.htm
基于搜索技术的测试用例优先排序优化研究,边毅,北京化工大学,2018-11-30,//cdmd.cnki.com.cn/Article/CDMD-10010-1020021184.htm
增量式软件产品线关键技术研究,蒋涛,浙江大学,2009-06-01,//cdmd.cnki.com.cn/Article/CDMD-10335-2010017084.htm
计算机辅助个体化导航模板在膝关节置换中的应用基础研究,甘煜东,南方医科大学,2012-04-20,//cdmd.cnki.com.cn/Article/CDMD-90023-1013124009.htm
挖掘装载机装载工作装置动力分析、动态应力仿真研究及动臂结构拓扑优化,范文杰,吉林大学,2006-04-16,//cdmd.cnki.com.cn/Article/CDMD-10183-2006109433.htm
可配置制造网格系统可靠性研究,邹启明,上海大学,2013-10-01,//cdmd.cnki.com.cn/Article/CDMD-10280-1014166931.htm
软件调试中程序错误定位和修复研究,徐勇,武汉大学,2017-04-10,//cdmd.cnki.com.cn/Article/CDMD-10486-1017071999.htm
液压系统可视化动态建模技术及其软件实现方法研究,王士刚,大连理工大学,2001-09-01,//cdmd.cnki.com.cn/Article/CDMD-10141-2002112537.htm
基于多智能体的企业协作行为建模与仿真,易文明,华中科技大学,2011-04-01,//cdmd.cnki.com.cn/Article/CDMD-10487-1011110564.htm
软件测试用例集简化及其构建方法研究,潘丽丽,湖南大学,2008-11-06,//cdmd.cnki.com.cn/Article/CDMD-10532-1011264203.htm
服务器端软件性能分析和诊断方法研究,刘雪梅,哈尔滨工程大学,2010-03-20,//cdmd.cnki.com.cn/Article/CDMD-10217-1011020369.htm
模型驱动的汽车稳定性控制系统关键技术研究,凌铭泽,吉林大学,2019-12-01,//cdmd.cnki.com.cn/Article/CDMD-10183-1020011433.htm
凸轮轴数控磨削工艺智能应用系统的研究与开发,曹德芳,湖南大学,2012-03-15,//cdmd.cnki.com.cn/Article/CDMD-10532-1012482446.htm
数字化及快速成形术在全髋表面置换假体定位的应用研究,杜浩,南方医科大学,2009-04-07,//cdmd.cnki.com.cn/Article/CDMD-90023-2009194949.htm
小组软件过程的仿真建模方法研究,陈迎欣,哈尔滨工程大学,2006-03-20,//cdmd.cnki.com.cn/Article/CDMD-10217-2006133441.htm
复杂网络软件模型与社区发现方法研究,马健,北京交通大学,2020-07-01,//cdmd.cnki.com.cn/Article/CDMD-10004-1020444688.htm
凸轮轴数控磨削云平台的研究及其软件开发,谢智明,湖南大学,2018-03-01,//cdmd.cnki.com.cn/Article/CDMD-10532-1018147344.htm
Client/Server系统的软件测试技术研究,李小将,西北工业大学,2002-05-01,//cdmd.cnki.com.cn/Article/CDMD-10699-2003032251.htm
三维空间钢结构高级分析理论与应用,王孟鸿,西安建筑科技大学,2003-03-01,//cdmd.cnki.com.cn/Article/CDMD-10703-2003090615.htm
嵌入式系统的硬/软件协同设计研究,程国达,复旦大学,2003-05-01,//cdmd.cnki.com.cn/Article/CDMD-10246-2003125649.htm
吉林省软件产业竞争力及提升策略研究,王旭超,吉林大学,2008-04-25,//cdmd.cnki.com.cn/Article/CDMD-10183-2008128926.htm
胃癌曲妥珠单抗耐药新机制：MACC1通过PI3K/AKT信号通路促进Warburg效应,刘静,南方医科大学,2016-04-20,//cdmd.cnki.com.cn/Article/CDMD-12121-1016260935.htm
船舶与海洋结构物阴极保护电位数值仿真与优化设计,郭宇,哈尔滨工程大学,2013-04-01,//cdmd.cnki.com.cn/Article/CDMD-10217-1014134086.htm
软件生态系统中的跨项目缺陷理解与分析技术,马皖王莹,南京大学,2019-06-30,//cdmd.cnki.com.cn/Article/CDMD-10284-1019265490.htm
复杂软件测试数据进化生成理论及应用,姚香娟,中国矿业大学,2011-04-01,//cdmd.cnki.com.cn/Article/CDMD-10290-1011281090.htm
Excel在流行病学和统计学资料分析中的应用与评价,陈青山,南方医科大学,2009-05-08,//cdmd.cnki.com.cn/Article/CDMD-90023-2009249511.htm
COTS构件集成软件系统的测试方法研究,张毅坤,西安理工大学,2008-10-01,//cdmd.cnki.com.cn/Article/CDMD-10700-2010140994.htm
分布式先进控制软件技术与应用,王德康,浙江大学,2001-08-01,//cdmd.cnki.com.cn/Article/CDMD-10335-2001010172.htm
赤铁矿混合选别全流程智能控制系统的研究,李海波,东北大学,2014-09-01,//cdmd.cnki.com.cn/Article/CDMD-10145-1016011659.htm
基于快速成型技术的发育性髋关节脱位的模拟手术研究,徐小山,第一军医大学,2007-04-01,//cdmd.cnki.com.cn/Article/CDMD-90023-2007211316.htm
基于镜像测试用例多样性和改进的测试用例选择策略的自适应随机测试方法研究,MICHAEL OMARI,江苏大学,2020-06-01,//cdmd.cnki.com.cn/Article/CDMD-10299-1020758469.htm
伺服压力机关键技术及伺服拉深工艺研究,张方阳,华南理工大学,2014-06-20,//cdmd.cnki.com.cn/Article/CDMD-10561-1015020757.htm
张力带钢板重建骨盆后环稳定性的解剖学研究及有限元分析,何吉亮,山东大学,2016-03-15,//cdmd.cnki.com.cn/Article/CDMD-10422-1016164659.htm
成釉细胞瘤BRAF、SMO、RECK基因突变与其生物学行为的关系,张旭东,河北医科大学,2016-04-01,//cdmd.cnki.com.cn/Article/CDMD-10089-1016139594.htm
遥感图像处理软件中的关键技术研究,宋江洪,中国科学院研究生院（遥感应用研究所）,2005-05-01,//cdmd.cnki.com.cn/Article/CDMD-80070-2005121832.htm
信息技术创新的组织实施问题研究,陈冬,天津大学,2004-04-01,//cdmd.cnki.com.cn/Article/CDMD-10056-2005060130.htm
中国软件行业服务外包的机理研究与策略分析,邵明,东华大学,2010-09-01,//cdmd.cnki.com.cn/Article/CDMD-10255-1011072710.htm
赤拟谷盗RNAi及dsRNA脱靶效应的研究,王锦达,南京农业大学,2015-05-01,//cdmd.cnki.com.cn/Article/CDMD-10307-1017045307.htm
口腔鳞状细胞癌的生物信息学分析,崔婧,山东大学,2014-05-14,//cdmd.cnki.com.cn/Article/CDMD-10422-1014310479.htm
遥感软件知识产权与数字遥感影像版权保护,付剑晶,浙江大学,2012-01-05,//cdmd.cnki.com.cn/Article/CDMD-10335-1012318147.htm
体细胞基因突变高通量测序检测生物信息学分析参考物质的研究,李子阳,北京协和医学院,2019-04-01,//cdmd.cnki.com.cn/Article/CDMD-10023-1019267114.htm
唐氏综合征血清学产前筛查质量管理研究,沈凤贤,浙江大学,2014-04-01,//cdmd.cnki.com.cn/Article/CDMD-10335-1017122216.htm
三值光学计算机大任务管理软件的理论与设计,张素兰,上海大学,2018-11-01,//cdmd.cnki.com.cn/Article/CDMD-10280-1019249746.htm
面向软件开发初期的最坏情况执行时间快速估计与优化,孟凡奇,哈尔滨工业大学,2018-03-01,//cdmd.cnki.com.cn/Article/CDMD-10213-1018896965.htm
五种内固定方式用于不同Pauwels分型股骨颈骨折的有限元分析,张晟,南方医科大学,2013-03-20,//cdmd.cnki.com.cn/Article/CDMD-90023-1014101240.htm
基于GPU的车身结构接触碰撞过程并行计算方法,蔡勇,湖南大学,2013-09-01,//cdmd.cnki.com.cn/Article/CDMD-10532-1014233569.htm
油藏与二氧化碳埋存问题的数值模拟与不确定性量化分析以及分数阶微分方程的数值方法,任永强,山东大学,2015-03-25,//cdmd.cnki.com.cn/Article/CDMD-10422-1015370958.htm
全功能点方法和功能规模度量统一模型的研究与应用,计春雷,华东理工大学,2010-12-03,//cdmd.cnki.com.cn/Article/CDMD-10251-1011051461.htm
高超声速高温气体流场的数值模拟,李海燕,中国空气动力研究与发展中心,2007-04-01,//cdmd.cnki.com.cn/Article/CDMD-90113-2007189438.htm
基于多目标差分进化的分子对接算法研究,徐淑坦,吉林大学,2015-06-01,//cdmd.cnki.com.cn/Article/CDMD-10183-1015590861.htm
人类MHCⅡ、Ⅲ区域精神分裂症相关基因的遗传学研究,刘林林,吉林大学,2004-04-01,//cdmd.cnki.com.cn/Article/CDMD-10183-2004100148.htm
中医色诊定量系统研究及初步应用,郑冬梅,南京航空航天大学,2011-09-01,//cdmd.cnki.com.cn/Article/CDMD-10287-1012033308.htm
空间信息处理系统可靠性设计与分析关键技术研究,刘东,国防科学技术大学,2008-04-01,//cdmd.cnki.com.cn/Article/CDMD-90002-2009213081.htm
面向对象软件的形式验证技术,文志诚,上海大学,2007-05-01,//cdmd.cnki.com.cn/Article/CDMD-11903-2007221158.htm
磁共振T_(1p)、T_2Mapping及DWI定量检测技术诊断腰椎间盘退变的初步研究,王伟,南方医科大学,2013-05-15,//cdmd.cnki.com.cn/Article/CDMD-90023-1014105209.htm
数字化人体模型开发及其在CT图像自动分割中的应用,皮一飞,中国科学技术大学,2018-05-01,//cdmd.cnki.com.cn/Article/CDMD-10358-1018098592.htm
肯尼亚公立高中实施多媒体教学所面临的挑战,STEPHEN LAARIA MINGAINE,上海大学,2014-06-19,//cdmd.cnki.com.cn/Article/CDMD-10280-1014418879.htm
基于逻辑的程序验证方法在高可信软件开发上的应用,项森,中国科学技术大学,2006-05-01,//cdmd.cnki.com.cn/Article/CDMD-10358-2006102710.htm
片上网络高效路由关键技术研究,周小锋,西安电子科技大学,2017-03-01,//cdmd.cnki.com.cn/Article/CDMD-10701-1018085760.htm
基于软创新的文化创意产业创新系统研究,蒋婷婷,上海交通大学,2016-01-01,//cdmd.cnki.com.cn/Article/CDMD-10248-1019681941.htm
煤层双重孔隙模型及采空区瓦斯运移的数值模拟研究,李晓飞,中国矿业大学(北京),2016-10-19,//cdmd.cnki.com.cn/Article/CDMD-11413-1017237915.htm
金属氧化物中的点缺陷及其对材料阻变的影响,时拓,华中科技大学,2017-05-08,//cdmd.cnki.com.cn/Article/CDMD-10487-1017128596.htm
复杂信息系统模型的形式化验证方法研究,张涛,哈尔滨工程大学,2011-12-30,//cdmd.cnki.com.cn/Article/CDMD-10217-1012518769.htm
软件项目风险管理理论与模型研究,冯楠,天津大学,2007-05-01,//cdmd.cnki.com.cn/Article/CDMD-10056-2008185310.htm
发动机结构辐射噪声数值仿真及优化设计研究,冯仁华,湖南大学,2014-06-16,//cdmd.cnki.com.cn/Article/CDMD-10532-1015579813.htm
三值光学计算机任务管理软件的总体架构及其原型实现,宋凯,上海大学,2013-10-01,//cdmd.cnki.com.cn/Article/CDMD-10280-1014418861.htm
面向对象程序分析与测试技术研究,毛澄映,华中科技大学,2006-04-01,//cdmd.cnki.com.cn/Article/CDMD-10487-2008023815.htm
企业前瞻性战略的效应和机制研究,李晓东,武汉大学,2015-12-01,//cdmd.cnki.com.cn/Article/CDMD-10486-1016018337.htm
股骨远端LISS钢板固定系统数字解剖、有限元分析及临床对照,郝廷,南方医科大学,2012-04-09,//cdmd.cnki.com.cn/Article/CDMD-90023-1013124040.htm
GIS过程建模与集成化研究,何勇,武汉大学,2004-11-01,//cdmd.cnki.com.cn/Article/CDMD-10486-2006031568.htm
ATAC-seq数据分析软件开发及其在肥胖诱导的慢性炎症研究中的应用,左祖奇,中国科学技术大学,2019-01-31,//cdmd.cnki.com.cn/Article/CDMD-10358-1019038054.htm
BESIII飞行时间计数器的束流实验模拟及离线软件发展研究,蒋林立,中国科学技术大学,2006-05-01,//cdmd.cnki.com.cn/Article/CDMD-10358-2006102785.htm
软件定义网络中多媒体传输路由及缓存算法研究,李索恒,中国科学技术大学,2016-06-01,//cdmd.cnki.com.cn/Article/CDMD-10358-1016103114.htm
眼部信号检测分析及应用,陈威,华中科技大学,2014-07-01,//cdmd.cnki.com.cn/Article/CDMD-10487-1014232108.htm
军用软件无线电侦听接收机设计与实现及其关键技术研究,胡延平,国防科学技术大学,2001-10-01,//cdmd.cnki.com.cn/Article/CDMD-90002-2002123018.htm
ERP产品的批量定制研究,黄作明,南京理工大学,2006-08-01,//cdmd.cnki.com.cn/Article/CDMD-10288-2007197104.htm
内核级二进制翻译系统设计及性能优化,姜海涛,中国科学技术大学,2013-04-01,//cdmd.cnki.com.cn/Article/CDMD-10358-1013228533.htm
基于拓展主观逻辑的电子商务信任问题研究,焦洪强,河北大学,2015-06-01,//cdmd.cnki.com.cn/Article/CDMD-10075-1015956712.htm
嵌入式系统安全可信运行环境研究,肖堃,电子科技大学,2019-04-04,//cdmd.cnki.com.cn/Article/CDMD-10614-1019851443.htm
科学计算可视化理论及智能虚拟显示系统的研究,周传德,重庆大学,2006-01-30,//cdmd.cnki.com.cn/Article/CDMD-10611-2006176236.htm
肝脏三维重建及虚拟肝脏手术规划临床应用的研究,林科灿,福建医科大学,2008-03-01,//cdmd.cnki.com.cn/Article/CDMD-10392-2008155163.htm
多形态软件代码同源判定技术研究,吴鹏,四川大学,2021-06-01,//cdmd.cnki.com.cn/Article/CDMD-10610-1021833986.htm
AOP技术及其在软件安全中的应用,张秀峰,北京邮电大学,2008-05-06,//cdmd.cnki.com.cn/Article/CDMD-10013-2009230856.htm
基子功能安全的数控系统设计方法及关键技术研究,黄祖广,山东大学,2015-11-28,//cdmd.cnki.com.cn/Article/CDMD-10422-1016027592.htm
316L奥氏体不锈钢VOD冶炼过程中氮行为的研究,时彦林,北京科技大学,2014-12-10,//cdmd.cnki.com.cn/Article/CDMD-10008-1015564833.htm
面向服务计算的若干关键技术研究,李磊,中国科学技术大学,2008-04-01,//cdmd.cnki.com.cn/Article/CDMD-10358-2008091613.htm
编织复合材料力学性能及热物理性能预报研究,张芳芳,燕山大学,2014-05-01,//cdmd.cnki.com.cn/Article/CDMD-10216-1014041331.htm
二语词汇学习软件中的词聚合效应,应真箭,华东师范大学,2006-04-01,//cdmd.cnki.com.cn/Article/CDMD-10269-2006124838.htm
基于GPU的软件无线电并行算法与系统结构关键技术研究,李荣春,国防科学技术大学,2014-05-30,//cdmd.cnki.com.cn/Article/CDMD-90002-1015959167.htm
基于生态学理念的智能墒情监控系统研究,康立军,甘肃农业大学,2013-06-01,//cdmd.cnki.com.cn/Article/CDMD-10733-1014012100.htm
基于机器学习的数据挖掘在软件缺陷预测中的应用研究,Shaikh Salahuddin,华北电力大学(北京),2021-06-01,//cdmd.cnki.com.cn/Article/CDMD-11412-1021121827.htm
随钻地层压力动态监测技术研究,王湘平,中国地质大学,2014-10-01,//cdmd.cnki.com.cn/Article/CDMD-10491-1015661071.htm
机载GPS动态定位定速与定姿理论研究及软件开发,王潜心,中南大学,2011-05-01,//cdmd.cnki.com.cn/Article/CDMD-10533-1011177749.htm
基于条目反应理论SEM的FGIDs证素辨证诊断模型的方法学研究,刘宪华,广州中医药大学,2016-05-01,//cdmd.cnki.com.cn/Article/CDMD-10572-1016276053.htm
基于形式化的UML图分析和验证,Omar Tariq,重庆大学,2018-05-01,//cdmd.cnki.com.cn/Article/CDMD-10611-1018853885.htm
逆编译中几项关键技术研究,陈凯明,合肥工业大学,2003-12-01,//cdmd.cnki.com.cn/Article/CDMD-10359-2004084281.htm
软件定义网络中若干安全问题研究,赵婵婵,北京交通大学,2018-09-01,//cdmd.cnki.com.cn/Article/CDMD-10004-1018316247.htm
软件定义光网络资源虚拟化与控制方法研究,刘宇泽,北京邮电大学,2018-09-13,//cdmd.cnki.com.cn/Article/CDMD-10013-1018300091.htm
家蚕过剩半月纹退化腹肢突变(E~(dl))的精细定位及相关调控元件鉴定,王红磊,西南大学,2017-03-01,//cdmd.cnki.com.cn/Article/CDMD-10635-1017846502.htm
面向数字油田的云数据服务架构研究,朱正平,长江大学,2015-04-01,//cdmd.cnki.com.cn/Article/CDMD-10489-1016702455.htm
实时三维超声心动图评价右心室整体和节段容积及收缩功能的临床与实验研究,孔德红,复旦大学,2012-03-28,//cdmd.cnki.com.cn/Article/CDMD-10246-1013102609.htm
基于空间算子代数理论的链式多体系统递推动力学研究,熊启家,南京航空航天大学,2003-08-01,//cdmd.cnki.com.cn/Article/CDMD-10287-2004051151.htm
基于本体、特征驱动的产品线开发方法,彭鑫,复旦大学,2006-04-10,//cdmd.cnki.com.cn/Article/CDMD-10246-2007068754.htm
铝型材挤压有限体积法数值模拟技术研究与系统开发,娄淑梅,山东大学,2007-12-01,//cdmd.cnki.com.cn/Article/CDMD-10422-2008046595.htm
目标和场景相结合的需求工程,李勇华,武汉大学,2006-04-01,//cdmd.cnki.com.cn/Article/CDMD-10486-2008010815.htm
矿山井下主配设备安全预警关键技术研究,李建军,中南大学,2013-10-01,//cdmd.cnki.com.cn/Article/CDMD-10533-1014404205.htm
自组织型无线网络中资源管理关键问题研究,李添泽,北京邮电大学,2017-06-20,//cdmd.cnki.com.cn/Article/CDMD-10013-1017288124.htm
某舰炮弹道过程模拟仿真及优化,李克婧,南京理工大学,2012-01-01,//cdmd.cnki.com.cn/Article/CDMD-10288-1013167485.htm
基于搜索的软件需求优选关键技术研究,童志祥,哈尔滨工业大学,2018-03-01,//cdmd.cnki.com.cn/Article/CDMD-10213-1019645511.htm
基于传播链的缺陷定位及修复技术研究,李唯实,国防科学技术大学,2016-04-01,//cdmd.cnki.com.cn/Article/CDMD-90002-1017834261.htm
Agent角色模型与多agent系统构造方法研究,张健,山东大学,2012-04-20,//cdmd.cnki.com.cn/Article/CDMD-10422-1012461434.htm
三维六面体网格自适应生成算法研究及其应用,张洪梅,山东大学,2007-12-01,//cdmd.cnki.com.cn/Article/CDMD-10422-2008046597.htm
若干软件非功能属性相关的设计和实现技术研究,崔展齐,南京大学,2011-05-01,//cdmd.cnki.com.cn/Article/CDMD-10284-1011126946.htm
数值反应堆热工流体并行模拟技术,王先梦,北京科技大学,2020-04-26,//cdmd.cnki.com.cn/Article/CDMD-10008-1020107588.htm
基于靶点Osx的人工转录因子设计及miRNA筛选与功能研究,杨明福,第三军医大学,2015-04-01,//cdmd.cnki.com.cn/Article/CDMD-90031-1015626323.htm
面向软件行为和多视点的需求模型检测方法研究,陈曙,武汉大学,2009-10-01,//cdmd.cnki.com.cn/Article/CDMD-10486-1011071135.htm
基于高效有限元方法的复杂动力学问题研究,尹俊辉,电子科技大学,2020-03-29,//cdmd.cnki.com.cn/Article/CDMD-10614-1020811348.htm
高温煤气化炉中煤灰熔融、流动和流变行为特性研究,宋文佳,华东理工大学,2011-04-12,//cdmd.cnki.com.cn/Article/CDMD-10251-1011175352.htm
软件特征模型与测试应用研究,王晓华,中国科学院研究生院（空间科学与应用研究中心）,2009-01-20,//cdmd.cnki.com.cn/Article/CDMD-80073-2009223019.htm
面向方面的软件开发方法与实现技术研究,张敏,中国科学技术大学,2007-06-01,//cdmd.cnki.com.cn/Article/CDMD-10358-2008029498.htm
多重循环程序内存访问越界增量检测方法,王嘉捷,中国科学技术大学,2009-05-01,//cdmd.cnki.com.cn/Article/CDMD-10358-2009111130.htm
基于捕获—再捕获方法的软件评审后缺陷预测问题研究,荣国平,南京大学,2015-08-01,//cdmd.cnki.com.cn/Article/CDMD-10284-1016004312.htm
磁共振脑表面三维重建技术及应用的研究,龚向阳,浙江大学,2007-09-29,//cdmd.cnki.com.cn/Article/CDMD-10335-2008106351.htm
跨项目软件缺陷预测方法研究,倪超,南京大学,2020-06-20,//cdmd.cnki.com.cn/Article/CDMD-10284-1021501280.htm
数据特性驱动的软件系统文本特征定位方法研究,何云,云南大学,2019-06-01,//cdmd.cnki.com.cn/Article/CDMD-10673-1019174397.htm
基于三维/一维耦合技术的汽车进气谐振器研究,李金库,东北林业大学,2012-03-01,//cdmd.cnki.com.cn/Article/CDMD-10225-1012442872.htm
复杂工况下旋转机械故障特征提取方法研究,姚金宝,重庆大学,2017-05-01,//cdmd.cnki.com.cn/Article/CDMD-10611-1017722223.htm
面向理解的OORE关键技术研究,张志猛,浙江大学,2004-04-01,//cdmd.cnki.com.cn/Article/CDMD-10335-2004076111.htm
软件定义网络关键技术及相关问题的研究,胡延楠,北京邮电大学,2015-06-15,//cdmd.cnki.com.cn/Article/CDMD-10013-1016020855.htm
基于“神威·太湖之光”的分子动力学算法优化,段晓辉,山东大学,2020-05-20,//cdmd.cnki.com.cn/Article/CDMD-10422-1020064922.htm
太阳帆航天器轨道和姿态耦合设计与优化,钱航,中国科学院研究生院(空间科学与应用研究中心),2015-06-01,//cdmd.cnki.com.cn/Article/CDMD-80073-1015351176.htm
面向快速成型的设备控制、工艺优化及成型仿真研究,刘杰,华南理工大学,2012-04-06,//cdmd.cnki.com.cn/Article/CDMD-10561-1012453022.htm
复杂波形条件下剩余电流检测技术研究,王尧,河北工业大学,2012-04-01,//cdmd.cnki.com.cn/Article/CDMD-10080-1013045518.htm
程序验证中的规约生成与验证技术研究,翟娟,南京大学,2016-11-01,//cdmd.cnki.com.cn/Article/CDMD-10284-1017008145.htm
基于压缩感知理论的核废物桶TGS图像重建技术研究,郑洪龙,中国工程物理研究院,2019-04-15,//cdmd.cnki.com.cn/Article/CDMD-82818-1019246806.htm
TBM（盾构）施工斜井管片和锚喷衬砌结构力学特性研究,杨悦,中国矿业大学(北京),2015-04-16,//cdmd.cnki.com.cn/Article/CDMD-11413-1015304707.htm
高效软件定义车载网络关键技术研究,朱明,国防科学技术大学,2016-06-01,//cdmd.cnki.com.cn/Article/CDMD-90002-1017834436.htm
狂犬病与埃博拉病毒病的传播动态及其病原的系统发育地理学研究,姚宏武,中国人民解放军军事医学科学院,2016-06-07,//cdmd.cnki.com.cn/Article/CDMD-90106-1016211606.htm
基于现代信号分析和神经网络的滚动轴承智能诊断技术研究,陆爽,吉林大学,2004-11-01,//cdmd.cnki.com.cn/Article/CDMD-10183-2005013355.htm
Docker生物云计算平台分析松材线虫高通量测序数据的应用研究,程功,东北林业大学,2015-03-01,//cdmd.cnki.com.cn/Article/CDMD-10225-1015655565.htm
代码混淆模型研究,杨宇波,北京邮电大学,2015-05-07,//cdmd.cnki.com.cn/Article/CDMD-10013-1016015630.htm
广西地区人群细胞因子基因多态性分析及其与肝细胞癌易感性的研究,杨艳,广西医科大学,2011-05-01,//cdmd.cnki.com.cn/Article/CDMD-10598-1011088970.htm
基于无线传感器网络的猪运动行为监测系统研究,高云,华中农业大学,2014-06-01,//cdmd.cnki.com.cn/Article/CDMD-10504-1014213561.htm
卫星光学测量方法与精密定轨研究,张会彦,中国科学院研究生院（国家授时中心）,2014-05-01,//cdmd.cnki.com.cn/Article/CDMD-80024-1014062723.htm
阿尔茨海默病患者脑内GABA含量的磁共振波谱研究,白雪,山东大学,2014-05-03,//cdmd.cnki.com.cn/Article/CDMD-10422-1014310265.htm
变形齿轮式液肥深施注射机构工作机理与试验研究,冯金龙,东北农业大学,2017-06-01,//cdmd.cnki.com.cn/Article/CDMD-10224-1017150225.htm
斜置回转式水稻宽窄行钵苗移栽机构机理分析与性能研究,辛亮,东北农业大学,2017-06-01,//cdmd.cnki.com.cn/Article/CDMD-10224-1017150217.htm
金属矿隐患空区三维信息获取及其动力失稳数值分析技术研究,刘晓明,中南大学,2010-05-01,//cdmd.cnki.com.cn/Article/CDMD-10533-2010185434.htm
面向新硬件的数据存储与管理,储佳佳,华东师范大学,2020-06-01,//cdmd.cnki.com.cn/Article/CDMD-10269-1020763090.htm
下面部骨性轮廓改善手术的相关解剖学研究与数字化设计,钱堃,南方医科大学,2016-03-20,//cdmd.cnki.com.cn/Article/CDMD-12121-1016260933.htm
Web服务发现若干关键技术研究,胡建强,国防科学技术大学,2005-10-01,//cdmd.cnki.com.cn/Article/CDMD-90002-2006126847.htm
随钻地震数据处理系统软件体系结构研究,徐冰,中国海洋大学,2013-06-23,//cdmd.cnki.com.cn/Article/CDMD-10423-1013348304.htm
面向对象软件规格说明的构造及确认技术研究,陈怡海,上海大学,2007-05-01,//cdmd.cnki.com.cn/Article/CDMD-11903-2007221145.htm
面向行为和视点的需求建模方法,肖晶,武汉大学,2009-09-01,//cdmd.cnki.com.cn/Article/CDMD-10486-1011071315.htm
内蒙古蒙古族多语任务脑激活区的功能磁共振成像研究,张强,南方医科大学,2016-05-09,//cdmd.cnki.com.cn/Article/CDMD-12121-1016260967.htm
电力系统全过程动态（机电暂态与中长期动态过程）仿真技术与软件研究,汤涌,中国电力科学研究院,2002-11-01,//cdmd.cnki.com.cn/Article/CDMD-82302-2003050064.htm
低渗透储层流固耦合渗流理论及应用研究,周志军,大庆石油学院,2003-05-01,//cdmd.cnki.com.cn/Article/CDMD-10220-2003112087.htm
软件测试用例自动生成技术研究,李军义,湖南大学,2007-11-06,//cdmd.cnki.com.cn/Article/CDMD-10532-2008081552.htm
面向服务的软件需求建模与求精研究,曹晓夏,上海大学,2009-07-01,//cdmd.cnki.com.cn/Article/CDMD-11903-2009252673.htm
食管鳞状细胞癌血浆肿瘤标记物的蛋白质组学筛选及验证,赵佳,郑州大学,2016-02-01,//cdmd.cnki.com.cn/Article/CDMD-10459-1016229930.htm
抗差自适应GPS软件接收机的关键技术研究,苗剑峰,南京航空航天大学,2009-12-01,//cdmd.cnki.com.cn/Article/CDMD-10287-1011291523.htm
业务规则与企业协作系统适应性的研究,林金娇,山东大学,2008-04-05,//cdmd.cnki.com.cn/Article/CDMD-10422-2008189067.htm
皮革及其终端产品的全生命周期评价研究,范闪,陕西科技大学,2020-04-01,//cdmd.cnki.com.cn/Article/CDMD-10708-1020088977.htm
针对致癌基因CDK2计算机辅助抗癌药物研究,石西南,昆明医科大学,2016-05-01,//cdmd.cnki.com.cn/Article/CDMD-10678-1016296026.htm
模型驱动架构下模型及模型转换方法关键问题研究,马坤,山东大学,2011-10-20,//cdmd.cnki.com.cn/Article/CDMD-10422-1012301948.htm
一种软件演化过程建模、性质验证及性能分析方法,钱晔,云南大学,2014-02-01,//cdmd.cnki.com.cn/Article/CDMD-10673-1014339702.htm
绿化体系对湿热地区建筑组团室外热环境影响研究,陈卓伦,华南理工大学,2010-05-26,//cdmd.cnki.com.cn/Article/CDMD-10561-2010227776.htm
分布式环境下的滑坡稳定性评价系统开发及集成技术研究,刘祾頠,武汉理工大学,2011-05-03,//cdmd.cnki.com.cn/Article/CDMD-10497-1011197033.htm
软件模型检测中抽象-精炼方法的研究,王舜,北京交通大学,2019-12-25,//cdmd.cnki.com.cn/Article/CDMD-10004-1020444586.htm
机械系统虚拟样机仿真软件的实用化研究,刘贤喜,中国农业大学,2001-10-01,//cdmd.cnki.com.cn/Article/CDMD-10019-2001011668.htm
白纹伊蚊中肠特异性高表达miRNA-miR-281对登革病毒复制的调节作用,周艳河,南方医科大学,2014-05-01,//cdmd.cnki.com.cn/Article/CDMD-90023-1014338463.htm
金属粉末注射成形流动过程研究,蒋炳炎,中南大学,2003-09-01,//cdmd.cnki.com.cn/Article/CDMD-10533-2004116190.htm
桥梁长期健康监测系统集成与设计研究,刘军,武汉理工大学,2010-05-01,//cdmd.cnki.com.cn/Article/CDMD-10497-2010194034.htm
GPS精密定位定轨软件研究,陈宪冬,西南交通大学,2009-03-01,//cdmd.cnki.com.cn/Article/CDMD-10613-2010115823.htm
GIS-T空间数据库管理与应用关键技术研究,蔡先华,东南大学,2005-06-08,//cdmd.cnki.com.cn/Article/CDMD-10286-2007065304.htm
直驱型永磁同步风力发电系统变流器控制方法研究,姜燕,湖南大学,2013-04-11,//cdmd.cnki.com.cn/Article/CDMD-10532-1013347902.htm
MDA框架下基于语义保持的大粒度模型转换方法研究,李晋,哈尔滨工业大学,2014-09-01,//cdmd.cnki.com.cn/Article/CDMD-10213-1015957242.htm
冻土带天然气水合物科学钻探参数检测系统研究,刘大军,吉林大学,2013-10-01,//cdmd.cnki.com.cn/Article/CDMD-10183-1014130250.htm
颌面部个性化虚拟三维表皮表面及骨组织表面轮廓重建及其在颌面外科领域中应用的基础理论研究,顾莹,吉林大学,2004-04-01,//cdmd.cnki.com.cn/Article/CDMD-10183-2004100339.htm
基于嵌入式技术的测井仪器调试台架通用软件系统研究,幺永超,中国石油大学（北京）,2017-05-01,//cdmd.cnki.com.cn/Article/CDMD-11414-1019805316.htm
堆芯中子扩散计算程序蜕变测试技术研究,闫仕宇,南华大学,2019-05-01,//cdmd.cnki.com.cn/Article/CDMD-10555-1019236280.htm
项目干系人对ITSM成功实施的影响研究,张亚军,华中科技大学,2014-04-01,//cdmd.cnki.com.cn/Article/CDMD-10487-1014232237.htm
人脸图像处理的去身份算法研究,池荷花,武汉大学,2018-10-01,//cdmd.cnki.com.cn/Article/CDMD-10486-1019016553.htm
基于模型驱动架构的软件开发方法与实现技术研究,王晓燕,吉林大学,2008-10-01,//cdmd.cnki.com.cn/Article/CDMD-10183-2009053126.htm
基于动态测试用例生成的二进制软件缺陷自动发掘技术研究,李根,国防科学技术大学,2010-04-01,//cdmd.cnki.com.cn/Article/CDMD-90002-2010271169.htm
全自动数字补偿毫米波辐射计及其应用研究,桂良启,华中科技大学,2005-08-01,//cdmd.cnki.com.cn/Article/CDMD-10487-2006039541.htm
代码迷惑及其语义研究,高鹰,中国科学技术大学,2007-08-01,//cdmd.cnki.com.cn/Article/CDMD-10358-2008091501.htm
肝癌易感相关基因及组织基因表达谱生物信息学分析,上官辉,南方医科大学,2015-03-27,//cdmd.cnki.com.cn/Article/CDMD-12121-1016013160.htm
湍流燃烧模型在航空发动机燃烧室中的应用研究,徐榕,南京航空航天大学,2014-06-01,//cdmd.cnki.com.cn/Article/CDMD-10287-1015951842.htm
电针印堂、百会治疗轻中度原发性抑郁症的临床观察及Rs-fMRI研究,曲姗姗,南方医科大学,2015-03-01,//cdmd.cnki.com.cn/Article/CDMD-12121-1016013213.htm
罗哌卡因致幼鼠中枢神经毒性惊厥对其突触可塑性及学习记忆的影响,王玲玲,南方医科大学,2012-04-10,//cdmd.cnki.com.cn/Article/CDMD-90023-1013123923.htm
基于知识管理的现代办公信息系统的研究,朱建生,铁道部科学研究院,2002-08-01,//cdmd.cnki.com.cn/Article/CDMD-83801-2002112744.htm
空间机器人软件错误检测技术研究,高星,哈尔滨工业大学,2009-07-01,//cdmd.cnki.com.cn/Article/CDMD-10213-2010031151.htm
基于智能计算的油田地面管网优化技术研究,魏立新,大庆石油学院,2005-04-01,//cdmd.cnki.com.cn/Article/CDMD-10220-2005154567.htm
广东省登革流行特征及气象因素对广州市登革的影响研究,王成岗,山东大学,2014-04-08,//cdmd.cnki.com.cn/Article/CDMD-10422-1014310568.htm
多层—体产品信息建模理论及实现技术研究,艾彦迪,湖南大学,2011-09-08,//cdmd.cnki.com.cn/Article/CDMD-10532-1012482964.htm
无线环境下软件定义网络服务质量优化算法研究,费宁,南京航空航天大学,2017-03-01,//cdmd.cnki.com.cn/Article/CDMD-10287-1019801137.htm
基于企业架构的构件化软件开发方法及其大规模应用,罗毅,武汉大学,2013-04-15,//cdmd.cnki.com.cn/Article/CDMD-10486-1014135430.htm
糖尿病患者早期肾损害的磁共振扩散张量成像及纹理分析,邓义,暨南大学,2019-10-15,//cdmd.cnki.com.cn/Article/CDMD-10559-1021803664.htm
变风量空调系统在线故障检测与诊断方法及应用研究,王海涛,湖南大学,2011-12-20,//cdmd.cnki.com.cn/Article/CDMD-10532-1012482395.htm
足球运动竞赛情报理论与实证研究,刘宇,上海体育学院,2012-06-01,//cdmd.cnki.com.cn/Article/CDMD-10277-1014114186.htm
探讨关系强度对第二代移动即时通讯软件用户持续使用意向的影响,龚秀媛,中国科学技术大学,2016-04-01,//cdmd.cnki.com.cn/Article/CDMD-10358-1018096876.htm
非相似容错计算机系统设计及其验证技术研究,韩炜,西北工业大学,2002-05-06,//cdmd.cnki.com.cn/Article/CDMD-10699-2005154805.htm
北斗/微惯导组合导航方法研究,何晓峰,国防科学技术大学,2009-08-01,//cdmd.cnki.com.cn/Article/CDMD-90002-2010147294.htm
连续线状排列~（125）Ⅰ粒子条联合金属支架+TACE治疗肝癌门静脉主干癌栓实验及临床研究,李说,复旦大学,2009-04-01,//cdmd.cnki.com.cn/Article/CDMD-10246-2009243132.htm
长链非编码RNA LINC02582结合USP7促进乳腺癌的辐射抵抗,王栢耀,南方医科大学,2019-02-25,//cdmd.cnki.com.cn/Article/CDMD-12121-1019172372.htm
长手指组合再造的应用解剖及数字化模型研究,孙文海,南方医科大学,2016-05-08,//cdmd.cnki.com.cn/Article/CDMD-12121-1016267658.htm
多轴联动电火花加工数控系统软件构建及其应用研究,黄海鹏,哈尔滨工业大学,2010-01-01,//cdmd.cnki.com.cn/Article/CDMD-10213-2011015968.htm
中国柑橘产销预警系统构建及应用研究,熊巍,华中农业大学,2015-06-01,//cdmd.cnki.com.cn/Article/CDMD-10504-1015382318.htm
青藏铁路大风监测预警与行车指挥系统研究,许平,中南大学,2009-09-01,//cdmd.cnki.com.cn/Article/CDMD-10533-2010185525.htm
折叠波导行波管注波互作用理论研究,颜卫忠,电子科技大学,2016-03-17,//cdmd.cnki.com.cn/Article/CDMD-10614-1016170141.htm
GIS动态集成框架及其UIB核心相关问题研究,李建华,武汉大学,2005-04-01,//cdmd.cnki.com.cn/Article/CDMD-10486-2006031544.htm
MR弥散加权多参数成像监测兔肝VX2瘤不同感兴趣区各参数的变化,吴海军,南方医科大学,2016-05-01,//cdmd.cnki.com.cn/Article/CDMD-12121-1016269802.htm
昆虫多态性微卫星位点挖掘新方法及基因组微卫星特征研究,田锐铮,西北农林科技大学,2020-05-01,//cdmd.cnki.com.cn/Article/CDMD-10712-1020646373.htm
ERP实施方法体系及诊断模型研究,宋立夫,天津大学,2006-12-01,//cdmd.cnki.com.cn/Article/CDMD-10056-2008181936.htm
冷轧薄板生产计划与调度系统的研究与应用,覃一宁,大连理工大学,2006-12-01,//cdmd.cnki.com.cn/Article/CDMD-10141-2007207138.htm
软件开发中软件体系结构假设条件及其管理,杨晨,武汉大学,2018-05-01,//cdmd.cnki.com.cn/Article/CDMD-10486-1018199775.htm
基于图变换的可视化层次用例建模及演化方法研究,任胜兵,中南大学,2007-05-01,//cdmd.cnki.com.cn/Article/CDMD-10533-2007197912.htm
步态中骨盆髋臼生物力学及髋臼三维记忆内固定系统治疗髋臼骨折的有限元分析,汪光晔,第二军医大学,2007-05-01,//cdmd.cnki.com.cn/Article/CDMD-90024-2007217611.htm
老老年高血压病中医证候流行病学特征及LncRNA表达谱研究,魏艺,中国中医科学院,2015-05-28,//cdmd.cnki.com.cn/Article/CDMD-84502-1015411908.htm
基于临床应用的循证针灸诊疗系统和智能设备研发,郭太品,成都中医药大学,2015-04-01,//cdmd.cnki.com.cn/Article/CDMD-10633-1016045993.htm
用户级通信在软件分布式共享存储系统中的应用,毛永捷,中国科学院研究生院（计算技术研究所）,2000-05-01,//cdmd.cnki.com.cn/Article/CDMD-80132-2006191236.htm
软件维护中的成本估算和质量保证技术研究,王帆,浙江大学,2011-03-10,//cdmd.cnki.com.cn/Article/CDMD-10335-1011051873.htm
高速飞行气动环境、气动特性快速预测与应用,胡锐锋,清华大学,2012-10-01,//cdmd.cnki.com.cn/Article/CDMD-10003-1014020614.htm
可组合信息流安全验证模型及方法研究,习宁,西安电子科技大学,2014-04-01,//cdmd.cnki.com.cn/Article/CDMD-10701-1014324963.htm
一种全基因组关联分析模型的建立及在基因组选择中的应用,周姚,东北农业大学,2017-12-01,//cdmd.cnki.com.cn/Article/CDMD-10224-1018084428.htm
整数漏洞安全关键问题研究,孙浩,南京大学,2016-05-31,//cdmd.cnki.com.cn/Article/CDMD-10284-1016122144.htm
核小体在DNA降解过程中的作用及其法医学应用研究,董春楠,河北医科大学,2015-04-01,//cdmd.cnki.com.cn/Article/CDMD-10089-1015325682.htm
