PaperName,Author,FromSchool,Time,Url
基于小波变换的目标检测方法研究,王丽荣,吉林大学,2006-04-20,//cdmd.cnki.com.cn/Article/CDMD-10183-2006109668.htm
基于视觉记忆的目标检测算法：一个特征学习与特征联想的过程,郭明玮,中国科学技术大学,2014-05-02,//cdmd.cnki.com.cn/Article/CDMD-10358-1014268940.htm
基于上下文的目标检测研究,李涛,电子科技大学,2016-03-31,//cdmd.cnki.com.cn/Article/CDMD-10614-1016176786.htm
基于SAR图像的舰船目标检测方法研究,李焘,西安电子科技大学,2019-06-01,//cdmd.cnki.com.cn/Article/CDMD-10701-1020000349.htm
频率分集阵列雷达运动目标检测方法研究,许京伟,西安电子科技大学,2015-05-01,//cdmd.cnki.com.cn/Article/CDMD-10701-1016006379.htm
视频监控中的前景目标检测算法研究,曾冬冬,中国科学院大学(中国科学院长春光学精密机械与物理研究所),2019-06-01,//cdmd.cnki.com.cn/Article/CDMD-80139-1019042136.htm
基于图的半监督学习与排序模型的视觉显著目标检测研究,肖云,安徽大学,2019-09-01,//cdmd.cnki.com.cn/Article/CDMD-10357-1020014687.htm
基于稀疏动态反演的红外弱小目标检测理论及方法研究,王晓阳,电子科技大学,2018-09-05,//cdmd.cnki.com.cn/Article/CDMD-10614-1019817558.htm
复杂场景下显著目标检测,刘毅,西安电子科技大学,2019-12-01,//cdmd.cnki.com.cn/Article/CDMD-10701-1020027764.htm
面向智能监控的目标检测、追踪及图像融合算法研究,康彬,南京邮电大学,2016-11-18,//cdmd.cnki.com.cn/Article/CDMD-10293-1016300501.htm
基于分形和多重分形的海面微弱目标检测方法研究,范一飞,西安电子科技大学,2016-04-01,//cdmd.cnki.com.cn/Article/CDMD-10701-1016214578.htm
基于深度卷积神经网络的光学遥感目标检测技术研究,丁鹏,中国科学院大学(中国科学院长春光学精密机械与物理研究所),2019-06-01,//cdmd.cnki.com.cn/Article/CDMD-80139-1019042146.htm
基于视频的运动目标检测研究,黄敏,东南大学,2014-11-15,//cdmd.cnki.com.cn/Article/CDMD-10286-1016326129.htm
基于深度卷积神经网络的遥感图像目标检测方法研究,邓志鹏,国防科技大学,2019-04-01,//cdmd.cnki.com.cn/Article/CDMD-91002-1020386005.htm
基于高时相探测的运动点目标检测方法研究,牛文龙,中国科学院大学(中国科学院国家空间科学中心),2018-05-01,//cdmd.cnki.com.cn/Article/CDMD-80073-1018126555.htm
低检测率SAR图像目标检测与识别理论研究,刘说,电子科技大学,2017-02-01,//cdmd.cnki.com.cn/Article/CDMD-10614-1017076416.htm
固定翼无人机地面车辆目标自动检测与跟踪,李大伟,中国科学院大学(中国科学院国家空间科学中心),2017-06-01,//cdmd.cnki.com.cn/Article/CDMD-80073-1017119844.htm
复杂背景下运动目标检测和识别关键技术研究,解晓萌,华南理工大学,2012-09-01,//cdmd.cnki.com.cn/Article/CDMD-10561-1013151607.htm
高频地波雷达海杂波抑制与目标检测技术研究,贺超,武汉大学,2017-10-01,//cdmd.cnki.com.cn/Article/CDMD-10486-1018031579.htm
时空谱多特征联合红外弱小目标检测方法研究,黄苏琦,电子科技大学,2020-05-06,//cdmd.cnki.com.cn/Article/CDMD-10614-1020811291.htm
复杂场景下的小目标检测方法研究,冷佳旭,中国科学院大学(中国科学院计算机科学与技术学院),2020-06-01,//cdmd.cnki.com.cn/Article/CDMD-14430-1021503159.htm
雷达导引头低空目标检测理论与方法研究,杨勇,国防科学技术大学,2014-01-01,//cdmd.cnki.com.cn/Article/CDMD-90002-1015959268.htm
复杂场景目标检测理论与方法研究,李威,电子科技大学,2019-04-10,//cdmd.cnki.com.cn/Article/CDMD-10614-1019851534.htm
基于GPU的光电目标检测方法研究,吴鑫,西安电子科技大学,2015-04-01,//cdmd.cnki.com.cn/Article/CDMD-10701-1016006355.htm
基于图像处理技术的目标识别方法及其在裂纹检测中的应用,Ahmed Mahgoub Ahmed Talab(塔拉比),武汉理工大学,2015-03-01,//cdmd.cnki.com.cn/Article/CDMD-10497-1015811741.htm
基于高分辨率航空影像高速公路汽车目标检测算法研究,郑泽忠,西南交通大学,2010-04-01,//cdmd.cnki.com.cn/Article/CDMD-10613-1011233226.htm
MIMO雷达低空目标检测及参数估计研究,丁锦灿,国防科学技术大学,2014-12-08,//cdmd.cnki.com.cn/Article/CDMD-90002-1016921904.htm
基于概率图模型的场景理解方法研究,毛凌,电子科技大学,2013-03-01,//cdmd.cnki.com.cn/Article/CDMD-10614-1013335713.htm
智能视频监控中运动目标检测的算法研究,郭玲,华南理工大学,2013-04-01,//cdmd.cnki.com.cn/Article/CDMD-10561-1013320445.htm
高分辨率三维点云目标识别技术研究,汪汉云,国防科学技术大学,2015-03-01,//cdmd.cnki.com.cn/Article/CDMD-90002-1016922167.htm
基于Latent SVM的人体目标检测与跟踪方法研究,胡振邦,中国地质大学,2013-05-01,//cdmd.cnki.com.cn/Article/CDMD-10491-1013352220.htm
混合基线构型阵列的地面运动目标检测与定位方法研究,文珺,西安电子科技大学,2011-07-01,//cdmd.cnki.com.cn/Article/CDMD-10701-1011200246.htm
地面场景下目标检测与跟踪关键技术研究,汪鹏程,南京理工大学,2018-01-01,//cdmd.cnki.com.cn/Article/CDMD-10288-1019139662.htm
小目标检测识别技术性能评价研究,张必银,华中科技大学,2007-06-01,//cdmd.cnki.com.cn/Article/CDMD-10487-2009033877.htm
基于轮廓的目标检测研究,窦育民,电子科技大学,2016-03-15,//cdmd.cnki.com.cn/Article/CDMD-10614-1016176821.htm
基于深度学习的小目标检测方法研究,陈冠宇,中国地质大学,2020-03-01,//cdmd.cnki.com.cn/Article/CDMD-10491-1020446155.htm
基于支持向量机的高分辨率遥感影像的目标检测研究,梅建新,武汉大学,2004-05-10,//cdmd.cnki.com.cn/Article/CDMD-10486-2004112056.htm
机载合成孔径成像与地面动目标检测技术研究,林幼权,西安电子科技大学,2001-06-01,//cdmd.cnki.com.cn/Article/CDMD-10701-2002050395.htm
夜间场景下显著目标检测方法研究,穆楠,武汉科技大学,2019-05-01,//cdmd.cnki.com.cn/Article/CDMD-10488-1019068788.htm
复杂背景下的红外弱小目标检测与跟踪技术研究,汪大宝,西安电子科技大学,2010-04-01,//cdmd.cnki.com.cn/Article/CDMD-10701-2010128525.htm
多通道雷达干扰抑制与目标检测算法研究,郭小路,西安电子科技大学,2017-09-01,//cdmd.cnki.com.cn/Article/CDMD-10701-1018046151.htm
复杂场景运动目标检测关键算法研究及应用系统技术实现,廖娟,南京大学,2015-05-22,//cdmd.cnki.com.cn/Article/CDMD-10284-1015316537.htm
红外小目标检测与跟踪算法研究,魏长安,哈尔滨工业大学,2009-06-01,//cdmd.cnki.com.cn/Article/CDMD-10213-2010031156.htm
天基复杂背景下空间暗弱小目标检测方法研究,李梦阳,中国科学院大学(中国科学院长春光学精密机械与物理研究所),2020-09-01,//cdmd.cnki.com.cn/Article/CDMD-80139-1020019962.htm
基于非线性分析的海杂波处理与目标检测,许小可,大连海事大学,2008-04-01,//cdmd.cnki.com.cn/Article/CDMD-10151-2009074898.htm
复杂图像序列中微弱运动目标检测技术研究,周宁,电子科技大学,2009-09-01,//cdmd.cnki.com.cn/Article/CDMD-10614-2010231778.htm
极化SAR图像人造目标检测技术研究,王娜,国防科学技术大学,2012-09-01,//cdmd.cnki.com.cn/Article/CDMD-90002-1014048221.htm
机载外辐射源雷达目标检测技术研究,邓亚琦,西安电子科技大学,2019-09-01,//cdmd.cnki.com.cn/Article/CDMD-10701-1020027769.htm
红外弱小目标检测技术研究,武斌,西安电子科技大学,2008-12-01,//cdmd.cnki.com.cn/Article/CDMD-10701-2009065274.htm
面向低空慢速小目标的协检测方法研究,高敬礼,浙江大学,2017-10-15,//cdmd.cnki.com.cn/Article/CDMD-10335-1018077212.htm
复杂环境运动目标检测若干关键问题研究,丁莹,吉林大学,2010-06-01,//cdmd.cnki.com.cn/Article/CDMD-10183-2010107142.htm
极化SAR图像人造目标特征提取与检测方法研究,张腊梅,哈尔滨工业大学,2010-04-01,//cdmd.cnki.com.cn/Article/CDMD-10213-2011016040.htm
基于时空切片的运动目标检测与跟踪方法研究,杨景景,哈尔滨工业大学,2013-03-01,//cdmd.cnki.com.cn/Article/CDMD-10213-1013045071.htm
智能视频监控中的运动目标检测与跟踪技术研究,屈鉴铭,西安电子科技大学,2015-04-01,//cdmd.cnki.com.cn/Article/CDMD-10701-1016006284.htm
多接收站外辐射源雷达目标检测与跟踪,孙文,电子科技大学,2018-11-16,//cdmd.cnki.com.cn/Article/CDMD-10614-1019817548.htm
多频高频地波雷达目标检测与跟踪技术研究,黄晓静,武汉大学,2010-05-01,//cdmd.cnki.com.cn/Article/CDMD-10486-1011065911.htm
复杂背景下红外弱小目标检测算法研究,李欣,西安电子科技大学,2010-04-01,//cdmd.cnki.com.cn/Article/CDMD-10701-2010128537.htm
合成孔径雷达图像舰船目标检测算法与应用研究,种劲松,中国科学院研究生院（电子学研究所）,2002-12-01,//cdmd.cnki.com.cn/Article/CDMD-80137-2003090402.htm
高分辨SAR运动目标检测与成像若干技术研究,张云,哈尔滨工业大学,2009-03-01,//cdmd.cnki.com.cn/Article/CDMD-10213-2011015856.htm
基于太赫兹雷达的人体心跳和微动特征检测方法研究,徐政五,电子科技大学,2014-06-30,//cdmd.cnki.com.cn/Article/CDMD-10614-1015712083.htm
基于分形分析和光流估计的运动目标检测技术研究,马龙,国防科学技术大学,2011-12-01,//cdmd.cnki.com.cn/Article/CDMD-90002-1013047612.htm
基于注意机制的红外小目标检测与跟踪算法研究,刘云鹤,哈尔滨工程大学,2009-04-01,//cdmd.cnki.com.cn/Article/CDMD-10217-2010075258.htm
基于视觉显著特征的目标检测方法研究,陈霄,吉林大学,2013-05-01,//cdmd.cnki.com.cn/Article/CDMD-10183-1013192730.htm
弹载宽带雷达信号处理机关键技术研究,刘博,国防科学技术大学,2013-10-01,//cdmd.cnki.com.cn/Article/CDMD-90002-1015959080.htm
基于三维点云分析的智能汽车目标检测方法研究,胡方超,重庆邮电大学,2019-09-01,//cdmd.cnki.com.cn/Article/CDMD-10617-1020418586.htm
高分辨率光学遥感图像中典型人造目标检测技术研究,王慧利,中国科学院长春光学精密机械与物理研究所,2017-04-01,//cdmd.cnki.com.cn/Article/CDMD-80139-1017063944.htm
红外多光谱多个弱小运动目标的检测与跟踪技术研究,张国亮,哈尔滨工业大学,2016-06-01,//cdmd.cnki.com.cn/Article/CDMD-10213-1016739361.htm
不同环境下目标的极化匹配检测理论和技术研究,雷世文,电子科技大学,2015-03-15,//cdmd.cnki.com.cn/Article/CDMD-10614-1015712156.htm
基于深度学习的空中红外目标检测关键技术研究,谢江荣,中国科学院大学(中国科学院上海技术物理研究所),2019-06-01,//cdmd.cnki.com.cn/Article/CDMD-80143-1019675052.htm
机载环视SAR海面特性和舰船目标检测算法研究,潘雪莉,西安电子科技大学,2018-12-01,//cdmd.cnki.com.cn/Article/CDMD-10701-1019161383.htm
视频运动目标检测及减法聚类定位技术研究,孙志海,浙江大学,2009-05-25,//cdmd.cnki.com.cn/Article/CDMD-10335-2010079679.htm
基于图像结构的目标检测方法研究,杨风雷,华东师范大学,2010-04-01,//cdmd.cnki.com.cn/Article/CDMD-10269-2010198461.htm
基于深度学习的图像分类与目标检测方法研究,郭景娟,华中科技大学,2020-05-01,//cdmd.cnki.com.cn/Article/CDMD-10487-1020351311.htm
基于SAR图像的目标检测研究,崔一,清华大学,2011-04-01,//cdmd.cnki.com.cn/Article/CDMD-10003-1012035929.htm
非结构环境下病虫害识别方法研究,王芳元,中国科学技术大学,2020-05-30,//cdmd.cnki.com.cn/Article/CDMD-10358-1020092644.htm
面向视频监控的动态目标检测、跟踪与识别关键技术研究,徐杨,东北大学,2012-06-01,//cdmd.cnki.com.cn/Article/CDMD-10145-1015559725.htm
序列图像红外小目标检测与跟踪算法研究,孙继刚,中国科学院研究生院(长春光学精密机械与物理研究所),2014-04-01,//cdmd.cnki.com.cn/Article/CDMD-80139-1014263821.htm
陆架斜坡海域空时相关特性及检测方法研究,邵炫,西北工业大学,2017-05-01,//cdmd.cnki.com.cn/Article/CDMD-10699-1018792680.htm
单目视觉多行人目标检测与跟踪技术研究,赵敏,重庆大学,2010-09-01,//cdmd.cnki.com.cn/Article/CDMD-10611-1011265587.htm
基于光谱特性的高光谱图像异常目标检测算法研究,成宝芝,哈尔滨工程大学,2012-09-01,//cdmd.cnki.com.cn/Article/CDMD-10217-1014134049.htm
未知环境中智能机器人的视觉导航技术研究,林义闽,北京邮电大学,2014-05-03,//cdmd.cnki.com.cn/Article/CDMD-10013-1015527428.htm
基于单通道SAR图像复值信息的舰船目标检测技术研究,冷祥光,国防科技大学,2019-04-01,//cdmd.cnki.com.cn/Article/CDMD-91002-1020385976.htm
运动成像平台近景视频运动目标检测技术研究,孙浩,国防科学技术大学,2011-09-01,//cdmd.cnki.com.cn/Article/CDMD-90002-1012020947.htm
面向自动驾驶的多传感器三维环境感知系统关键技术研究,王佳荣,中国科学院大学(中国科学院长春光学精密机械与物理研究所),2020-08-01,//cdmd.cnki.com.cn/Article/CDMD-80139-1020019971.htm
基于传播模型的显著目标检测方法研究,孔雨秋,大连理工大学,2019-09-06,//cdmd.cnki.com.cn/Article/CDMD-10141-1019243451.htm
自然场景下运动目标检测关键问题研究,屠礼芬,武汉大学,2014-02-06,//cdmd.cnki.com.cn/Article/CDMD-10486-1014250403.htm
阵列雷达动目标检测多维域方法研究,杜文韬,西安电子科技大学,2015-12-01,//cdmd.cnki.com.cn/Article/CDMD-10701-1016215319.htm
基于深度神经网络的三维目标检测与识别技术研究,马超,国防科技大学,2019-06-01,//cdmd.cnki.com.cn/Article/CDMD-91002-1020386010.htm
基于数学形态学的目标检测,余莉,国防科学技术大学,2005-10-01,//cdmd.cnki.com.cn/Article/CDMD-90002-2006127558.htm
复杂交通场景下多目标检测跟踪问题研究,孙士杰,长安大学,2019-10-18,//cdmd.cnki.com.cn/Article/CDMD-10710-1020813542.htm
基于信息融合的目标检测和PET目标重建方法,张春晖,西安电子科技大学,2015-07-01,//cdmd.cnki.com.cn/Article/CDMD-10701-1016006382.htm
基于红外图像的内河运动船舶目标检测和跟踪技术研究,刘俊,重庆大学,2008-10-01,//cdmd.cnki.com.cn/Article/CDMD-10611-2009047771.htm
可见光遥感图像海面舰船目标检测技术研究,董超,中国科学院大学(中国科学院长春光学精密机械与物理研究所),2020-06-01,//cdmd.cnki.com.cn/Article/CDMD-80139-1020065866.htm
基于极化SAR图像的舰船目标检测方法研究,张涛,上海交通大学,2019-06-12,//cdmd.cnki.com.cn/Article/CDMD-10248-1020727859.htm
机载相控阵雷达杂波及干扰抑制技术研究,吴亿锋,西安电子科技大学,2016-06-01,//cdmd.cnki.com.cn/Article/CDMD-10701-1018086934.htm
大视场捆绑式望远镜低轨空间目标检测技术研究,段宇,国防科技大学,2017-10-01,//cdmd.cnki.com.cn/Article/CDMD-91002-1020700782.htm
基于深度学习的SAR目标分类与检测技术研究,王琛,电子科技大学,2021-04-12,//cdmd.cnki.com.cn/Article/CDMD-10614-1021744083.htm
基于增强深度学习的目标检测,Tanvir Ahmad,华北电力大学(北京),2021-06-01,//cdmd.cnki.com.cn/Article/CDMD-11412-1021129657.htm
基于全卷积模型的显著性目标检测算法研究,张平平,大连理工大学,2020-06-02,//cdmd.cnki.com.cn/Article/CDMD-10141-1020109488.htm
面向视频和点云数据的目标检测方法研究,邓家俊,中国科学技术大学,2021-05-27,//cdmd.cnki.com.cn/Article/CDMD-10358-1021072561.htm
小型无人机目标雷达探测关键技术研究,方鑫,电子科技大学,2019-10-25,//cdmd.cnki.com.cn/Article/CDMD-10614-1020716370.htm
复杂背景下末制导红外目标检测、跟踪技术研究,赵菲,国防科学技术大学,2012-09-01,//cdmd.cnki.com.cn/Article/CDMD-90002-1014047980.htm
窄带、宽带雷达机动目标检测技术研究,许述文,西安电子科技大学,2011-04-01,//cdmd.cnki.com.cn/Article/CDMD-10701-1011200366.htm
基于计算机视觉的目标检测跟踪及特征分类研究,杨超宇,中国矿业大学(北京),2017-03-21,//cdmd.cnki.com.cn/Article/CDMD-11413-1017237869.htm
星载稀疏成像及动目标检测处理方法研究,杨东,西安电子科技大学,2015-06-01,//cdmd.cnki.com.cn/Article/CDMD-10701-1016006294.htm
空基辐射源非合作探测系统关键技术研究,杨博,国防科学技术大学,2011-03-01,//cdmd.cnki.com.cn/Article/CDMD-90002-1011303401.htm
机载/星载雷达地面运动目标检测稀疏处理方法研究,王伟伟,西安电子科技大学,2012-11-01,//cdmd.cnki.com.cn/Article/CDMD-10701-1013300641.htm
复杂背景下“低小慢”目标检测技术研究,吴言枫,中国科学院大学(中国科学院长春光学精密机械与物理研究所),2020-06-01,//cdmd.cnki.com.cn/Article/CDMD-80139-1020065851.htm
复杂场景中的在线多目标跟踪方法研究,杨敏,北京理工大学,2016-06-01,//cdmd.cnki.com.cn/Article/CDMD-10007-1018812110.htm
大拖尾雷达杂波模型及其背景下的扩展目标检测方法研究,高彦钊,国防科学技术大学,2014-04-01,//cdmd.cnki.com.cn/Article/CDMD-90002-1015959040.htm
基于OFDM雷达的低空目标检测跟踪技术研究,夏阳,国防科学技术大学,2016-09-01,//cdmd.cnki.com.cn/Article/CDMD-90002-1018996824.htm
基于区域建议的航空可见光遥感图像目标检测与识别技术研究,刘重阳,中国科学院大学(中国科学院长春光学精密机械与物理研究所),2020-06-01,//cdmd.cnki.com.cn/Article/CDMD-80139-1020065839.htm
基于条件随机场的视觉显著性目标检测,仇文亮,西安电子科技大学,2018-09-01,//cdmd.cnki.com.cn/Article/CDMD-10701-1019150994.htm
红外成像目标检测与跟踪技术研究,卓志敏,哈尔滨工程大学,2007-04-01,//cdmd.cnki.com.cn/Article/CDMD-10217-2008029227.htm
基于区域卷积神经网络的光学遥感图像部分遮挡目标检测识别技术研究,任云,国防科技大学,2018-11-01,//cdmd.cnki.com.cn/Article/CDMD-91002-1020385975.htm
煤层气井站异常目标检测及识别算法研究,于天暝,大连理工大学,2019-12-03,//cdmd.cnki.com.cn/Article/CDMD-10141-1020000255.htm
SAR慢动目标检测与参数估计方法研究,唐欣欣,电子科技大学,2020-12-02,//cdmd.cnki.com.cn/Article/CDMD-10614-1021744082.htm
基于优化特征表达的目标检测与跟踪算法研究,龚涛,中国科学技术大学,2021-04-01,//cdmd.cnki.com.cn/Article/CDMD-10358-1021076489.htm
基于Cauchy分布的语义视频运动目标的检测与跟踪,明英,武汉大学,2004-04-01,//cdmd.cnki.com.cn/Article/CDMD-10486-2004112061.htm
面向智能视频监控的运动目标检测与跟踪方法研究,焦波,国防科学技术大学,2009-05-01,//cdmd.cnki.com.cn/Article/CDMD-90002-2010147242.htm
高距离分辨海杂波背景下目标检测方法,时艳玲,西安电子科技大学,2011-09-01,//cdmd.cnki.com.cn/Article/CDMD-10701-1013114421.htm
目标探测中偏振信息提取的关键技术与应用,杨蔚,南京理工大学,2016-10-01,//cdmd.cnki.com.cn/Article/CDMD-10288-1018081047.htm
复杂场景下多通道阵列自适应目标检测算法研究,高永婵,西安电子科技大学,2015-12-01,//cdmd.cnki.com.cn/Article/CDMD-10701-1016215331.htm
复杂背景抑制及弱小目标检测算法研究,李凡,西安电子科技大学,2010-07-01,//cdmd.cnki.com.cn/Article/CDMD-10701-1011200206.htm
SAR图像目标ROI自动获取技术研究,高贵,国防科学技术大学,2007-04-01,//cdmd.cnki.com.cn/Article/CDMD-90002-2008098670.htm
光学遥感图像复杂场景船只目标检测技术研究,庄胤,北京理工大学,2018-06-01,//cdmd.cnki.com.cn/Article/CDMD-10007-1021568393.htm
光学图像海面舰船目标智能检测与识别方法研究,张玉莲,中国科学院大学(中国科学院长春光学精密机械与物理研究所),2021-06-01,//cdmd.cnki.com.cn/Article/CDMD-80139-1021043124.htm
运动目标检测,潘翔,浙江大学,2003-05-01,//cdmd.cnki.com.cn/Article/CDMD-10335-2003102863.htm
弱小运动图像目标形态检测理论与技术研究,程德杰,电子科技大学,2006-09-01,//cdmd.cnki.com.cn/Article/CDMD-10614-2007050618.htm
基于约束优化理论的MIMO雷达波形设计算法研究,余显祥,电子科技大学,2020-04-01,//cdmd.cnki.com.cn/Article/CDMD-10614-1020309973.htm
复杂场景中视觉运动目标检测与跟踪,陈远,华中科技大学,2008-08-01,//cdmd.cnki.com.cn/Article/CDMD-10487-2009044735.htm
宽带雷达信号处理,戴奉周,西安电子科技大学,2010-04-01,//cdmd.cnki.com.cn/Article/CDMD-10701-2010128517.htm
机载雷达的稳健稀疏空时自适应处理方法研究,高志奇,西安电子科技大学,2016-09-01,//cdmd.cnki.com.cn/Article/CDMD-10701-1018085920.htm
机动目标检测与运动参数估计技术研究,章建成,西安电子科技大学,2017-09-01,//cdmd.cnki.com.cn/Article/CDMD-10701-1018046192.htm
靶场图像目标检测跟踪与定姿技术研究,王鲲鹏,国防科学技术大学,2010-10-01,//cdmd.cnki.com.cn/Article/CDMD-90002-1011074024.htm
基于矩阵信息几何的雷达目标检测方法研究,华小强,国防科技大学,2018-04-01,//cdmd.cnki.com.cn/Article/CDMD-91002-1020700735.htm
人体跟踪理论及算法研究,刘英霞,山东大学,2007-09-25,//cdmd.cnki.com.cn/Article/CDMD-10422-2008047305.htm
基于水平集表示和均值漂移的运动目标检测与跟踪研究,韩明,燕山大学,2015-05-01,//cdmd.cnki.com.cn/Article/CDMD-10216-1015901975.htm
高分辨率光学遥感图像场景理解关键技术研究,姚西文,西北工业大学,2016-08-01,//cdmd.cnki.com.cn/Article/CDMD-10699-1018811385.htm
高分辨率宽测绘带SAR动目标处理方法研究,李学仕,西安电子科技大学,2015-09-01,//cdmd.cnki.com.cn/Article/CDMD-10701-1016247792.htm
多发多收合成孔径雷达成像及动目标检测技术研究,周伟,国防科学技术大学,2013-10-01,//cdmd.cnki.com.cn/Article/CDMD-90002-1015959036.htm
高光谱遥感图像异常目标检测方法研究,黄志鸿,湖南大学,2020-04-09,//cdmd.cnki.com.cn/Article/CDMD-10532-1020405968.htm
复杂场景下基于检测的数据关联多目标跟踪方法研究,刘洪彬,山东大学,2019-09-07,//cdmd.cnki.com.cn/Article/CDMD-10422-1020013361.htm
天波超视距雷达瞬态干扰抑制和目标检测方法,周忠根,西安电子科技大学,2012-12-01,//cdmd.cnki.com.cn/Article/CDMD-10701-1013296939.htm
视频监视方法研究,郑江滨,西北工业大学,2002-05-01,//cdmd.cnki.com.cn/Article/CDMD-10699-2003032253.htm
弱小目标和显著物体检测以及基于模型的目标位姿估计,孙晓亮,国防科技大学,2017-11-01,//cdmd.cnki.com.cn/Article/CDMD-91002-1020700796.htm
天波超视距雷达信号处理理论与算法研究,游伟,电子科技大学,2013-09-15,//cdmd.cnki.com.cn/Article/CDMD-10614-1014137379.htm
高光谱图像自动目标检测技术研究,贺霖,西北工业大学,2007-03-01,//cdmd.cnki.com.cn/Article/CDMD-10699-2007214257.htm
机载雷达SAR/GMTI及非正侧视线阵STAP技术研究,田斌,南京航空航天大学,2012-10-01,//cdmd.cnki.com.cn/Article/CDMD-10287-1014060068.htm
海面目标红外检测方法研究,王斌,大连海事大学,2017-11-01,//cdmd.cnki.com.cn/Article/CDMD-10151-1018078000.htm
基于压缩感知的红外图像目标检测追踪算法研究,崔征,哈尔滨工业大学,2019-06-01,//cdmd.cnki.com.cn/Article/CDMD-10213-1020401266.htm
多天线配置雷达系统的目标检测算法研究,崔国龙,电子科技大学,2011-09-01,//cdmd.cnki.com.cn/Article/CDMD-10614-1012473806.htm
面向交通场景理解的视觉目标检测与场景分割方法研究,陆科宇,国防科技大学,2018-11-01,//cdmd.cnki.com.cn/Article/CDMD-91002-1020386214.htm
复杂场景下目标检测算法研究,向涛,电子科技大学,2016-03-12,//cdmd.cnki.com.cn/Article/CDMD-10614-1016176810.htm
高速微弱目标检测算法研究,黄响,西安电子科技大学,2019-04-01,//cdmd.cnki.com.cn/Article/CDMD-10701-1020000378.htm
多通道SAR地面运动目标检测与参数估计研究,孙华东,哈尔滨工业大学,2009-03-01,//cdmd.cnki.com.cn/Article/CDMD-10213-2009292220.htm
航空图像中机场停泊飞行器的识别技术研究,李迎春,吉林大学,2004-12-01,//cdmd.cnki.com.cn/Article/CDMD-10183-2005013393.htm
雷达目标自适应检测算法研究,王泽玉,西安电子科技大学,2018-04-01,//cdmd.cnki.com.cn/Article/CDMD-10701-1019004497.htm
海杂波背景下的弱目标检测算法研究,金燕,武汉大学,2015-03-01,//cdmd.cnki.com.cn/Article/CDMD-10486-1015306349.htm
基于物体内部结构的目标识别及其应用,孙超博,北京邮电大学,2016-01-26,//cdmd.cnki.com.cn/Article/CDMD-10013-1017288102.htm
运动目标检测与跟踪技术研究,王欢,南京理工大学,2009-06-01,//cdmd.cnki.com.cn/Article/CDMD-10288-2009214494.htm
多摄像机视频监控中运动目标检测与跟踪,梁华,国防科学技术大学,2009-04-01,//cdmd.cnki.com.cn/Article/CDMD-90002-2010165400.htm
基于区域分割的SAR图像舰船目标检测技术研究,谢滔,国防科技大学,2019-10-01,//cdmd.cnki.com.cn/Article/CDMD-91002-1021828324.htm
基于深度学习的图像目标检测关键技术研究,丁鹏欣,四川大学,2021-06-01,//cdmd.cnki.com.cn/Article/CDMD-10610-1021833988.htm
海杂波模型及海面小目标检测方法研究,陈世超,西安电子科技大学,2020-12-01,//cdmd.cnki.com.cn/Article/CDMD-10701-1021034273.htm
复杂场景下的运动目标检测与跟踪研究,王欢,北京理工大学,2015-06-01,//cdmd.cnki.com.cn/Article/CDMD-10007-1016706838.htm
高分辨SAR图像目标特性建模及检测方法研究,杨海溢,电子科技大学,2019-04-15,//cdmd.cnki.com.cn/Article/CDMD-10614-1019851526.htm
序列图像弱小目标检测与跟踪算法研究,樊香所,电子科技大学,2019-03-15,//cdmd.cnki.com.cn/Article/CDMD-10614-1019851837.htm
复杂视频场景下的运动目标检测与跟踪研究,金静,兰州交通大学,2020-04-07,//cdmd.cnki.com.cn/Article/CDMD-10732-1020121711.htm
红外目标检测与识别理论与技术研究,张恒,哈尔滨工程大学,2008-08-01,//cdmd.cnki.com.cn/Article/CDMD-10217-2010075416.htm
红外搜索系统中目标探测与识别技术研究,管志强,南京理工大学,2009-05-01,//cdmd.cnki.com.cn/Article/CDMD-10288-2009214501.htm
阵列雷达SAR-GMTI关键技术研究,周争光,西安电子科技大学,2009-12-01,//cdmd.cnki.com.cn/Article/CDMD-10701-2010082102.htm
雷达弱小目标检测与跟踪技术研究,蔡飞,国防科学技术大学,2015-08-01,//cdmd.cnki.com.cn/Article/CDMD-90002-1017834403.htm
融合人眼视觉的显著性目标检测及视觉伺服控制研究,曾成,华中科技大学,2017-09-01,//cdmd.cnki.com.cn/Article/CDMD-10487-1018784412.htm
基于知识辅助的检测前跟踪算法研究,姜海超,电子科技大学,2017-04-10,//cdmd.cnki.com.cn/Article/CDMD-10614-1017066324.htm
弱小目标检测与多传感器数据融合跟踪技术研究,杨雷,哈尔滨工程大学,2007-06-01,//cdmd.cnki.com.cn/Article/CDMD-10217-2009059805.htm
分布式卫星雷达复杂地理杂波抑制和运动目标检测方法研究,许华健,西安电子科技大学,2018-06-01,//cdmd.cnki.com.cn/Article/CDMD-10701-1019004481.htm
空间红外弱小目标高可靠检测方法研究,张双垒,中国科学院研究生院(上海技术物理研究所),2015-05-01,//cdmd.cnki.com.cn/Article/CDMD-80143-1015964677.htm
红外弱小多目标实时检测跟踪技术研究,龚俊亮,中国科学院研究生院（长春光学精密机械与物理研究所）,2013-05-01,//cdmd.cnki.com.cn/Article/CDMD-80139-1013293708.htm
复杂条件下多通道SAR运动目标检测与参数估计方法研究,张文鹏,国防科技大学,2018-10-01,//cdmd.cnki.com.cn/Article/CDMD-91002-1020386040.htm
面向复杂场景的运动目标检测技术研究,郭丽丽,云南大学,2017-06-01,//cdmd.cnki.com.cn/Article/CDMD-10673-1017209975.htm
基于显著性的运动目标检测算法研究,王志虎,国防科学技术大学,2015-10-01,//cdmd.cnki.com.cn/Article/CDMD-90002-1017834270.htm
非均匀环境下的机载雷达STAP方法与目标检测技术研究,谢文冲,国防科学技术大学,2006-09-01,//cdmd.cnki.com.cn/Article/CDMD-90002-2007141040.htm
单/双基地极化干涉SAR信号建模、检测及参数反演方法研究,李延伟,国防科学技术大学,2010-09-01,//cdmd.cnki.com.cn/Article/CDMD-90002-1011074008.htm
面向机器人的多目视觉检测算法研究及系统实现,柯丰恺,华中科技大学,2016-05-01,//cdmd.cnki.com.cn/Article/CDMD-10487-1016088880.htm
宽幅光学遥感图像舰船飞机目标检测识别技术研究,王文胜,中国科学院大学(中国科学院长春光学精密机械与物理研究所),2018-06-01,//cdmd.cnki.com.cn/Article/CDMD-80139-1018189095.htm
基于粒子滤波的微弱雷达目标检测方法,卢锦,西安电子科技大学,2014-04-01,//cdmd.cnki.com.cn/Article/CDMD-10701-1014324952.htm
空中弱小目标长时间相参积累检测技术研究,饶烜,西安电子科技大学,2015-12-01,//cdmd.cnki.com.cn/Article/CDMD-10701-1016214233.htm
高光谱图像分辨率增强及在小目标检测中的应用研究,王晓飞,哈尔滨工业大学,2011-01-01,//cdmd.cnki.com.cn/Article/CDMD-10213-1011279479.htm
基于人类视觉特性的复杂背景红外小目标检测研究,韩金辉,华中科技大学,2016-02-26,//cdmd.cnki.com.cn/Article/CDMD-10487-1016716311.htm
SAR图像特征提取与检测、配准算法研究,曾丽娜,西北工业大学,2017-06-01,//cdmd.cnki.com.cn/Article/CDMD-10699-1018792645.htm
基于视觉显著性和稀疏学习的雷达图像目标检测,王士刚,西安电子科技大学,2017-11-01,//cdmd.cnki.com.cn/Article/CDMD-10701-1018046125.htm
基于干涉图的多通道SAR地面慢动目标自动检测技术研究,时公涛,国防科学技术大学,2009-10-01,//cdmd.cnki.com.cn/Article/CDMD-90002-2010165389.htm
水下声纳图像的MRF目标检测与水平集的轮廓提取方法研究,王兴梅,哈尔滨工程大学,2009-12-01,//cdmd.cnki.com.cn/Article/CDMD-10217-1011020994.htm
非均匀环境中的机载雷达STAP及宽带雷达MTD技术研究,方明,西安电子科技大学,2016-05-01,//cdmd.cnki.com.cn/Article/CDMD-10701-1018085961.htm
基于飞行平台成像的运动目标检测与跟踪,俞先国,国防科技大学,2018-06-21,//cdmd.cnki.com.cn/Article/CDMD-91002-1020700760.htm
雷达目标航迹起始与跟踪阶段目标探测技术研究,刘红亮,西安电子科技大学,2016-11-01,//cdmd.cnki.com.cn/Article/CDMD-10701-1018086988.htm
基于少量样本的快速目标检测与识别,徐培,电子科技大学,2014-09-18,//cdmd.cnki.com.cn/Article/CDMD-10614-1015712045.htm
基于遥感图像的交通道路目标识别方法研究,朱光,吉林大学,2015-12-01,//cdmd.cnki.com.cn/Article/CDMD-10183-1016009365.htm
基于多调频广播信号的外辐射源雷达关键技术研究,尤君,武汉大学,2015-04-01,//cdmd.cnki.com.cn/Article/CDMD-10486-1015306771.htm
空中平台大视场红外小目标实时探测技术研究,刘源,中国科学院大学(中国科学院上海技术物理研究所),2017-05-01,//cdmd.cnki.com.cn/Article/CDMD-80143-1017824344.htm
随机森林及其在遥感影像处理中应用研究,雷震,上海交通大学,2012-01-01,//cdmd.cnki.com.cn/Article/CDMD-10248-1012016718.htm
基于轨迹片段关联的目标跟踪与事件检测方法研究,王江峰,国防科学技术大学,2011-09-01,//cdmd.cnki.com.cn/Article/CDMD-90002-1012020821.htm
频控阵雷达目标检测关键技术研究,闫异圣,电子科技大学,2021-04-25,//cdmd.cnki.com.cn/Article/CDMD-10614-1021744776.htm
线列红外成像系统目标检测关键技术研究,楼晨风,中国科学院大学(中国科学院上海技术物理研究所),2021-06-01,//cdmd.cnki.com.cn/Article/CDMD-80143-1021705543.htm
基于候选区域目标检测的关键技术研究,王春哲,中国科学院大学(中国科学院国家空间科学中心),2020-12-01,//cdmd.cnki.com.cn/Article/CDMD-80073-1021011763.htm
天基广域监视系统中空间目标检测技术研究,刘丹,中国科学院大学(中国科学院长春光学精密机械与物理研究所),2021-06-01,//cdmd.cnki.com.cn/Article/CDMD-80139-1021043174.htm
基于局部和全局特征表示的红外小目标检测算法研究,夏超群,浙江大学,2021-06-30,//cdmd.cnki.com.cn/Article/CDMD-10335-1021640242.htm
基于虚拟扩展和相位同步的雷达信号处理,张莉,深圳大学,2018-06-30,//cdmd.cnki.com.cn/Article/CDMD-10590-1018822507.htm
脉冲耦合神经网络在智能交通系统中的应用技术研究,黎曦,武汉大学,2014-05-01,//cdmd.cnki.com.cn/Article/CDMD-10486-1015550280.htm
复杂背景下的运动目标检测与跟踪,李菊,合肥工业大学,2015-04-01,//cdmd.cnki.com.cn/Article/CDMD-10359-1015723326.htm
弱小运动目标快速检测及处理技术研究,席江波,中国科学院大学(中国科学院西安光学精密机械研究所),2017-07-01,//cdmd.cnki.com.cn/Article/CDMD-80142-1018804421.htm
光电成像目标识别与检测关键技术研究,钟剑丹,电子科技大学,2018-03-26,//cdmd.cnki.com.cn/Article/CDMD-10614-1018974906.htm
基于部件的非刚性目标检测方法研究,陈耀东,湖南大学,2014-09-19,//cdmd.cnki.com.cn/Article/CDMD-10532-1016304905.htm
红外图像质量增强及小目标检测算法研究,宋琼,华中科技大学,2019-05-01,//cdmd.cnki.com.cn/Article/CDMD-10487-1019617701.htm
基于元数据的雷达目标检测和跟踪研究,金加根,武汉理工大学,2015-03-01,//cdmd.cnki.com.cn/Article/CDMD-10497-1015811668.htm
复杂空间环境下红外弱小目标高可靠检测方法研究,王涛,中国科学院大学(中国科学院上海技术物理研究所),2017-04-01,//cdmd.cnki.com.cn/Article/CDMD-80143-1017824352.htm
机载雷达降维空时自适应处理方法及杂波预滤波技术研究,周延,西安电子科技大学,2015-09-01,//cdmd.cnki.com.cn/Article/CDMD-10701-1016247788.htm
非均匀强杂波下的目标检测问题研究,陈思佳,电子科技大学,2014-03-01,//cdmd.cnki.com.cn/Article/CDMD-10614-1015712348.htm
视频多模态信息处理的关键技术研究,钱真,哈尔滨工程大学,2012-03-15,//cdmd.cnki.com.cn/Article/CDMD-10217-1012518765.htm
基于深度学习的行人及骑车人车载图像识别方法,李晓飞,清华大学,2016-10-01,//cdmd.cnki.com.cn/Article/CDMD-10003-1018811720.htm
海杂波中微弱运动目标自适应检测方法研究,刘明,西安电子科技大学,2016-06-01,//cdmd.cnki.com.cn/Article/CDMD-10701-1016214355.htm
运动目标的跨尺度检测与跟踪方法研究,朱素果,北京邮电大学,2016-05-10,//cdmd.cnki.com.cn/Article/CDMD-10013-1017292017.htm
基于机器视觉的奶牛个体信息感知及行为分析,赵凯旋,西北农林科技大学,2017-04-01,//cdmd.cnki.com.cn/Article/CDMD-10712-1017100980.htm
视频中运动目标检测与跟踪相关问题研究,向金海,华中科技大学,2014-05-01,//cdmd.cnki.com.cn/Article/CDMD-10487-1014231492.htm
天发地收高频雷达杂波抑制方法研究,童鹏,哈尔滨工业大学,2018-03-01,//cdmd.cnki.com.cn/Article/CDMD-10213-1018897639.htm
基于深度学习的光学图像场景感知算法研究,庞江淼,浙江大学,2021-04-01,//cdmd.cnki.com.cn/Article/CDMD-10335-1021093349.htm
基于卷积神经网络的胃镜图像理解中若干关键问题研究与实践,张旭,浙江大学,2020-10-30,//cdmd.cnki.com.cn/Article/CDMD-10335-1021700841.htm
复杂场景下运动目标智能检测与实时跟踪算法研究,闫爱云,东北大学,2019-12-01,//cdmd.cnki.com.cn/Article/CDMD-10145-1021125759.htm
阵列雷达宽幅地面运动目标检测方法研究,贺雄鹏,西安电子科技大学,2020-06-01,//cdmd.cnki.com.cn/Article/CDMD-10701-1020162847.htm
基于高分遥感影像的深度学习目标检测方法研究,张园林,中国科学院大学(中国科学院西安光学精密机械研究所),2020-09-01,//cdmd.cnki.com.cn/Article/CDMD-80142-1021512618.htm
基于小波分析的军事目标识别及跟踪方法研究,孙红光,长春理工大学,2008-12-01,//cdmd.cnki.com.cn/Article/CDMD-10186-2009201547.htm
高速、加速运动目标检测及雷达目标微动特征提取算法研究,庞存锁,北京理工大学,2014-07-01,//cdmd.cnki.com.cn/Article/CDMD-10007-1015029493.htm
距离扩展目标的检测算法研究,帅晓飞,电子科技大学,2011-03-01,//cdmd.cnki.com.cn/Article/CDMD-10614-1011191831.htm
多相位中心接收SAR/GMTI技术研究,张绪锦,南京航空航天大学,2009-01-01,//cdmd.cnki.com.cn/Article/CDMD-10287-2010079958.htm
高分辨率光学遥感图像舰船目标检测关键技术研究,李笋,北京理工大学,2017-06-01,//cdmd.cnki.com.cn/Article/CDMD-10007-1019828750.htm
基于WiMAX的被动雷达理论及系统研究,汪清,天津大学,2010-03-01,//cdmd.cnki.com.cn/Article/CDMD-10056-2010209265.htm
脉冲及脉间二相编码雷达高度表信号处理方法研究,刘建新,电子科技大学,2004-08-01,//cdmd.cnki.com.cn/Article/CDMD-10614-2005096542.htm
岩质隧道炮孔图像识别算法及光面爆破参数优化研究,张万志,山东大学,2019-10-07,//cdmd.cnki.com.cn/Article/CDMD-10422-1020009306.htm
基于显著性和可变形部件模型的遥感影像建筑物识别,沈佳洁,武汉大学,2019-11-01,//cdmd.cnki.com.cn/Article/CDMD-10486-1020604431.htm
星载宽幅SAR及目标检测算法研究,李健,西安电子科技大学,2018-04-01,//cdmd.cnki.com.cn/Article/CDMD-10701-1019004503.htm
多通道地面动目标检测雷达稳健阵列处理方法研究,曾操,西安电子科技大学,2008-09-01,//cdmd.cnki.com.cn/Article/CDMD-10701-2009031149.htm
基于MNCC模型的高分辨率遥感影像目标识别,刘扬,河南大学,2016-06-01,//cdmd.cnki.com.cn/Article/CDMD-10475-1016208032.htm
智能视频监控系统的信息处理算法研究及设计实现,车进,天津大学,2014-12-01,//cdmd.cnki.com.cn/Article/CDMD-10056-1016183399.htm
基于空中机器人平台的运动目标检测和视觉导航,张栋,浙江大学,2012-12-01,//cdmd.cnki.com.cn/Article/CDMD-10335-1013185907.htm
红外序列图像中弱小目标检测方法研究,汲清波,哈尔滨工程大学,2007-12-01,//cdmd.cnki.com.cn/Article/CDMD-10217-2009058618.htm
成像末制导目标检测与跟踪技术研究,陈尚锋,国防科学技术大学,2009-10-01,//cdmd.cnki.com.cn/Article/CDMD-90002-2010165393.htm
基于深度学习的农作物害虫检测方法研究与应用,刘浏,中国科学技术大学,2020-06-04,//cdmd.cnki.com.cn/Article/CDMD-10358-1020092690.htm
拦截技术中目标跟踪若干关键技术的研究,康莉,西安电子科技大学,2008-09-01,//cdmd.cnki.com.cn/Article/CDMD-10701-2009031150.htm
交通监控中的运动人体目标检测与跟踪,卢岩,中国科学院研究生院（长春光学精密机械与物理研究所）,2011-04-01,//cdmd.cnki.com.cn/Article/CDMD-80139-1012291420.htm
视觉注意力和鲁棒深度特征学习驱动的目标检测与跟踪研究,王逍,安徽大学,2019-09-01,//cdmd.cnki.com.cn/Article/CDMD-10357-1020014686.htm
天文信息自动处理及目标检测的研究,潘景昌,山东大学,2011-10-20,//cdmd.cnki.com.cn/Article/CDMD-10422-1012301945.htm
机载雷达海面图像背景建模与目标检测方法研究,霍伟博,电子科技大学,2019-04-29,//cdmd.cnki.com.cn/Article/CDMD-10614-1019851420.htm
无线传感器网络中的覆盖控制与信息的安全传输,常相茂,北京邮电大学,2011-05-10,//cdmd.cnki.com.cn/Article/CDMD-10013-1011184580.htm
弹载前侧视SAR成像及运动补偿技术研究,冉磊,西安电子科技大学,2018-03-01,//cdmd.cnki.com.cn/Article/CDMD-10701-1018046007.htm
智能交通监控中运动目标检测与跟踪算法研究,崔雨勇,华中科技大学,2012-05-01,//cdmd.cnki.com.cn/Article/CDMD-10487-1012361468.htm
基于混沌理论的MIMO雷达正交波形设计与目标检测技术研究,杨进,国防科学技术大学,2012-09-01,//cdmd.cnki.com.cn/Article/CDMD-90002-1014047898.htm
视觉跟踪系统中基于人机交互的目标信息提取技术研究,朱皓,北京理工大学,2017-06-01,//cdmd.cnki.com.cn/Article/CDMD-10007-1019828759.htm
时空非平稳强杂波抑制与微弱运动目标检测技术,吴宏刚,电子科技大学,2006-09-01,//cdmd.cnki.com.cn/Article/CDMD-10614-2007051037.htm
成像声纳目标检测与跟踪技术研究,刘立昕,哈尔滨工程大学,2015-09-18,//cdmd.cnki.com.cn/Article/CDMD-10217-1017245267.htm
星载合成孔径雷达目标检测技术研究,陆立明,国防科学技术大学,2004-10-01,//cdmd.cnki.com.cn/Article/CDMD-90002-2005144371.htm
机载MIMO雷达空时自适应处理模型与算法研究,王珽,解放军信息工程大学,2017-04-20,//cdmd.cnki.com.cn/Article/CDMD-90005-1018702318.htm
红外成像目标检测与识别方法研究,刘靳,西安电子科技大学,2010-07-01,//cdmd.cnki.com.cn/Article/CDMD-10701-1011200250.htm
基于深度学习的智能汽车容错感知与决策控制方法研究,岳泊暄,浙江大学,2018-04-01,//cdmd.cnki.com.cn/Article/CDMD-10335-1019065967.htm
基于混成系统的视频目标检测与跟踪算法研究,张晓宇,上海交通大学,2016-11-01,//cdmd.cnki.com.cn/Article/CDMD-10248-1019682165.htm
基于红外序列图像的地物类型反演、目标检测与被动测距研究,杨德贵,国防科学技术大学,2010-10-01,//cdmd.cnki.com.cn/Article/CDMD-90002-1011303404.htm
认知航海雷达关键技术研究,柳毅,大连海事大学,2020-05-09,//cdmd.cnki.com.cn/Article/CDMD-10151-1020075934.htm
单/双通道低频SAR/GMTI技术研究,范崇祎,国防科学技术大学,2012-06-01,//cdmd.cnki.com.cn/Article/CDMD-90002-1014047688.htm
分布式SAR动目标检测关键技术研究,张雷,哈尔滨工业大学,2016-04-01,//cdmd.cnki.com.cn/Article/CDMD-10213-1016739158.htm
红外人体目标检测和跟踪方法研究,云廷进,重庆大学,2008-09-01,//cdmd.cnki.com.cn/Article/CDMD-10611-2009047764.htm
地、海杂波建模及目标检测技术研究,姜斌,国防科学技术大学,2006-10-01,//cdmd.cnki.com.cn/Article/CDMD-90002-2007140332.htm
视频合成孔径雷达成像算法研究,左峰,电子科技大学,2019-11-15,//cdmd.cnki.com.cn/Article/CDMD-10614-1020811334.htm
太赫兹雷达目标检测与高分辨成像算法研究,刘通,电子科技大学,2018-10-21,//cdmd.cnki.com.cn/Article/CDMD-10614-1019817547.htm
红外图像中弱小目标检测技术研究,徐军,西安电子科技大学,2001-05-01,//cdmd.cnki.com.cn/Article/CDMD-10701-2004020546.htm
天基预警雷达微弱动目标检测与定位方法研究,吴孙勇,西安电子科技大学,2011-01-01,//cdmd.cnki.com.cn/Article/CDMD-10701-1011200471.htm
分米级可见光遥感图像特定目标的在线检测,瞿涛,武汉大学,2016-10-01,//cdmd.cnki.com.cn/Article/CDMD-10486-1017009873.htm
探地雷达高辐射效率天线与目标检测,王建,国防科学技术大学,2013-11-01,//cdmd.cnki.com.cn/Article/CDMD-90002-1015959111.htm
垂直航迹/沿航迹干涉合成孔径雷达信号处理技术研究,索志勇,西安电子科技大学,2008-12-01,//cdmd.cnki.com.cn/Article/CDMD-10701-2009064402.htm
多通道海杂波建模及海面目标信息获取,辛志慧,西安电子科技大学,2017-04-01,//cdmd.cnki.com.cn/Article/CDMD-10701-1018085898.htm
高分宽幅SAR成像处理关键技术研究,郭晓江,上海交通大学,2018-05-01,//cdmd.cnki.com.cn/Article/CDMD-10248-1019640812.htm
辅助视觉中的图像处理关键技术研究,陈龙,西安电子科技大学,2013-09-01,//cdmd.cnki.com.cn/Article/CDMD-10701-1014319194.htm
三维立体视觉关键技术研究,丰一流,国防科技大学,2018-12-01,//cdmd.cnki.com.cn/Article/CDMD-91002-1020385898.htm
基于机载SAR图像的对地目标检测方法研究,王义敏,西北工业大学,2006-06-01,//cdmd.cnki.com.cn/Article/CDMD-10699-2007035427.htm
基于稀疏性的空时自适应处理理论和方法,阳召成,国防科学技术大学,2013-04-10,//cdmd.cnki.com.cn/Article/CDMD-90002-1014047920.htm
联合时空特征的视觉显著目标检测算法研究,陈宇环,深圳大学,2018-06-30,//cdmd.cnki.com.cn/Article/CDMD-10590-1018822510.htm
双色红外成像制导自动目标识别与跟踪技术研究,李秋华,国防科学技术大学,2005-10-01,//cdmd.cnki.com.cn/Article/CDMD-90002-2007141184.htm
视频中火焰和烟气探测方法的研究,王世东,中国科学技术大学,2013-03-01,//cdmd.cnki.com.cn/Article/CDMD-10358-1013189870.htm
基于视觉的运动人体特征描述与行为识别研究,韩姗姗,浙江工业大学,2015-02-01,//cdmd.cnki.com.cn/Article/CDMD-10337-1015439090.htm
运动目标检测及其行为分析研究,文嘉俊,哈尔滨工业大学,2015-09-01,//cdmd.cnki.com.cn/Article/CDMD-10213-1016739440.htm
基于可见光和红外热像仪的双目视觉运动目标跟踪,陈文,南京航空航天大学,2013-03-01,//cdmd.cnki.com.cn/Article/CDMD-10287-1014060180.htm
基于鲁棒相似性度量和深度学习的目标检测方法研究,郭冠军,厦门大学,2018-05-01,//cdmd.cnki.com.cn/Article/CDMD-10384-1018194653.htm
两种目标图像特征检测与应用,王洪群,华中科技大学,2006-04-01,//cdmd.cnki.com.cn/Article/CDMD-10487-2008023632.htm
自然场景分类与目标识别关键技术研究,周莉,国防科学技术大学,2012-03-01,//cdmd.cnki.com.cn/Article/CDMD-90002-1013047736.htm
基于视觉认知的目标识别技术研究,常永鑫,电子科技大学,2014-10-01,//cdmd.cnki.com.cn/Article/CDMD-10614-1015712245.htm
复杂交通监控场景下运动目标检测与跟踪方法研究,薛茹,长安大学,2014-04-25,//cdmd.cnki.com.cn/Article/CDMD-10710-1014070021.htm
宽带多基地雷达多目标检测与跟踪技术研究,吴耀云,中国科学技术大学,2008-06-01,//cdmd.cnki.com.cn/Article/CDMD-10358-2009025015.htm
SAR/ISAR目标电磁特征提取及应用研究,段佳,西安电子科技大学,2015-04-01,//cdmd.cnki.com.cn/Article/CDMD-10701-1016006290.htm
稀疏与低秩先验下的高光谱分类与检测方法,徐洋,南京理工大学,2016-04-01,//cdmd.cnki.com.cn/Article/CDMD-10288-1017043699.htm
基于视觉导航的智能车辆目标检测关键技术研究,张国权,兰州理工大学,2012-03-30,//cdmd.cnki.com.cn/Article/CDMD-10731-1012515347.htm
中文指代消解方法研究及在图像目标检测中的应用,周炫余,武汉大学,2016-10-01,//cdmd.cnki.com.cn/Article/CDMD-10486-1017009920.htm
航拍输电线图像中部件检测关键技术研究,廖圣龙,大连海事大学,2016-12-15,//cdmd.cnki.com.cn/Article/CDMD-10151-1017054260.htm
基于人工智能的光学遥感在轨船舶检测技术研究,于野,中国科学院大学(中国科学院长春光学精密机械与物理研究所),2020-06-01,//cdmd.cnki.com.cn/Article/CDMD-80139-1020065876.htm
基于卷积神经网络的高效语义分割方法研究,杨威,中国科学院大学(中国科学院光电技术研究所),2019-06-01,//cdmd.cnki.com.cn/Article/CDMD-80151-1019608398.htm
红外图像无参考图评价方法及应用研究,郑欣,电子科技大学,2015-10-15,//cdmd.cnki.com.cn/Article/CDMD-10614-1016059804.htm
生物视觉启发的高分辨率遥感影像特征提取与目标检测研究,霍宏,上海交通大学,2014-09-01,//cdmd.cnki.com.cn/Article/CDMD-10248-1015807761.htm
天基AMTI雷达信号处理若干关键技术研究,汤春林,电子科技大学,2012-03-01,//cdmd.cnki.com.cn/Article/CDMD-10614-1012473818.htm
基于有限集统计学理论的机动目标联合检测、跟踪与分类技术研究,杨威,国防科学技术大学,2012-10-01,//cdmd.cnki.com.cn/Article/CDMD-90002-1014047887.htm
SAR-GMTI雷达干扰技术研究,朱燕,西安电子科技大学,2012-09-01,//cdmd.cnki.com.cn/Article/CDMD-10701-1013297826.htm
雷达自适应波形优化设计研究,庄珊娜,南京理工大学,2012-04-01,//cdmd.cnki.com.cn/Article/CDMD-10288-1013167546.htm
基于深度神经网络的肿瘤图像分析与处理,昌杰,中国科学技术大学,2019-06-04,//cdmd.cnki.com.cn/Article/CDMD-10358-1019133169.htm
面向汽车自动驾驶的模拟图像生成技术及应用研究,刘镇疑,吉林大学,2021-03-01,//cdmd.cnki.com.cn/Article/CDMD-10183-1021100973.htm
基于背景建模的复杂场景中运动目标检测方法研究,郭治成,兰州交通大学,2021-04-29,//cdmd.cnki.com.cn/Article/CDMD-10732-1021132488.htm
显著性目标检测方法及应用研究,尚晋霞,四川大学,2021-06-30,//cdmd.cnki.com.cn/Article/CDMD-10610-1021833985.htm
基于深度神经网络的显著目标检测算法研究,王亚楠,中国科学院大学(中国科学院西安光学精密机械研究所),2020-12-01,//cdmd.cnki.com.cn/Article/CDMD-80142-1021512634.htm
基于视觉认知的图像目标检测方法研究,王正兵,南京航空航天大学,2018-12-01,//cdmd.cnki.com.cn/Article/CDMD-10287-1021643923.htm
海战场舰船目标检测与识别研究,安彧,哈尔滨工程大学,2014-08-29,//cdmd.cnki.com.cn/Article/CDMD-10217-1018051962.htm
复杂环境目标检测与跟踪关键技术研究及应用,邹腾跃,华中科技大学,2013-04-01,//cdmd.cnki.com.cn/Article/CDMD-10487-1014024745.htm
频控阵雷达自适应处理关键技术研究,桂荣华,电子科技大学,2020-05-21,//cdmd.cnki.com.cn/Article/CDMD-10614-1020811477.htm
分布式卫星多相位中心SAR-GMTI技术研究,束宇翔,西安电子科技大学,2013-11-01,//cdmd.cnki.com.cn/Article/CDMD-10701-1014319182.htm
图像序列中运动目标检测与跟踪方法研究,刘濛,东北大学,2009-05-01,//cdmd.cnki.com.cn/Article/CDMD-10145-1015562104.htm
天基运动小目标检测若干关键技术研究,吕凭乐,中国科学院大学(中国科学院上海技术物理研究所),2019-06-01,//cdmd.cnki.com.cn/Article/CDMD-80143-1019675059.htm
面向视觉感知理解的目标检测、跟踪与识别方法研究,赵黎明,浙江大学,2018-04-18,//cdmd.cnki.com.cn/Article/CDMD-10335-1018254787.htm
AUV的水下目标检测与跟踪方法研究,黄蜀玲,哈尔滨工程大学,2014-02-01,//cdmd.cnki.com.cn/Article/CDMD-10217-1018048240.htm
无线传感器网络中运动目标协同跟踪技术研究,熊静,西安电子科技大学,2016-06-01,//cdmd.cnki.com.cn/Article/CDMD-10701-1016214566.htm
天空起伏背景中红外弱小目标检测新方法研究,董维科,西安电子科技大学,2012-11-01,//cdmd.cnki.com.cn/Article/CDMD-10701-1013296929.htm
基于红外全景搜索系统的关键技术研究,李冰,中国科学院大学(中国科学院上海技术物理研究所),2017-05-01,//cdmd.cnki.com.cn/Article/CDMD-80143-1017824378.htm
基于低秩和稀疏表示模型的视频目标提取和跟踪研究,李成龙,安徽大学,2016-05-01,//cdmd.cnki.com.cn/Article/CDMD-10357-1016128209.htm
板带钢表面缺陷目标检测与分类算法研究,田思洋,北京科技大学,2019-04-12,//cdmd.cnki.com.cn/Article/CDMD-10008-1019157280.htm
红外点目标定量检测关键技术研究,刘丰轶,中国科学院大学(中国科学院上海技术物理研究所),2017-05-01,//cdmd.cnki.com.cn/Article/CDMD-80143-1017824341.htm
基于随机有限集的视频目标跟踪算法研究,吴静静,上海交通大学,2012-06-01,//cdmd.cnki.com.cn/Article/CDMD-10248-1012034711.htm
无源雷达微弱目标检测技术的研究,吕东泽,哈尔滨工程大学,2012-03-01,//cdmd.cnki.com.cn/Article/CDMD-10217-1012518740.htm
面向多源信息融合的智能汽车容错感知方法研究,傅骏伟,浙江大学,2020-05-01,//cdmd.cnki.com.cn/Article/CDMD-10335-1020072033.htm
全景视频生成及目标对象检索关键技术研究,贺波涛,华中科技大学,2018-10-01,//cdmd.cnki.com.cn/Article/CDMD-10487-1019819095.htm
基于视频的煤矿井下人员目标检测与跟踪研究,蔡利梅,中国矿业大学,2010-04-01,//cdmd.cnki.com.cn/Article/CDMD-10290-2010280172.htm
井下环境中运动目标检测与跟踪研究,张辰,中国矿业大学,2014-04-01,//cdmd.cnki.com.cn/Article/CDMD-10290-1014074814.htm
多通道雷达信号自适应检测技术研究,刘维建,国防科学技术大学,2014-06-01,//cdmd.cnki.com.cn/Article/CDMD-90002-1016922015.htm
基于遥感图像的重要目标特征提取与识别方法研究,张志龙,国防科学技术大学,2005-03-01,//cdmd.cnki.com.cn/Article/CDMD-90002-2005144358.htm
无重叠视域多目标接力跟踪关键问题研究,刘红海,合肥工业大学,2014-10-01,//cdmd.cnki.com.cn/Article/CDMD-10359-1015723298.htm
红外图像中人体目标检测、跟踪及其行为识别研究,李建福,重庆大学,2010-04-01,//cdmd.cnki.com.cn/Article/CDMD-10611-2010215591.htm
阵列雷达高分宽幅成像与动目标检测方法研究,王成浩,西安电子科技大学,2019-06-01,//cdmd.cnki.com.cn/Article/CDMD-10701-1020000379.htm
稳健的杂波抑制与参数估计方法研究,姜磊,西安电子科技大学,2015-09-01,//cdmd.cnki.com.cn/Article/CDMD-10701-1016247726.htm
基于地基望远镜的暗弱空间目标检测技术研究,张迪,中国科学院大学(中国科学院长春光学精密机械与物理研究所),2020-06-01,//cdmd.cnki.com.cn/Article/CDMD-80139-1020065860.htm
无人机精确打击过程中的SAR图像解译系统关键技术研究,刘中杰,南京航空航天大学,2013-10-01,//cdmd.cnki.com.cn/Article/CDMD-10287-1015951699.htm
旋转弹光电成像制导图像处理关键算法研究,刘忠领,北京理工大学,2014-12-01,//cdmd.cnki.com.cn/Article/CDMD-10007-1015029506.htm
低空目标探测及宽带雷达信号检测研究,赵建宏,电子科技大学,2007-09-17,//cdmd.cnki.com.cn/Article/CDMD-10614-2008123886.htm
图像理解的关键问题和方法研究,谢昭,合肥工业大学,2007-05-01,//cdmd.cnki.com.cn/Article/CDMD-10359-2007102639.htm
动态场景下多运动目标检测及跟踪方法研究,曾鹏鑫,东北大学,2005-07-15,//cdmd.cnki.com.cn/Article/CDMD-10145-2006155433.htm
新体制雷达系统设计与优化问题研究,陈鹏,东南大学,2017-04-17,//cdmd.cnki.com.cn/Article/CDMD-10286-1018004002.htm
精准畜牧中机器视觉关键技术研究及应用,刘冬,西北农林科技大学,2020-05-01,//cdmd.cnki.com.cn/Article/CDMD-10712-1020646445.htm
SAR/ISAR运动目标检测及成像新技术研究,刘亚波,西安电子科技大学,2011-04-01,//cdmd.cnki.com.cn/Article/CDMD-10701-1011200543.htm
稀疏表示在SAR图像相干斑抑制与检测中的应用研究,杨萌,南京航空航天大学,2012-07-01,//cdmd.cnki.com.cn/Article/CDMD-10287-1014005438.htm
机载SAR运动补偿和窄带干扰抑制及其单通道GMTI的研究,周峰,西安电子科技大学,2007-03-01,//cdmd.cnki.com.cn/Article/CDMD-10701-2009056361.htm
红外成像ATR系统中的数字图像处理及识别检测分类技术研究,张峰,西安电子科技大学,2010-04-01,//cdmd.cnki.com.cn/Article/CDMD-10701-2010128527.htm
基于稀疏表示的图像超分辨率与目标跟踪方法研究,刘海仓,湖南大学,2015-04-16,//cdmd.cnki.com.cn/Article/CDMD-10532-1015734222.htm
微弱目标信号积累检测的方法研究,王俊,西安电子科技大学,1999-12-01,//cdmd.cnki.com.cn/Article/CDMD-10701-1999000034.htm
多视场景异常目标描述,赵龙,中国科学技术大学,2012-10-01,//cdmd.cnki.com.cn/Article/CDMD-10358-1013110398.htm
视频运动目标检测及其实时处理系统研究,王东升,电子科技大学,2004-07-01,//cdmd.cnki.com.cn/Article/CDMD-10614-2005096526.htm
超视距雷达抗干扰与目标检测方法,强勇,西安电子科技大学,2004-01-01,//cdmd.cnki.com.cn/Article/CDMD-10701-2004060048.htm
基于视觉传感器网络的微型飞行器室内定位与路径规划技术研究,李亚敏,中国地质大学,2017-06-01,//cdmd.cnki.com.cn/Article/CDMD-10491-1017740189.htm
认知雷达信号处理—检测和跟踪,夏双志,西安电子科技大学,2012-09-01,//cdmd.cnki.com.cn/Article/CDMD-10701-1013110895.htm
基于视觉的目标跟踪关键技术研究,钟金琴,合肥工业大学,2014-10-01,//cdmd.cnki.com.cn/Article/CDMD-10359-1015574021.htm
智能交通系统中视频目标检测与识别的关键算法研究,李子龙,华南理工大学,2013-12-20,//cdmd.cnki.com.cn/Article/CDMD-10561-1014062944.htm
视频监控系统中的运动目标识别匹配及跟踪算法研究,陈晓博,北京邮电大学,2011-05-20,//cdmd.cnki.com.cn/Article/CDMD-10013-1012499202.htm
多模态媒体数据分析关键技术研究,聂为之,天津大学,2014-12-12,//cdmd.cnki.com.cn/Article/CDMD-10056-1016183459.htm
掩埋水雷目标探测技术研究,李通旭,西北工业大学,2014-07-01,//cdmd.cnki.com.cn/Article/CDMD-10699-1015030955.htm
基于深度学习的铁路图像智能分析关键技术研究与应用,赵冰,中国铁道科学研究院,2020-06-01,//cdmd.cnki.com.cn/Article/CDMD-83801-1020089085.htm
多通道SAR系统地面运动目标信息获取方法研究,夏猛,西安电子科技大学,2012-09-01,//cdmd.cnki.com.cn/Article/CDMD-10701-1013110904.htm
基于稀疏重构的空间目标感知方法研究,洪灵,西安电子科技大学,2015-04-01,//cdmd.cnki.com.cn/Article/CDMD-10701-1016006293.htm
复杂运动目标长时间相参积累方法研究,黄鹏辉,西安电子科技大学,2017-06-01,//cdmd.cnki.com.cn/Article/CDMD-10701-1018085878.htm
面向复杂场景的图像处理技术若干问题研究及其在计算光学成像系统中的应用,王新华,吉林大学,2019-11-01,//cdmd.cnki.com.cn/Article/CDMD-10183-1020011069.htm
可见光与长波红外图像融合的行人检测方法研究,官大衍,浙江大学,2019-09-01,//cdmd.cnki.com.cn/Article/CDMD-10335-1019232024.htm
复杂背景下海面红外小目标快速检测技术研究,孙熊伟,中国科学技术大学,2019-04-28,//cdmd.cnki.com.cn/Article/CDMD-10358-1019133077.htm
基于船载红外视频分析的海盗船艇智能辨识方法研究,杨雪锋,大连海事大学,2016-10-15,//cdmd.cnki.com.cn/Article/CDMD-10151-1017036239.htm
电子稳像理论及其应用研究,朱娟娟,西安电子科技大学,2009-01-01,//cdmd.cnki.com.cn/Article/CDMD-10701-2009065269.htm
周扫式多谱段无源预警实时图像处理系统研究,李一芒,中国科学院研究生院(长春光学精密机械与物理研究所),2014-05-01,//cdmd.cnki.com.cn/Article/CDMD-80139-1014263804.htm
基于粒子滤波的弱目标检测前跟踪算法研究,龚亚信,国防科学技术大学,2009-09-01,//cdmd.cnki.com.cn/Article/CDMD-90002-2010165321.htm
仿复眼全景图构筑及动目标定位技术研究,邢强,南京航空航天大学,2014-06-01,//cdmd.cnki.com.cn/Article/CDMD-10287-1015951736.htm
基于卷积神经网络的医学图像去噪和肺癌检测的研究,SORI WORKU JIFARA,哈尔滨工业大学,2019-06-01,//cdmd.cnki.com.cn/Article/CDMD-10213-1019646354.htm
多发多收合成孔径雷达关键技术研究,张佳佳,西安电子科技大学,2014-09-01,//cdmd.cnki.com.cn/Article/CDMD-10701-1015437827.htm
MIMO雷达中的空时处理与检测研究,赵翔,电子科技大学,2018-11-07,//cdmd.cnki.com.cn/Article/CDMD-10614-1019817549.htm
机动目标跟踪状态估计与数据关联技术的研究,孙福明,中国科学技术大学,2007-07-01,//cdmd.cnki.com.cn/Article/CDMD-10358-2008039429.htm
基于视频序列的高原鼠兔检测与跟踪方法研究,陈海燕,兰州理工大学,2016-09-26,//cdmd.cnki.com.cn/Article/CDMD-10731-1017802127.htm
多视角SAR目标识别方法研究,裴季方,电子科技大学,2018-10-01,//cdmd.cnki.com.cn/Article/CDMD-10614-1019817625.htm
基于机器学习的胸部X光片分类及胸部病变定位方法研究,李子荣,兰州大学,2019-03-01,//cdmd.cnki.com.cn/Article/CDMD-10730-1019873378.htm
目标跟踪算法与检测处理技术研究,卢莉萍,南京理工大学,2011-12-01,//cdmd.cnki.com.cn/Article/CDMD-10288-1012320994.htm
基于骨架的形状匹配中若干问题的研究,白翔,华中科技大学,2009-10-01,//cdmd.cnki.com.cn/Article/CDMD-10487-2010042153.htm
基于特征学习的人体目标检测和分析,盛碧云,东南大学,2017-06-01,//cdmd.cnki.com.cn/Article/CDMD-10286-1018137806.htm
基于群稀疏表示的SAR图像相干斑抑制与目标检测识别,刘苏,南京航空航天大学,2019-03-01,//cdmd.cnki.com.cn/Article/CDMD-10287-1021643892.htm
视觉显著性计算建模及其在感兴趣目标提取和跟踪中的应用,李鹏,中国石油大学(华东),2018-11-01,//cdmd.cnki.com.cn/Article/CDMD-10425-1021665312.htm
自然刺激注意机制的脑电研究,罗城,浙江大学,2021-06-15,//cdmd.cnki.com.cn/Article/CDMD-10335-1021700848.htm
面向深度卷积神经网络的模型压缩关键技术研究,田冠中,浙江大学,2021-04-14,//cdmd.cnki.com.cn/Article/CDMD-10335-1021108400.htm
基于特征挖掘和表观建模的红外目标探测技术研究,万敏杰,南京理工大学,2019-12-01,//cdmd.cnki.com.cn/Article/CDMD-10288-1021706224.htm
高光谱遥感图像小目标检测与识别技术研究,凌强,国防科技大学,2019-12-01,//cdmd.cnki.com.cn/Article/CDMD-91002-1021828536.htm
基于检测前跟踪的弱目标跟踪算法研究,鲍志超,国防科技大学,2020-06-01,//cdmd.cnki.com.cn/Article/CDMD-91002-1021828345.htm
非合作双基地雷达杂波干扰抑制与目标跟踪关键技术研究,祝茜,国防科技大学,2020-04-01,//cdmd.cnki.com.cn/Article/CDMD-91002-1021828502.htm
海面弱目标最优相干和联合特征检测方法研究,施赛楠,西安电子科技大学,2018-06-01,//cdmd.cnki.com.cn/Article/CDMD-10701-1019004512.htm
雷达目标物理特征提取及应用研究,杨栋文,西安电子科技大学,2019-12-01,//cdmd.cnki.com.cn/Article/CDMD-10701-1020027794.htm
密集恒星背景下暗弱目标提取技术研究,孔思捷,中国科学院大学(中国科学院光电技术研究所),2019-06-01,//cdmd.cnki.com.cn/Article/CDMD-80151-1019608390.htm
基于非线性滤波的IRST系统弱小目标检测与跟踪方法的研究,田岳鑫,北京理工大学,2014-06-01,//cdmd.cnki.com.cn/Article/CDMD-10007-1015801354.htm
瞬态极化雷达测量、检测与抗干技术研究,常宇亮,国防科学技术大学,2010-09-01,//cdmd.cnki.com.cn/Article/CDMD-90002-1011074056.htm
足球视频主题建模及内容分析方法研究,牛振兴,西安电子科技大学,2012-04-01,//cdmd.cnki.com.cn/Article/CDMD-10701-1013114260.htm
SAR图像机动目标检测与鉴别技术研究,李禹,国防科学技术大学,2007-10-01,//cdmd.cnki.com.cn/Article/CDMD-90002-2008098686.htm
传感器管理方法研究,刘先省,西北工业大学,2000-11-01,//cdmd.cnki.com.cn/Article/CDMD-10699-2000003198.htm
智能交通视频监视技术研究与应用,王夏黎,西北大学,2004-11-01,//cdmd.cnki.com.cn/Article/CDMD-10697-2005151801.htm
雷达通信一体化波形设计与处理方法研究,王诏丰,西安电子科技大学,2018-09-01,//cdmd.cnki.com.cn/Article/CDMD-10701-1019150978.htm
近地面扩展目标远距成像识别关键技术研究,徐兴贵,电子科技大学,2020-04-11,//cdmd.cnki.com.cn/Article/CDMD-10614-1020811511.htm
机载雷达杂波抑制与目标检测算法研究,李锐洋,电子科技大学,2017-10-16,//cdmd.cnki.com.cn/Article/CDMD-10614-1018055075.htm
复杂条件下短波近红外检测技术研究,付庆波,吉林大学,2012-06-01,//cdmd.cnki.com.cn/Article/CDMD-10183-1012365981.htm
加速运动目标检测及跟踪技术研究,刘建成,国防科学技术大学,2007-09-01,//cdmd.cnki.com.cn/Article/CDMD-90002-2008098516.htm
基于机器学习的森林多源遥感数据分析方法研究,李威,哈尔滨工程大学,2018-03-01,//cdmd.cnki.com.cn/Article/CDMD-10217-1018291743.htm
光测图像目标检测跟踪与判读方法研究,郭鹏宇,国防科学技术大学,2015-10-01,//cdmd.cnki.com.cn/Article/CDMD-90002-1017834226.htm
多源遥感图像舰船目标特征提取与融合技术研究,雷琳,国防科学技术大学,2008-04-01,//cdmd.cnki.com.cn/Article/CDMD-90002-2008099189.htm
支持向量机方法及其在机载毫米波雷达目标识别中的应用研究,廖东平,国防科学技术大学,2006-09-01,//cdmd.cnki.com.cn/Article/CDMD-90002-2007141031.htm
极化SAR图像海面船只监测方法研究,李海艳,中国科学院研究生院（海洋研究所）,2007-05-10,//cdmd.cnki.com.cn/Article/CDMD-80068-2007091029.htm
和差波束空时处理动目标检测技术研究,沈明威,南京航空航天大学,2008-03-01,//cdmd.cnki.com.cn/Article/CDMD-10287-2009053648.htm
监控视频中行人感知与分析关键问题研究,姜胜芹,东南大学,2019-11-01,//cdmd.cnki.com.cn/Article/CDMD-10286-1020310682.htm
认知雷达波形优化设计研究,张晓雯,上海交通大学,2019-07-01,//cdmd.cnki.com.cn/Article/CDMD-10248-1020727953.htm
基于雷达信息的海上溢油与小目标识别方法,杨勇虎,大连海事大学,2018-06-06,//cdmd.cnki.com.cn/Article/CDMD-10151-1018269226.htm
基于DNA传感器对硫酸盐还原菌检测的研究,曾艳,中国科学院研究生院(海洋研究所),2016-04-01,//cdmd.cnki.com.cn/Article/CDMD-80068-1016209096.htm
机载相控阵雷达目标检测和角度估计方法研究,王娟,西安电子科技大学,2019-09-01,//cdmd.cnki.com.cn/Article/CDMD-10701-1020027812.htm
捷联平台成像末制导关键技术研究,张路,国防科学技术大学,2010-12-01,//cdmd.cnki.com.cn/Article/CDMD-90002-1011303344.htm
光学图像末制导中的点目标检测与识别算法研究,张兵,国防科学技术大学,2005-10-01,//cdmd.cnki.com.cn/Article/CDMD-90002-2006127518.htm
MIMO合成孔径声纳处理目标检测与定位,孙锋,浙江大学,2012-06-01,//cdmd.cnki.com.cn/Article/CDMD-10335-1013147498.htm
复杂背景下红外目标检测与跟踪,郭伟,西安电子科技大学,2008-12-01,//cdmd.cnki.com.cn/Article/CDMD-10701-2010083850.htm
雷达信号处理的新方法——匹配傅里叶变换研究,王盛利,西安电子科技大学,2003-10-01,//cdmd.cnki.com.cn/Article/CDMD-10701-2004060053.htm
机载/星载雷达地面动目标检测方法研究,宁蔚,西安电子科技大学,2005-04-01,//cdmd.cnki.com.cn/Article/CDMD-10701-2006020230.htm
基于极化分集技术的雷达抗干扰与优化检测研究,张晶,哈尔滨工程大学,2014-05-05,//cdmd.cnki.com.cn/Article/CDMD-10217-1017241132.htm
红外搜寻与跟踪系统关键技术研究,艾斯卡尔,电子科技大学,2002-12-01,//cdmd.cnki.com.cn/Article/CDMD-10614-2003120219.htm
复杂海况下海面弱目标的精准与智能探测研究,周宏宽,华中科技大学,2019-05-25,//cdmd.cnki.com.cn/Article/CDMD-10487-1019617903.htm
基于物联网的铀尾矿库周边环境放射性污染智能监测方法与理论,易灵芝,南华大学,2018-05-01,//cdmd.cnki.com.cn/Article/CDMD-10555-1018277711.htm
机动微弱目标能量积累检测方法研究,陈帅霖,西安电子科技大学,2017-04-01,//cdmd.cnki.com.cn/Article/CDMD-10701-1018085881.htm
超宽带MIMO雷达自适应波形设计,季晨荷,南京理工大学,2016-08-01,//cdmd.cnki.com.cn/Article/CDMD-10288-1018081021.htm
高光谱图像压缩技术研究,苏令华,国防科学技术大学,2007-06-01,//cdmd.cnki.com.cn/Article/CDMD-90002-2008098676.htm
基于模型的目标提取及其在智能交通中的应用,何志伟,浙江大学,2006-04-01,//cdmd.cnki.com.cn/Article/CDMD-10335-2006081123.htm
面向有限资源平台人机交互的人手检测与跟踪,刘乐元,华中科技大学,2012-05-01,//cdmd.cnki.com.cn/Article/CDMD-10487-1012361595.htm
火箭橇弹射试验自动跟踪系统关键技术研究,陶家园,中国科学技术大学,2018-05-01,//cdmd.cnki.com.cn/Article/CDMD-10358-1018104928.htm
目标跟踪与多传感器信息融合若干问题研究,张高煜,西安电子科技大学,2006-05-01,//cdmd.cnki.com.cn/Article/CDMD-10701-2007019786.htm
UWB冲激雷达动目标检测及跟踪理论与关键技术研究,袁雪林,国防科学技术大学,2008-03-01,//cdmd.cnki.com.cn/Article/CDMD-90002-2008099186.htm
GPR天线和目标的电磁特性分析及数据解译方法研究,刘立业,国防科学技术大学,2005-10-01,//cdmd.cnki.com.cn/Article/CDMD-90002-2007141182.htm
全球智慧地标控制网构建关键技术研究,赖广陵,战略支援部队信息工程大学,2020-10-20,//cdmd.cnki.com.cn/Article/CDMD-91037-1021514464.htm
空间目标普测型雷达信号检测与参数估计算法研究,袁振涛,国防科学技术大学,2009-09-01,//cdmd.cnki.com.cn/Article/CDMD-90002-2010147236.htm
复杂场景下矩阵图码识读增强关键技术研究,王茂森,北京邮电大学,2020-03-01,//cdmd.cnki.com.cn/Article/CDMD-10013-1020162532.htm
面向航空磁异常探测的干扰抑制与目标检测技术研究,赵冠一,哈尔滨工业大学,2019-11-01,//cdmd.cnki.com.cn/Article/CDMD-10213-1020401464.htm
智能方法在机器人视觉伺服中的应用研究,薛艳敏,西安理工大学,2009-09-01,//cdmd.cnki.com.cn/Article/CDMD-10700-2010140695.htm
机载阵列雷达动目标检测与定位方法研究,曲毅,西安电子科技大学,2009-09-01,//cdmd.cnki.com.cn/Article/CDMD-10701-2010038894.htm
复杂环境下用于红外人体目标分割的PCNN模型研究,贺付亮,重庆大学,2018-03-01,//cdmd.cnki.com.cn/Article/CDMD-10611-1018855655.htm
调频连续波SAR宽测绘带成像与动目标检测,程普,国防科技大学,2017-11-01,//cdmd.cnki.com.cn/Article/CDMD-91002-1020700897.htm
基于波长、时间和量子态随机脉冲序列的光量子雷达技术研究,石冬松,中国科学院大学(中国科学院上海技术物理研究所),2020-06-01,//cdmd.cnki.com.cn/Article/CDMD-80143-1020389521.htm
峰均比约束下面向目标检测和参数估计的认知雷达波形设计,郝天铎,国防科技大学,2019-04-01,//cdmd.cnki.com.cn/Article/CDMD-91002-1020386066.htm
面向目标感知的盲信号处理算法研究,丛丰裕,上海交通大学,2007-03-01,//cdmd.cnki.com.cn/Article/CDMD-10248-2008052264.htm
基于PSO的复杂工业环境视觉目标检测算法应用研究,陈伟,武汉科技大学,2008-05-13,//cdmd.cnki.com.cn/Article/CDMD-11915-2009056753.htm
数字图像中的目标隐私度定量评估方法研究,李璇,华中科技大学,2018-05-26,//cdmd.cnki.com.cn/Article/CDMD-10487-1018210580.htm
基于形态学理论的目标检测技术,庾农,中国人民解放军国防科学技术大学,2000-10-01,//cdmd.cnki.com.cn/Article/CDMD-90002-2003097786.htm
三维激光扫描点云典型场景可见性分析方法研究,黄鹏頔,厦门大学,2017-04-01,//cdmd.cnki.com.cn/Article/CDMD-10384-1017107329.htm
分布式雷达成像及地面运动目标检测方法研究,江碧涛,中国科学院研究生院（空间科学与应用研究中心）,2007-05-01,//cdmd.cnki.com.cn/Article/CDMD-80073-2007128458.htm
基于盲源分离的智能图像处理技术研究,康志龙,河北工业大学,2017-10-01,//cdmd.cnki.com.cn/Article/CDMD-10080-1019926177.htm
基于近化学计量比Mg：Fe：LiNbO_3晶体的体全息相关识别技术研究,孟凡伟,哈尔滨工业大学,2010-07-01,//cdmd.cnki.com.cn/Article/CDMD-10213-2011013352.htm
基于深度学习的双孢菇采摘机器人视觉系统研究,曹景军,中国农业科学院,2021-06-01,//cdmd.cnki.com.cn/Article/CDMD-82101-1021083924.htm
基于鱼眼图像的智能车环境感知方法研究,钱烨强,上海交通大学,2020-05-27,//cdmd.cnki.com.cn/Article/CDMD-10248-1021679338.htm
基于深度学习的电力设备图像识别及应用研究,李军锋,广东工业大学,2018-06-01,//cdmd.cnki.com.cn/Article/CDMD-11845-1018193441.htm
视觉显著性检测模型研究及应用,林名强,中国科学技术大学,2016-05-02,//cdmd.cnki.com.cn/Article/CDMD-10358-1016103076.htm
采摘机器人图像处理系统中的关键算法研究,谢忠红,南京农业大学,2013-11-01,//cdmd.cnki.com.cn/Article/CDMD-10307-1014219003.htm
基于光视觉的无人艇水面目标检测与跟踪研究,曾文静,哈尔滨工程大学,2013-03-01,//cdmd.cnki.com.cn/Article/CDMD-10217-1014134085.htm
煤矿智能视频监控系统关键技术的研究,张谢华,中国矿业大学,2013-12-01,//cdmd.cnki.com.cn/Article/CDMD-10290-1014021391.htm
外辐射源雷达信号处理与目标跟踪方法研究,武勇,西安电子科技大学,2016-04-01,//cdmd.cnki.com.cn/Article/CDMD-10701-1016214575.htm
基于无线传感器网络的目标检测与跟踪研究,王志波,浙江大学,2014-03-01,//cdmd.cnki.com.cn/Article/CDMD-10335-1014227125.htm
复杂环境下智能车辆动态目标三维感知方法研究,王肖,清华大学,2016-05-01,//cdmd.cnki.com.cn/Article/CDMD-10003-1017817615.htm
视频序列图像中运动目标检测与跟踪算法研究,宋佳声,华南理工大学,2014-03-28,//cdmd.cnki.com.cn/Article/CDMD-10561-1014062822.htm
复杂交通视频场景中的车辆轨迹提取及行为分析,卢胜男,长安大学,2016-10-15,//cdmd.cnki.com.cn/Article/CDMD-10710-1017804031.htm
智能车行车环境视觉感知关键技术研究,梁敏健,长安大学,2017-10-09,//cdmd.cnki.com.cn/Article/CDMD-10710-1018815475.htm
高速机动目标长时间相参积累算法研究,李小龙,电子科技大学,2017-04-12,//cdmd.cnki.com.cn/Article/CDMD-10614-1017066296.htm
基于OFDM的雷达通信一体化设计方法研究,刘永军,西安电子科技大学,2019-08-01,//cdmd.cnki.com.cn/Article/CDMD-10701-1020000371.htm
基于迁移学习的目标识别若干问题研究,唐宋,电子科技大学,2017-04-07,//cdmd.cnki.com.cn/Article/CDMD-10614-1017076420.htm
面向任务的MIMO雷达波形设计方法研究,刘韵佛,西安电子科技大学,2013-04-01,//cdmd.cnki.com.cn/Article/CDMD-10701-1013300618.htm
极化SAR处理中若干问题的研究,郭睿,西安电子科技大学,2012-04-01,//cdmd.cnki.com.cn/Article/CDMD-10701-1013114227.htm
大视场红外搜索系统目标检测关键技术研究,孙刚,国防科学技术大学,2015-03-01,//cdmd.cnki.com.cn/Article/CDMD-90002-1016922020.htm
全向IRST系统的图像处理与信息融合技术研究,高国旺,西安电子科技大学,2013-04-01,//cdmd.cnki.com.cn/Article/CDMD-10701-1013295717.htm
基于卷积神经网络的光学遥感影像船只目标检测技术研究,鲍松泽,中国科学院大学(中国科学院长春光学精密机械与物理研究所),2020-09-01,//cdmd.cnki.com.cn/Article/CDMD-80139-1020019975.htm
战场监视雷达广域GMTI模式关键信号处理方法研究,胡瑞贤,西安电子科技大学,2013-04-01,//cdmd.cnki.com.cn/Article/CDMD-10701-1013295677.htm
人工智能辅助结肠镜下息肉检测系统的构建及有效性验证,贺新珏,浙江大学,2019-03-01,//cdmd.cnki.com.cn/Article/CDMD-10335-1019261665.htm
基于统计与复杂性理论的杂波特性分析及信号处理方法研究,石志广,国防科学技术大学,2007-03-01,//cdmd.cnki.com.cn/Article/CDMD-90002-2008098771.htm
水声信号的匹配场处理技术研究,杨坤德,西北工业大学,2003-06-01,//cdmd.cnki.com.cn/Article/CDMD-10699-2004022060.htm
计算机视觉中的有限监督学习研究,裘索,华南理工大学,2019-07-05,//cdmd.cnki.com.cn/Article/CDMD-10561-1020617106.htm
合成孔径雷达图像局部特征提取与应用研究,唐涛,国防科学技术大学,2016-04-01,//cdmd.cnki.com.cn/Article/CDMD-90002-1017834247.htm
极化SAR图像分类方法研究,王海江,电子科技大学,2008-09-01,//cdmd.cnki.com.cn/Article/CDMD-10614-2009160167.htm
高分辨率SAR图像自动目标识别方法研究,张翠,国防科学技术大学,2003-10-01,//cdmd.cnki.com.cn/Article/CDMD-90002-2005014473.htm
基于粒子滤波的混合估计理论与应用,杨小军,西北工业大学,2006-03-01,//cdmd.cnki.com.cn/Article/CDMD-10699-2007035419.htm
基于视觉的复杂场景中运动目标检测与跟踪算法研究,孟柳,北京邮电大学,2016-06-16,//cdmd.cnki.com.cn/Article/CDMD-10013-1017288065.htm
面向交通卡口图像的驾驶员违章行为视觉感知研究,刘操,武汉大学,2016-09-01,//cdmd.cnki.com.cn/Article/CDMD-10486-1017009869.htm
无线传感器网络覆盖控制技术研究,凡高娟,南京邮电大学,2010-09-01,//cdmd.cnki.com.cn/Article/CDMD-10293-1012276089.htm
超宽带雷达关键技术研究,黎海涛,电子科技大学,2000-11-01,//cdmd.cnki.com.cn/Article/CDMD-10614-2000003162.htm
基于图像深度学习的小麦干旱识别和分级研究,安江勇,中国农业科学院,2019-05-01,//cdmd.cnki.com.cn/Article/CDMD-82101-1020089840.htm
语义对象分割方法研究,罗冰,电子科技大学,2017-10-23,//cdmd.cnki.com.cn/Article/CDMD-10614-1018055062.htm
FM-CW SAR信号处理关键技术研究,耿淑敏,国防科学技术大学,2008-01-01,//cdmd.cnki.com.cn/Article/CDMD-90002-2008098784.htm
多通道SAR成像性能提升方法研究,左绍山,西安电子科技大学,2017-04-01,//cdmd.cnki.com.cn/Article/CDMD-10701-1018085900.htm
基于知识的雷达自适应处理方法研究,周宇,西安电子科技大学,2010-12-01,//cdmd.cnki.com.cn/Article/CDMD-10701-1011200248.htm
复杂雷达回波特征提取及信号检测,聂镭,国防科学技术大学,2012-10-01,//cdmd.cnki.com.cn/Article/CDMD-90002-1014047575.htm
机载相控阵雷达降维STAP研究,张良,西安电子科技大学,1999-12-01,//cdmd.cnki.com.cn/Article/CDMD-10701-1999000058.htm
宽带极化信息处理的研究,王雪松,国防科学技术大学,1999-05-01,//cdmd.cnki.com.cn/Article/CDMD-90002-2006194227.htm
