PaperName,Author,FromSchool,Time,Url
基于大数据的战略预见研究,赵博,中共中央党校,2016-07-01,//cdmd.cnki.com.cn/Article/CDMD-80000-1016210100.htm
基于大数据信息的知识供给型供应链运营机制研究,刘盼,重庆大学,2017-11-01,//cdmd.cnki.com.cn/Article/CDMD-10611-1018701881.htm
基于大数据的电网覆冰灾害预测与风险管理研究,马天男,华北电力大学(北京),2017-06-01,//cdmd.cnki.com.cn/Article/CDMD-11412-1017220115.htm
文化强国战略视域下的大数据文化研究,杨修伟,武汉理工大学,2017-03-01,//cdmd.cnki.com.cn/Article/CDMD-10497-1019809642.htm
条带状公路运营管理空间大数据降维组织及混合存储关键技术研究,侯志通,浙江大学,2015-06-10,//cdmd.cnki.com.cn/Article/CDMD-10335-1015321851.htm
大数据发布隐私保护技术研究,晏燕,兰州理工大学,2018-09-01,//cdmd.cnki.com.cn/Article/CDMD-10731-1019807764.htm
大数据环境下人文社会科学评价创新的研究,马力,武汉大学,2016-10-01,//cdmd.cnki.com.cn/Article/CDMD-10486-1017009816.htm
云环境下面向异构负载大数据应用的资源管理机制研究,沈典,东南大学,2018-03-12,//cdmd.cnki.com.cn/Article/CDMD-10286-1018259967.htm
大数据时代信息熵的价值评价研究,金坚,吉林大学,2019-06-01,//cdmd.cnki.com.cn/Article/CDMD-10183-1019139316.htm
矢量大数据高性能计算模型及关键技术研究,周经纬,浙江大学,2016-06-10,//cdmd.cnki.com.cn/Article/CDMD-10335-1016294507.htm
大数据视阈下高校马克思主义大众化研究,吴朝文,电子科技大学,2017-10-12,//cdmd.cnki.com.cn/Article/CDMD-10614-1018055157.htm
大数据背景下县级党政领导干部绩效评价与考核研究,潘国林,中国地质大学,2018-05-01,//cdmd.cnki.com.cn/Article/CDMD-10491-1018817103.htm
基于云的大数据处理系统性能优化问题研究,徐华,中国科学技术大学,2018-01-01,//cdmd.cnki.com.cn/Article/CDMD-10358-1018048658.htm
基于用户认知的大数据可视化视觉呈现方法研究,周小舟,东南大学,2017-11-01,//cdmd.cnki.com.cn/Article/CDMD-10286-1018260009.htm
大数据时代的个人信息民法保护,任龙龙,对外经济贸易大学,2017-06-01,//cdmd.cnki.com.cn/Article/CDMD-10036-1017219710.htm
面向医疗大数据处理的医疗云关键技术研究,姚琴,浙江大学,2015-04-28,//cdmd.cnki.com.cn/Article/CDMD-10335-1015314705.htm
作物种质资源大数据体系研究,井福荣,中国农业科学院,2020-08-01,//cdmd.cnki.com.cn/Article/CDMD-82101-1020086273.htm
大数据领域的反垄断问题研究,袁波,上海交通大学,2019-06-02,//cdmd.cnki.com.cn/Article/CDMD-10248-1020619096.htm
基于时空信息云平台的空间大数据管理和高性能计算研究,宋炜炜,昆明理工大学,2015-09-20,//cdmd.cnki.com.cn/Article/CDMD-10674-1016036979.htm
大数据联盟数据挖掘服务模式研究,邢海龙,哈尔滨理工大学,2020-06-01,//cdmd.cnki.com.cn/Article/CDMD-10214-1020146483.htm
基于复杂网络的大数据分析方法研究与应用,杜祥军,青岛大学,2018-05-19,//cdmd.cnki.com.cn/Article/CDMD-11065-1019671251.htm
互联网背景下财产概念的流变及对刑法适用的影响,张弛,上海交通大学,2019-05-29,//cdmd.cnki.com.cn/Article/CDMD-10248-1020619099.htm
分布式与自动化大数据智能分析算法与编程计算平台,朱光辉,南京大学,2020-12-01,//cdmd.cnki.com.cn/Article/CDMD-10284-1021663485.htm
Docker生物云计算平台分析松材线虫高通量测序数据的应用研究,程功,东北林业大学,2015-03-01,//cdmd.cnki.com.cn/Article/CDMD-10225-1015655565.htm
基于大数据的武汉市主城区旅游空间识别、评价与优化,王娟,华中师范大学,2018-05-01,//cdmd.cnki.com.cn/Article/CDMD-10511-1018232132.htm
基于大数据的世界政治冲突模型构建研究,游祎,外交学院,2020-06-04,//cdmd.cnki.com.cn/Article/CDMD-10040-1020734070.htm
大数据先验模式构建膀胱癌非编码RNA全景图谱及SCARNA12的分子机制研究,何融泉,广西医科大学,2019-05-01,//cdmd.cnki.com.cn/Article/CDMD-10598-1019125918.htm
智能配电网大数据环境下的电力负荷及光伏电源时空分布预测方法研究,赵腾,上海交通大学,2018-01-01,//cdmd.cnki.com.cn/Article/CDMD-10248-1019640687.htm
新媒体环境下儿童教育动漫产品开发研究,盘华,华中师范大学,2017-03-01,//cdmd.cnki.com.cn/Article/CDMD-10511-1017269332.htm
大数据环境下大型项目中的沟通管理研究,SUHAIL（苏海）,北京邮电大学,2017-07-03,//cdmd.cnki.com.cn/Article/CDMD-10013-1017293596.htm
大数据时代中国政府信息共享机制研究,吴昊,吉林大学,2017-06-01,//cdmd.cnki.com.cn/Article/CDMD-10183-1017158301.htm
大数据活动及其对组织能力和效益的影响分析,SAIF UR REHMAN（赛法）,中国矿业大学,2017-05-01,//cdmd.cnki.com.cn/Article/CDMD-10290-1017844715.htm
地理时空大数据高效聚类方法研究,顾昱骅,浙江大学,2018-06-10,//cdmd.cnki.com.cn/Article/CDMD-10335-1018176456.htm
个人大数据定价方法研究,申云成,四川大学,2021-06-01,//cdmd.cnki.com.cn/Article/CDMD-10610-1021833982.htm
基于大数据的网络空间主流意识形态传播研究,刘培,中国矿业大学,2020-12-01,//cdmd.cnki.com.cn/Article/CDMD-10290-1021541905.htm
基于大数据的大学生日常思想政治教育创新研究,邓晶艳,贵州师范大学,2021-06-10,//cdmd.cnki.com.cn/Article/CDMD-10663-1021648022.htm
分布式环境下大数据组织与管理关键技术的研究,陈志坤,国防科学技术大学,2014-12-10,//cdmd.cnki.com.cn/Article/CDMD-90002-1016921940.htm
云平台下电力设备监测大数据存储优化与并行处理技术研究,宋亚奇,华北电力大学(北京),2016-06-01,//cdmd.cnki.com.cn/Article/CDMD-11412-1016268713.htm
大数据时代城市公共危机跨部门协同治理研究,周芳检,湘潭大学,2018-06-06,//cdmd.cnki.com.cn/Article/CDMD-10530-1018313645.htm
面向监管的大数据世系关键技术研究,高元照,战略支援部队信息工程大学,2021-04-20,//cdmd.cnki.com.cn/Article/CDMD-91037-1021731596.htm
面向超算系统的大数据处理关键技术研究,高涛,国防科技大学,2018-06-03,//cdmd.cnki.com.cn/Article/CDMD-91002-1020700954.htm
地质大数据功能分析及其分类算法研究,王娜,吉林大学,2019-06-01,//cdmd.cnki.com.cn/Article/CDMD-10183-1019157610.htm
分布式云计算资源配置技术研究,张江涛,哈尔滨工业大学,2016-06-01,//cdmd.cnki.com.cn/Article/CDMD-10213-1016739741.htm
文献计量学视角下跨学科研究的知识生产模式研究,吕晓赞,浙江大学,2020-06-01,//cdmd.cnki.com.cn/Article/CDMD-10335-1020303395.htm
高并发大数据在线学习系统中的关键技术研究,王承军,中国地质大学,2015-05-01,//cdmd.cnki.com.cn/Article/CDMD-10491-1015709818.htm
面向图搜索的并行计算机体系结构关键技术研究与实现,唐玉华,国防科技大学,2018-10-01,//cdmd.cnki.com.cn/Article/CDMD-91002-1020386219.htm
基于社交媒体大数据的Twitter营销策略研究,唐李洋,合肥工业大学,2015-03-01,//cdmd.cnki.com.cn/Article/CDMD-10359-1015723342.htm
维基百科大数据的知识挖掘与管理方法研究,肖奎,武汉大学,2013-11-01,//cdmd.cnki.com.cn/Article/CDMD-10486-1014136498.htm
大数据引发的若干科学认识论问题的研究,张敏,上海师范大学,2018-05-01,//cdmd.cnki.com.cn/Article/CDMD-10270-1021595414.htm
音频大数据检索关键技术研究,姚姗姗,太原理工大学,2018-10-01,//cdmd.cnki.com.cn/Article/CDMD-10112-1019864624.htm
微生物组大数据的时空动态建模和应用,韩毛振,华中科技大学,2019-05-01,//cdmd.cnki.com.cn/Article/CDMD-10487-1019618096.htm
基于软集合的不完备不一致数据分析及决策方法研究,董媛香,重庆大学,2014-09-01,//cdmd.cnki.com.cn/Article/CDMD-10611-1015017068.htm
大数据视角下的粮食安全预警研究,王东杰,中国农业科学院,2017-05-01,//cdmd.cnki.com.cn/Article/CDMD-82101-1017269604.htm
间歇性能源大数据处理与能量管理技术研究,梅华威,华北电力大学,2015-06-01,//cdmd.cnki.com.cn/Article/CDMD-10079-1015644338.htm
基于稀疏表示的大数据聚类优化模型及算法研究,谢挺,重庆大学,2017-11-01,//cdmd.cnki.com.cn/Article/CDMD-10611-1018701855.htm
面向大数据应用的云计算中心性能分析方法,申超,上海大学,2017-05-01,//cdmd.cnki.com.cn/Article/CDMD-10280-1017273425.htm
异构健康大数据诊疗模型的特征优化算法研究与开发,冯欣,吉林大学,2019-06-01,//cdmd.cnki.com.cn/Article/CDMD-10183-1019162390.htm
基于大数据的初中数学智慧学习系统模型研究,马相春,东北师范大学,2017-05-01,//cdmd.cnki.com.cn/Article/CDMD-10200-1017142777.htm
支持云雾端应用集成的资源调度策略及其优化技术,汤闻达,南京大学,2019-08-28,//cdmd.cnki.com.cn/Article/CDMD-10284-1019265480.htm
基于深层贝叶斯生成网络的层次特征学习,丛玉来,西安电子科技大学,2017-04-01,//cdmd.cnki.com.cn/Article/CDMD-10701-1018085757.htm
面向大数据的高维数据挖掘技术研究,楼巍,上海大学,2013-09-01,//cdmd.cnki.com.cn/Article/CDMD-10280-1014166930.htm
机器学习中的稀疏算法和非凸优化问题研究,陈丽,西安电子科技大学,2019-06-01,//cdmd.cnki.com.cn/Article/CDMD-10701-1020000561.htm
基于变革与创新的电信企业竞争优势研究,刘耕,电子科技大学,2014-04-05,//cdmd.cnki.com.cn/Article/CDMD-10614-1015712328.htm
基于大数据决策支持的城市健康水系统平台构建及应用,李家杰,重庆大学,2016-05-01,//cdmd.cnki.com.cn/Article/CDMD-10611-1016765745.htm
基于大数据挖掘技术的火电机组运行优化研究,万祥,武汉大学,2017-05-01,//cdmd.cnki.com.cn/Article/CDMD-10486-1017071939.htm
大数据背景下情报信息引导职务犯罪案件调查研究,李佳,中国人民公安大学,2019-06-05,//cdmd.cnki.com.cn/Article/CDMD-10041-1019837708.htm
互联网金融信用体系建设和风险管理研究,常振芳,南京大学,2018-06-01,//cdmd.cnki.com.cn/Article/CDMD-10284-1018153607.htm
大数据分析驱动的高速铁路应急管理关键技术研究,王普,中国铁道科学研究院,2019-05-01,//cdmd.cnki.com.cn/Article/CDMD-83801-1019129681.htm
大数据传输网络中的资源优化分配机制,冯张潇,上海交通大学,2017-05-01,//cdmd.cnki.com.cn/Article/CDMD-10248-1019610578.htm
高性能网络中面向大数据传输QoS的带宽调度研究,侯爱琴,西北大学,2018-12-01,//cdmd.cnki.com.cn/Article/CDMD-10697-1019807165.htm
基于事故隐患大数据分析的风险预警方法研究,王新浩,中国地质大学(北京),2019-05-01,//cdmd.cnki.com.cn/Article/CDMD-11415-1019148407.htm
基于大数据的多尺度状态监测方法及应用,刘继伟,华北电力大学,2013-06-01,//cdmd.cnki.com.cn/Article/CDMD-10079-1013315689.htm
抑郁症代谢物数据库构建及代谢物大数据分析,蒲俊材,重庆医科大学,2020-06-01,//cdmd.cnki.com.cn/Article/CDMD-10631-1020764556.htm
面向大数据处理的应用性能优化方法研究,华幸成,浙江大学,2019-03-01,//cdmd.cnki.com.cn/Article/CDMD-10335-1019034624.htm
大数据处理系统性能及能耗优化方法的研究,陈磊,北京交通大学,2018-12-01,//cdmd.cnki.com.cn/Article/CDMD-10004-1019214942.htm
风险治理视域的突发事件舆情导控研究,蒋瑛,华东师范大学,2018-05-26,//cdmd.cnki.com.cn/Article/CDMD-10269-1018822421.htm
面向大数据分析的多任务加速在线学习算法研究,李志杰,武汉大学,2015-10-13,//cdmd.cnki.com.cn/Article/CDMD-10486-1016015929.htm
跨界搜寻、大数据能力对平台企业商业模式创新的影响研究,唐彬,吉林大学,2021-09-01,//cdmd.cnki.com.cn/Article/CDMD-10183-1021770764.htm
基于手机位置大数据的城市空间交互建模与评价研究,鲁仕维,武汉大学,2017-05-01,//cdmd.cnki.com.cn/Article/CDMD-10486-1017192107.htm
铁路事故故障文本大数据分析关键技术研究及应用,杨连报,中国铁道科学研究院,2018-06-01,//cdmd.cnki.com.cn/Article/CDMD-83801-1018130739.htm
基于数据质量与势熵的聚类算法研究,王大魁,武汉大学,2016-06-01,//cdmd.cnki.com.cn/Article/CDMD-10486-1016124170.htm
综合医院新风需求与保障技术研究,居发礼,重庆大学,2015-10-01,//cdmd.cnki.com.cn/Article/CDMD-10611-1016704704.htm
基于MapReduce的移动轨迹大数据挖掘方法与应用研究,夏大文,西南大学,2016-04-08,//cdmd.cnki.com.cn/Article/CDMD-10635-1016909015.htm
基于多组学整合分析的癌症生物标志物识别算法研究,张业先,吉林大学,2020-05-01,//cdmd.cnki.com.cn/Article/CDMD-10183-1020754798.htm
基于互联网开放数据的城市空间发展水平研究,秦萧,南京大学,2016-08-30,//cdmd.cnki.com.cn/Article/CDMD-10284-1016256665.htm
云计算环境下面向大数据的在线聚集优化机制研究,王宇翔,东南大学,2014-12-01,//cdmd.cnki.com.cn/Article/CDMD-10286-1016753121.htm
基于飞行安全调和测度及科学计算的人为因素设计与验证,尹堂文,上海交通大学,2017-07-01,//cdmd.cnki.com.cn/Article/CDMD-10248-1019641330.htm
基于频繁子图模式挖掘的群体性抗议事件检测与预测技术研究,乔凤才,国防科技大学,2018-05-01,//cdmd.cnki.com.cn/Article/CDMD-91002-1020700758.htm
面向大数据的高效特征选择与学习算法研究,张钧波,西南交通大学,2015-07-01,//cdmd.cnki.com.cn/Article/CDMD-10613-1016177195.htm
大数据背景下普通高中综合素质评价研究,张治,华东师范大学,2017-04-09,//cdmd.cnki.com.cn/Article/CDMD-10269-1018036767.htm
基于密度峰值的大数据多粒度分析研究,徐计,西南交通大学,2017-11-01,//cdmd.cnki.com.cn/Article/CDMD-10613-1018824926.htm
互联网金融犯罪问题研究,万志尧,华东政法大学,2016-05-18,//cdmd.cnki.com.cn/Article/CDMD-10276-1016907307.htm
面向多维数据流的典型相关分析若干问题研究,李文平,哈尔滨工程大学,2013-12-06,//cdmd.cnki.com.cn/Article/CDMD-10217-1017245722.htm
面向大数据特征学习的深度卷积计算模型研究,李朋,大连理工大学,2019-12-12,//cdmd.cnki.com.cn/Article/CDMD-10141-1020000228.htm
大数据流式计算框架的任务调度优化方法研究,鲁亮,新疆大学,2018-06-02,//cdmd.cnki.com.cn/Article/CDMD-10755-1018833171.htm
集群环境下的关联规则挖掘及应用,荀亚玲,太原科技大学,2017-05-01,//cdmd.cnki.com.cn/Article/CDMD-10109-1017835798.htm
行业配置、投资者关注与基金业绩,吴雨玲,中央财经大学,2019-05-30,//cdmd.cnki.com.cn/Article/CDMD-10034-1020606361.htm
云环境下顾及空间子域分布特征的空间大数据并行计算方法研究,赵贤威,浙江大学,2017-06-10,//cdmd.cnki.com.cn/Article/CDMD-10335-1017070986.htm
空间大数据中的不确定性分析与数据质量控制,陈鹏飞,武汉大学,2019-12-01,//cdmd.cnki.com.cn/Article/CDMD-10486-1020604437.htm
提高超声相控阵系统测量精度与实时性能关键技术研究,唐文明,华南理工大学,2017-10-13,//cdmd.cnki.com.cn/Article/CDMD-10561-1018809337.htm
海洋石油工业员工不安全行为特征研究,徐卫东,中国地质大学,2013-12-01,//cdmd.cnki.com.cn/Article/CDMD-10491-1014150555.htm
基于大数据与机器学习的公交客流预测与行车优化模型研究,欧阳琪,北京交通大学,2020-06-09,//cdmd.cnki.com.cn/Article/CDMD-10004-1020444542.htm
云环境下大数据迭代计算研究,张岩峰,东北大学,2012-04-17,//cdmd.cnki.com.cn/Article/CDMD-10145-1015562187.htm
基于面向数据的智慧园区体系结构关键技术研究,林路,成都理工大学,2018-07-18,//cdmd.cnki.com.cn/Article/CDMD-10616-1018258615.htm
微时代大学生网络道德教育研究,刘继强,电子科技大学,2017-09-15,//cdmd.cnki.com.cn/Article/CDMD-10614-1018055085.htm
基于经典文献和名中医医案的“精准化中医”可行模式探索与实践,刘超男,广州中医药大学,2016-04-01,//cdmd.cnki.com.cn/Article/CDMD-10572-1016276070.htm
基于云计算的神经网络并行实现及其学习方法研究,张海军,华南理工大学,2015-06-20,//cdmd.cnki.com.cn/Article/CDMD-10561-1016706683.htm
基于多源城市大数据的城市传统风貌感知研究,张丽英,中国矿业大学(北京),2019-03-21,//cdmd.cnki.com.cn/Article/CDMD-11413-1019061229.htm
基于粒计算的关联关系挖掘研究,成红红,山西大学,2020-06-01,//cdmd.cnki.com.cn/Article/CDMD-10108-1020626348.htm
数据驱动下数字图书馆知识发现服务创新模式与策略研究,李洁,吉林大学,2019-12-01,//cdmd.cnki.com.cn/Article/CDMD-10183-1020011226.htm
基于社交地理大数据的城市热点区域探测与挖掘,耿继原,辽宁工程技术大学,2017-12-01,//cdmd.cnki.com.cn/Article/CDMD-10147-1018261720.htm
证券内幕交易犯罪案件侦查研究,林宜灿,中国人民公安大学,2018-11-15,//cdmd.cnki.com.cn/Article/CDMD-10041-1019836502.htm
中国房价波动特征及政策调控效应研究,郑世刚,中国地质大学,2017-05-01,//cdmd.cnki.com.cn/Article/CDMD-10491-1017740264.htm
高速公路天气监测、事件预测及专网系统应用研究,郁健,南京大学,2018-08-18,//cdmd.cnki.com.cn/Article/CDMD-10284-1019030122.htm
复杂光照条件下的人脸识别方法研究,陈超,浙江大学,2016-03-03,//cdmd.cnki.com.cn/Article/CDMD-10335-1016066026.htm
基于云计算的大数据学习性能优化技术研究,黄山,东北大学,2016-07-05,//cdmd.cnki.com.cn/Article/CDMD-10145-1018079303.htm
基于工业大数据的热轧带钢组织性能预测与优化技术研究,吴思炜,东北大学,2018-04-01,//cdmd.cnki.com.cn/Article/CDMD-10145-1021141779.htm
基于Seq-CGAN与操纵行为基拼接的船舶智能避碰决策结构化学习,高邈,大连海事大学,2021-03-01,//cdmd.cnki.com.cn/Article/CDMD-10151-1021021171.htm
集成回归问题若干关键技术研究,王永明,华东师范大学,2015-09-01,//cdmd.cnki.com.cn/Article/CDMD-10269-1016016877.htm
基于大数据技术的太阳风研究及MHD仿真,明勇,成都理工大学,2016-10-01,//cdmd.cnki.com.cn/Article/CDMD-10616-1017219165.htm
大数据中若干安全和隐私保护问题研究,姚鑫,湖南大学,2018-03-27,//cdmd.cnki.com.cn/Article/CDMD-10532-1018044538.htm
科技投入项目（应用类）绩效评价体系研究,王馨迪,北京交通大学,2017-06-07,//cdmd.cnki.com.cn/Article/CDMD-10004-1017095224.htm
地理设计的理论与实证研究,邱玉华,华中师范大学,2014-03-01,//cdmd.cnki.com.cn/Article/CDMD-10511-1015520784.htm
大数据环境下机械产品配置设计关键技术研究,汪星刚,武汉理工大学,2017-12-01,//cdmd.cnki.com.cn/Article/CDMD-10497-1019832081.htm
城市轨道交通线网应急安全保障关键技术研究,韩泉叶,兰州交通大学,2014-03-20,//cdmd.cnki.com.cn/Article/CDMD-10732-1014422100.htm
大数据视角下的国际集装箱海运运价预测研究,冯扬文,华中师范大学,2018-12-01,//cdmd.cnki.com.cn/Article/CDMD-10511-1019205293.htm
基于大数据的中国人口迁徙空间格局及其对城镇化影响研究,赵梓渝,吉林大学,2018-11-01,//cdmd.cnki.com.cn/Article/CDMD-10183-1019002427.htm
海量时间频率科学数据管理与服务关键技术研究,孟令达,中国科学院大学(中国科学院国家授时中心),2019-12-01,//cdmd.cnki.com.cn/Article/CDMD-80024-1020344578.htm
面向城市交通领域的信息融合关键技术研究,蔡雪松,华东师范大学,2019-12-01,//cdmd.cnki.com.cn/Article/CDMD-10621-1020603951.htm
基于多源数据的车辆风险分析与保险定价模型研究,胡伊,中央财经大学,2016-05-22,//cdmd.cnki.com.cn/Article/CDMD-10034-1017836196.htm
基于大数据的定标方法研究与初步应用,张孟,中国科学技术大学,2019-09-30,//cdmd.cnki.com.cn/Article/CDMD-10358-1019265967.htm
基于机器学习的数据补全、标注和检索若干问题研究,张德兵,浙江大学,2015-04-16,//cdmd.cnki.com.cn/Article/CDMD-10335-1015635673.htm
基于海量轨迹数据的动态交通诱导技术研究,王钰,华南理工大学,2018-03-26,//cdmd.cnki.com.cn/Article/CDMD-10561-1018874043.htm
大数据背景下支持向量机的随机坐标算法和鲁棒支持向量机研究,徐祥,上海交通大学,2020-05-30,//cdmd.cnki.com.cn/Article/CDMD-10248-1021676623.htm
大规模云计算系统的可靠性建模及优化研究,孟飒,电子科技大学,2021-01-26,//cdmd.cnki.com.cn/Article/CDMD-10614-1021744114.htm
基于腐蚀大数据技术的含Cr低合金钢耐蚀性能调控研究,杨小佳,北京科技大学,2021-05-16,//cdmd.cnki.com.cn/Article/CDMD-10008-1021064912.htm
基于联合不确定度的多波束测深估计及海底地形成图技术,陆丹,哈尔滨工程大学,2012-11-15,//cdmd.cnki.com.cn/Article/CDMD-10217-1014134031.htm
云环境下铁路“门到门”货运产品设计优化方法研究,殷玮川,北京交通大学,2018-09-19,//cdmd.cnki.com.cn/Article/CDMD-10004-1018316209.htm
面向高维大数据的子空间集成学习方法研究,赵鹤,中国科学院大学(中国科学院深圳先进技术研究院),2017-04-01,//cdmd.cnki.com.cn/Article/CDMD-80177-1017711768.htm
医疗保险大数据中的欺诈检测关键问题研究,高永昌,山东大学,2018-10-20,//cdmd.cnki.com.cn/Article/CDMD-10422-1019008654.htm
基于学术大数据的科学家合作行为分析与挖掘,王伟,大连理工大学,2018-04-25,//cdmd.cnki.com.cn/Article/CDMD-10141-1018138141.htm
基于知识粒度的动态属性约简算法研究,景运革,西南交通大学,2017-03-01,//cdmd.cnki.com.cn/Article/CDMD-10613-1017298597.htm
大数据信息空间复杂网络构建及可视化表征研究,陈晓皎,东南大学,2019-11-01,//cdmd.cnki.com.cn/Article/CDMD-10286-1020310792.htm
高新信息技术驱动下的微电网风险管控模型研究,蔺帅帅,华北电力大学(北京),2019-06-01,//cdmd.cnki.com.cn/Article/CDMD-11412-1019239862.htm
粗糙拟阵及其在高维数据降维中的应用研究,王石平,电子科技大学,2014-09-15,//cdmd.cnki.com.cn/Article/CDMD-10614-1015712033.htm
符号社交网络中负关系预测以及网络嵌入的研究,沈鹏飞,吉林大学,2019-12-01,//cdmd.cnki.com.cn/Article/CDMD-10183-1020011063.htm
云格环境下海量高分遥感影像资源与服务高效调配研究,曾志,浙江大学,2012-04-25,//cdmd.cnki.com.cn/Article/CDMD-10335-1012340293.htm
信联网商务信用评估与应用研究,孙军锋,中央财经大学,2017-03-15,//cdmd.cnki.com.cn/Article/CDMD-10034-1018816403.htm
面向大规模交互式分析的MapReduce优化技术研究,赵辉,国防科学技术大学,2013-12-01,//cdmd.cnki.com.cn/Article/CDMD-90002-1015959311.htm
大规模复杂IT系统可靠性、性能、能耗关联建模理论及其优化技术研究,邱曦伟,电子科技大学,2016-03-28,//cdmd.cnki.com.cn/Article/CDMD-10614-1016176845.htm
时空轨迹数据的结构化处理与行为语义感知,杨伟,武汉大学,2019-05-01,//cdmd.cnki.com.cn/Article/CDMD-10486-1019608271.htm
钢铁流程物质流、能量流的信息表征及应用研究,徐化岩,钢铁研究总院,2019-05-01,//cdmd.cnki.com.cn/Article/CDMD-82601-1019612638.htm
数据驱动的城市路网行程时间估计与预测方法研究,唐坤,东南大学,2019-05-01,//cdmd.cnki.com.cn/Article/CDMD-10286-1020310777.htm
基于全矢谱的设备故障预测方法研究,陈磊,郑州大学,2018-05-01,//cdmd.cnki.com.cn/Article/CDMD-10459-1018124817.htm
森林环境下的无线传感器网络研究及应用,林海峰,南京林业大学,2019-12-01,//cdmd.cnki.com.cn/Article/CDMD-10298-1020801856.htm
治安监控视频大数据中的行人行为识别方法,高立青,大连理工大学,2017-12-01,//cdmd.cnki.com.cn/Article/CDMD-10141-1018038167.htm
医疗健康数据特征学习模型研究,史霄波,华中科技大学,2017-05-25,//cdmd.cnki.com.cn/Article/CDMD-10487-1017166859.htm
基于MapReduce的大数据连接算法的设计与优化,张常淳,中国科学技术大学,2014-04-01,//cdmd.cnki.com.cn/Article/CDMD-10358-1014268736.htm
个人数据商业化利用法律问题研究,王磊,中央财经大学,2019-05-10,//cdmd.cnki.com.cn/Article/CDMD-10034-1020606373.htm
面向轨迹大数据的管理及查询研究,章志刚,华东师范大学,2018-03-01,//cdmd.cnki.com.cn/Article/CDMD-10269-1018710764.htm
曲面重建的网格方法和技术研究,吕晟珉,浙江大学,2004-05-01,//cdmd.cnki.com.cn/Article/CDMD-10335-2006119967.htm
色谱经济分析法理论与应用研究,苏正华,武汉大学,2015-05-30,//cdmd.cnki.com.cn/Article/CDMD-10486-1015306106.htm
赛博—物理空间中数据分布式聚合与大规模处理关键技术研究,陆宏亮,国防科学技术大学,2016-06-01,//cdmd.cnki.com.cn/Article/CDMD-90002-1017834384.htm
大数据时代旨在政策参与的幸福研究,马妮,吉林大学,2015-06-01,//cdmd.cnki.com.cn/Article/CDMD-10183-1015595191.htm
分布式智能系统中多任务协作机制研究,尹蕾,合肥工业大学,2019-03-01,//cdmd.cnki.com.cn/Article/CDMD-10359-1020032823.htm
我国政府数据开放的用户需求及其保障策略研究,李白杨,武汉大学,2017-05-01,//cdmd.cnki.com.cn/Article/CDMD-10486-1017169967.htm
新生儿重症监护病房感染防治及早期预警的研究与探讨,周琦,复旦大学,2014-05-09,//cdmd.cnki.com.cn/Article/CDMD-10246-1015422961.htm
手机App用户心理需求结构及其跨场景需求稳定性探究,孙造诣,浙江大学,2019-09-01,//cdmd.cnki.com.cn/Article/CDMD-10335-1019246514.htm
遗传异质性加权U统计模型的评估与应用研究,张雪芬,山西医科大学,2019-05-31,//cdmd.cnki.com.cn/Article/CDMD-10114-1019611516.htm
基于多源信息融合的电网暂态稳定风险评估,宋墩文,中国农业大学,2016-05-01,//cdmd.cnki.com.cn/Article/CDMD-10019-1016085096.htm
面向云环境的重复数据删除关键技术研究,付印金,国防科学技术大学,2013-06-01,//cdmd.cnki.com.cn/Article/CDMD-90002-1014048584.htm
软件定义集中式数据中心组网架构及关键技术研究,汪洋,中国电力科学研究院,2015-01-01,//cdmd.cnki.com.cn/Article/CDMD-82302-1015408780.htm
大数据驱动的城市轨道交通需求时空分布分析及预测方法研究,朱亚迪,北京交通大学,2019-06-30,//cdmd.cnki.com.cn/Article/CDMD-10004-1019190316.htm
LncRNA在鳞状食道癌的作用研究和搭建模式动物甄选新平台,杨爽,上海交通大学,2017-06-01,//cdmd.cnki.com.cn/Article/CDMD-10248-1019610788.htm
基于多源数据融合的城市交通拥堵扩散的研究及其应用,赵宝新,中国科学院大学(中国科学院深圳先进技术研究院),2020-06-01,//cdmd.cnki.com.cn/Article/CDMD-80177-1020730151.htm
基于Hadoop的行列混合存储模型研究,李晔锋,东华大学,2015-07-01,//cdmd.cnki.com.cn/Article/CDMD-10255-1016712118.htm
基于大规模文本数据集的相似检测关键技术研究,王海涛,吉林大学,2016-06-01,//cdmd.cnki.com.cn/Article/CDMD-10183-1016089551.htm
机械装备状态监测的光纤光栅传感网相关理论与技术研究,张帆,武汉理工大学,2014-05-01,//cdmd.cnki.com.cn/Article/CDMD-10497-1015000152.htm
面向商业智能的数据挖掘算法和多智能体系统的体系结构以及优化,Gebeyehu Belay Gebremeskel,重庆大学,2013-06-01,//cdmd.cnki.com.cn/Article/CDMD-10611-1013042801.htm
工业大数据时间序列预测方法研究及应用,柳天虹,东南大学,2018-11-01,//cdmd.cnki.com.cn/Article/CDMD-10286-1019620187.htm
数控机床健康状况监测的关键技术研究与实现,夏筱筠,中国科学院大学(中国科学院沈阳计算技术研究所),2018-06-01,//cdmd.cnki.com.cn/Article/CDMD-80133-1018841654.htm
移动交通管理集成技术与方法研究,杜轶群,长安大学,2015-02-01,//cdmd.cnki.com.cn/Article/CDMD-10710-1015803566.htm
面向语义描述与数据查询的大数据组织方法及其关键应用技术研究,王新阳,华南理工大学,2018-07-05,//cdmd.cnki.com.cn/Article/CDMD-10561-1020334065.htm
我国政府数据开放的政策体系构建研究,温芳芳,武汉大学,2019-05-01,//cdmd.cnki.com.cn/Article/CDMD-10486-1019607361.htm
基于数据挖掘的煤矿安全管理知识可视化研究,陈晓,中国矿业大学(北京),2017-03-22,//cdmd.cnki.com.cn/Article/CDMD-11413-1017276277.htm
非结构化数据的相关问题研究,郑阶财,山东大学,2017-11-15,//cdmd.cnki.com.cn/Article/CDMD-10422-1018004219.htm
时间序列分析技术的研究,VO THI THANH VAN,湖南大学,2013-06-07,//cdmd.cnki.com.cn/Article/CDMD-10532-1014167949.htm
基于人工智能及大数据技术对中药饮片生产质量管控的研究,周明,南京中医药大学,2018-03-21,//cdmd.cnki.com.cn/Article/CDMD-10315-1018133661.htm
基于社交网络热点事件库的流行度预测研究,于海,北京科技大学,2020-10-12,//cdmd.cnki.com.cn/Article/CDMD-10008-1021001350.htm
媒体报道对中国资本市场的影响,宋景尧,山东大学,2019-12-02,//cdmd.cnki.com.cn/Article/CDMD-10422-1020009311.htm
基于深度学习的网络流量异常检测及隐私安全防护研究,闫晓丹,北京邮电大学,2020-06-06,//cdmd.cnki.com.cn/Article/CDMD-10013-1020162498.htm
基于群体智能优化的大数据复杂网络结构分析,蔡清,西安电子科技大学,2015-04-01,//cdmd.cnki.com.cn/Article/CDMD-10701-1016006321.htm
威胁情报知识图谱构建与应用关键技术研究,李涛,战略支援部队信息工程大学,2020-10-15,//cdmd.cnki.com.cn/Article/CDMD-91037-1021514547.htm
个人信息的刑法保护体系研究,许亚洁,华东政法大学,2020-06-15,//cdmd.cnki.com.cn/Article/CDMD-10276-1021507033.htm
时空流计算模型及其在边缘计算环境下的验证,郑晔,浙江大学,2017-09-10,//cdmd.cnki.com.cn/Article/CDMD-10335-1017270731.htm
基于区块链的分布式系统隐私保护方法研究,李朝阳,北京邮电大学,2021-05-25,//cdmd.cnki.com.cn/Article/CDMD-10013-1021086097.htm
数字孪生建模方法及其在热力系统优化运行中的应用研究,高学伟,华北电力大学(北京),2021-06-01,//cdmd.cnki.com.cn/Article/CDMD-11412-1021125135.htm
基于地理大数据的水土资源开发利用与全球贫困关联分析,田富有,中国科学院大学(中国科学院空天信息创新研究院),2021-06-01,//cdmd.cnki.com.cn/Article/CDMD-80194-1021822732.htm
面向大规模应用的多计算平台并行优化关键技术研究,申小龙,国防科技大学,2019-09-01,//cdmd.cnki.com.cn/Article/CDMD-91002-1021828513.htm
协同卷积神经网络的风电齿轮箱故障诊断方法研究,韩延,重庆大学,2020-06-01,//cdmd.cnki.com.cn/Article/CDMD-10611-1020355772.htm
基于综合指数法和粗糙集理论的中国食品安全评价研究,张明,辽宁大学,2018-12-01,//cdmd.cnki.com.cn/Article/CDMD-10140-1019021109.htm
面向大数据分析系统的资源调度研究,张晓达,南京大学,2019-05-27,//cdmd.cnki.com.cn/Article/CDMD-10284-1019231148.htm
（全）同态加密及其在云计算中的应用研究,蒋林智,电子科技大学,2018-03-05,//cdmd.cnki.com.cn/Article/CDMD-10614-1018975104.htm
空间离群点挖掘技术的研究,薛安荣,江苏大学,2008-11-01,//cdmd.cnki.com.cn/Article/CDMD-10299-2009102041.htm
基于汽车大数据的客户需求发现及产品优化配置研究,沈超,合肥工业大学,2019-03-01,//cdmd.cnki.com.cn/Article/CDMD-10359-1019259849.htm
互联网环境下融入在线社会关系的信用价值度量研究,邹江波,浙江工商大学,2018-12-01,//cdmd.cnki.com.cn/Article/CDMD-10353-1019188681.htm
分布式数据处理若干关键技术研究,吴仁克,上海交通大学,2018-05-01,//cdmd.cnki.com.cn/Article/CDMD-10248-1019640763.htm
基于内容的弹性可扩展发布/订阅技术研究,马行空,国防科学技术大学,2014-09-01,//cdmd.cnki.com.cn/Article/CDMD-90002-1016921977.htm
大规模数据清洗关键技术研究,樊峰峰,西北工业大学,2018-07-01,//cdmd.cnki.com.cn/Article/CDMD-10699-1020706675.htm
5G移动通信网络中的呼叫记录分析,Kashif Sultan（克希夫）,北京科技大学,2019-06-06,//cdmd.cnki.com.cn/Article/CDMD-10008-1019157295.htm
固态硬盘存储系统关键技术研究,徐尔茨,国防科技大学,2019-06-01,//cdmd.cnki.com.cn/Article/CDMD-91002-1020385958.htm
miR-139-5p在骨肉瘤发生发展中的作用及其分子机制研究,殷俊,苏州大学,2016-11-01,//cdmd.cnki.com.cn/Article/CDMD-10285-1017015010.htm
广义相对估值理论模型构建及动态优化研究,孟赞,上海社会科学院,2015-03-01,//cdmd.cnki.com.cn/Article/CDMD-87903-1015332222.htm
稳健的特征表示学习方法及应用,钱有程,东北师范大学,2019-12-01,//cdmd.cnki.com.cn/Article/CDMD-10200-1020604656.htm
基于云计算的BIM关键技术应用研究,毕振波,西安建筑科技大学,2015-06-01,//cdmd.cnki.com.cn/Article/CDMD-10703-1016741592.htm
图与网络的结构和动力学研究,曲存全,山东大学,2019-05-23,//cdmd.cnki.com.cn/Article/CDMD-10422-1019078013.htm
面向大数据的相似度度量的加速研究,徐小维,华中科技大学,2016-05-01,//cdmd.cnki.com.cn/Article/CDMD-10487-1016088406.htm
几类广义交互幂均和幂几何聚合算子及其应用研究,熊升华,西南交通大学,2017-05-01,//cdmd.cnki.com.cn/Article/CDMD-10613-1017298591.htm
共享单车的出行行为、耐受特征及时空分布研究,艾毅,西南交通大学,2018-07-01,//cdmd.cnki.com.cn/Article/CDMD-10613-1019951064.htm
地质空间随机和混沌模型理论研究及应用,赵桂燕,吉林大学,2019-06-01,//cdmd.cnki.com.cn/Article/CDMD-10183-1019157611.htm
粒度聚类方法研究,朱红,中国矿业大学,2013-05-01,//cdmd.cnki.com.cn/Article/CDMD-10290-1013030144.htm
大型央企集团投资项目动态群体决策及应用研究,庄文英,北京邮电大学,2018-04-25,//cdmd.cnki.com.cn/Article/CDMD-10013-1018125208.htm
面向智慧医疗的生物电信号分类识别算法研究,李端,北京邮电大学,2018-03-20,//cdmd.cnki.com.cn/Article/CDMD-10013-1018090678.htm
空间科学大数据存储模型SP-HDF及应用研究,夏军宝,中国地质大学（北京）,2013-11-01,//cdmd.cnki.com.cn/Article/CDMD-11415-1014125372.htm
高效能区块链关键技术及应用研究,付金华,战略支援部队信息工程大学,2020-04-20,//cdmd.cnki.com.cn/Article/CDMD-91037-1020764439.htm
内蒙古浩布高地区多金属矿综合信息找矿预测研究,季斌,合肥工业大学,2016-11-01,//cdmd.cnki.com.cn/Article/CDMD-10359-1017154889.htm
面向隐私保护的密文数据检索与集合操作的关键技术研究,邱硕,北京交通大学,2017-05-01,//cdmd.cnki.com.cn/Article/CDMD-10004-1017095123.htm
高性能重复数据检测与删除技术研究,魏建生,华中科技大学,2012-01-01,//cdmd.cnki.com.cn/Article/CDMD-10487-1013010954.htm
随钻地震数据处理系统软件体系结构研究,徐冰,中国海洋大学,2013-06-23,//cdmd.cnki.com.cn/Article/CDMD-10423-1013348304.htm
二型模糊决策方法及其在个性化推荐中的应用,秦晋栋,东南大学,2016-05-24,//cdmd.cnki.com.cn/Article/CDMD-10286-1016326638.htm
基于多源信息的耕地多功能评价与用途分区研究,何山,浙江大学,2019-12-01,//cdmd.cnki.com.cn/Article/CDMD-10335-1020802958.htm
基于机器学习的交通状态判别与预测方法,魏丹,吉林大学,2020-05-01,//cdmd.cnki.com.cn/Article/CDMD-10183-1020754210.htm
泛素化修饰调控低氧性肺动脉高压的作用靶点及机制研究,沈慧,扬州大学,2020-09-01,//cdmd.cnki.com.cn/Article/CDMD-11117-1020113333.htm
数字宪治主义研究,杨学科,吉林大学,2020-06-01,//cdmd.cnki.com.cn/Article/CDMD-10183-1020754571.htm
智能电网环境下电力运营风险管理模型及信息系统研究,王钇,华北电力大学(北京),2018-06-01,//cdmd.cnki.com.cn/Article/CDMD-11412-1018240706.htm
医疗健康大数据的并行处理方法研究,李鹏飞,浙江大学,2016-10-25,//cdmd.cnki.com.cn/Article/CDMD-10335-1017178201.htm
基于医疗电子数据的缺血性中风病急性期中西药物群组模块方法学研究,杨薇,中国中医科学院,2015-05-29,//cdmd.cnki.com.cn/Article/CDMD-84502-1015411917.htm
水上位置大数据索引方法的研究,张忠杰,大连海事大学,2015-05-01,//cdmd.cnki.com.cn/Article/CDMD-10151-1015640062.htm
粗糙集中基于粒计算的动态知识更新方法研究,陈红梅,西南交通大学,2013-10-01,//cdmd.cnki.com.cn/Article/CDMD-10613-1014251792.htm
基于转录组数据挖掘的肿瘤异质性与肿瘤免疫微环境研究,张健,军事科学院,2019-05-27,//cdmd.cnki.com.cn/Article/CDMD-90101-1019904835.htm
大数据环境下数据质量管理、评估与检测关键问题研究,刘寒,吉林大学,2019-06-01,//cdmd.cnki.com.cn/Article/CDMD-10183-1019157533.htm
基于降维映射的工业过程建模与监测,魏驰航,浙江大学,2018-06-01,//cdmd.cnki.com.cn/Article/CDMD-10335-1018171456.htm
针对集中供热二次管网的性能预测与异常检测关键技术研究,孙文慧,山东大学,2018-09-20,//cdmd.cnki.com.cn/Article/CDMD-10422-1019013294.htm
基于深度学习和上下文语义的视觉内容识別与分析研究,欧新宇,华中科技大学,2017-05-01,//cdmd.cnki.com.cn/Article/CDMD-10487-1017166757.htm
基于后现代技术的生活制造研究,徐玉祺,中国科学技术大学,2017-04-19,//cdmd.cnki.com.cn/Article/CDMD-10358-1017071139.htm
高维大规模统计推断及其在基因组数据中的应用,肖健,东北师范大学,2014-05-01,//cdmd.cnki.com.cn/Article/CDMD-10200-1014375236.htm
“互联网+”时代高校德育实践创新研究,李刁,华中师范大学,2017-05-01,//cdmd.cnki.com.cn/Article/CDMD-10511-1017267043.htm
基于大数据的互联网平台企业商业模式研究,蔡万刚,东华大学,2019-02-01,//cdmd.cnki.com.cn/Article/CDMD-10255-1019895944.htm
稀疏与低秩理论及其应用研究,杨林晓,电子科技大学,2019-11-03,//cdmd.cnki.com.cn/Article/CDMD-10614-1020716422.htm
河南农村育龄妇女妊娠等待时间影响因素分析及生育能力预测模型比较研究,张倩,北京协和医学院,2017-05-01,//cdmd.cnki.com.cn/Article/CDMD-10023-1017235949.htm
基于关联规则对王小云教授中医治疗妇科痛证的用药规律研究,叶润英,广州中医药大学,2016-04-01,//cdmd.cnki.com.cn/Article/CDMD-10572-1016208704.htm
面向云计算环境的用户权限管理与隐私保护研究,李拴保,武汉大学,2015-05-20,//cdmd.cnki.com.cn/Article/CDMD-10486-1016015927.htm
基于机器学习的水平井产量预测建模与应用研究,黄家宸,中国地质大学(北京),2020-04-01,//cdmd.cnki.com.cn/Article/CDMD-11415-1020042879.htm
增程式电动汽车运行优化控制方法研究,孟步敏,湖南大学,2018-05-31,//cdmd.cnki.com.cn/Article/CDMD-10532-1018145803.htm
分布式并行机器学习算法及其生物医学应用,陈建国,湖南大学,2018-05-10,//cdmd.cnki.com.cn/Article/CDMD-10532-1018145796.htm
多源数据融合的设备状态监测与智能诊断研究,姚雪梅,贵州大学,2018-12-01,//cdmd.cnki.com.cn/Article/CDMD-10657-1019819040.htm
公安政治传播研究,房厦,中国人民公安大学,2019-06-03,//cdmd.cnki.com.cn/Article/CDMD-10041-1019837705.htm
多点协作通信系统的关键技术研究,丁铭,上海交通大学,2011-10-01,//cdmd.cnki.com.cn/Article/CDMD-10248-1012016665.htm
时延敏感的云计算虚拟资源调度方法研究,魏杰,北京邮电大学,2018-06-06,//cdmd.cnki.com.cn/Article/CDMD-10013-1018116373.htm
基于云计算的作物灾害光谱图像数据挖掘与应用技术研究,夏吉安,南京理工大学,2019-06-01,//cdmd.cnki.com.cn/Article/CDMD-10288-1021706279.htm
基于马氏抽样的支持向量机分布集成学习的泛化性能,姜宏伟,湖北大学,2021-03-22,//cdmd.cnki.com.cn/Article/CDMD-10512-1021787308.htm
基于大数据的川崎病精准诊疗辅助决策研究,黄智林,重庆医科大学,2021-05-01,//cdmd.cnki.com.cn/Article/CDMD-10631-1021759573.htm
面向气象专有云的数据布局关键技术研究,阮峰,南京信息工程大学,2019-05-01,//cdmd.cnki.com.cn/Article/CDMD-10300-1021778721.htm
铁路机车设备画像理论及关键技术研究,李鑫,中国铁道科学研究院,2021-07-01,//cdmd.cnki.com.cn/Article/CDMD-83801-1021122857.htm
增加PPARγ促进PTPRF转录抑制乳腺癌增殖与转移机制的研究,许妍妍,吉林大学,2021-06-01,//cdmd.cnki.com.cn/Article/CDMD-10183-1021094585.htm
放射组学在食管癌个体化精准放射治疗中的应用研究,杨成文,天津大学,2020-07-01,//cdmd.cnki.com.cn/Article/CDMD-10056-1021824719.htm
深度跨模态哈希检索方法及其安全性研究,李超,西安电子科技大学,2020-12-01,//cdmd.cnki.com.cn/Article/CDMD-10701-1021034328.htm
多种能源发电协同发展管控模型及大数据分析研究,任东方,华北电力大学(北京),2020-06-01,//cdmd.cnki.com.cn/Article/CDMD-11412-1021010622.htm
深度神经网络在电力工业建模中的应用,张皓,华北电力大学(北京),2020-06-01,//cdmd.cnki.com.cn/Article/CDMD-11412-1021010544.htm
面向中大规模分布式测试的无线传感网络关键技术研究,郝创博,北京理工大学,2018-06-01,//cdmd.cnki.com.cn/Article/CDMD-10007-1021568566.htm
高速铁路安全文本大数据分析方法研究,李新琴,中国铁道科学研究院,2020-06-01,//cdmd.cnki.com.cn/Article/CDMD-83801-1020089090.htm
政府规制对营商环境的影响研究,蔡璐,辽宁大学,2020-12-01,//cdmd.cnki.com.cn/Article/CDMD-10140-1021050010.htm
碳钢大气环境腐蚀大数据研究及主要影响因素作用规律,裴梓博,北京科技大学,2021-05-16,//cdmd.cnki.com.cn/Article/CDMD-10008-1021064870.htm
基于日志数据的多维数据可视分析的研究及应用,于世东,中国科学院大学(中国科学院沈阳计算技术研究所),2021-06-01,//cdmd.cnki.com.cn/Article/CDMD-80133-1021630675.htm
基于动态上下文的XML隐私保护方法,王梅娟,南京航空航天大学,2018-10-01,//cdmd.cnki.com.cn/Article/CDMD-10287-1021643862.htm
数据驱动的传动旋转部件智能故障诊断方法研究,王金瑞,南京航空航天大学,2019-03-01,//cdmd.cnki.com.cn/Article/CDMD-10287-1021643950.htm
分布式移动网络环境下大规模空间社交媒体数据快速增强现实可视化研究,张帅,南京大学,2020-08-03,//cdmd.cnki.com.cn/Article/CDMD-10284-1021663195.htm
基于真实世界数据和PK/PD模型引导的β-内酰胺类药物在新生儿败血症患者中的群体药代动力学、有效性和安全性研究,吴月娥,山东大学,2021-05-28,//cdmd.cnki.com.cn/Article/CDMD-10422-1021033370.htm
基于局部放电深度学习的GIS风险评估方法,宋辉,上海交通大学,2018-10-25,//cdmd.cnki.com.cn/Article/CDMD-10248-1019640700.htm
基于自然计算的模糊聚类新算法研究,李洁,西安电子科技大学,2004-10-01,//cdmd.cnki.com.cn/Article/CDMD-10701-2005042774.htm
移动互联环境下工业控制系统安全问题研究,时忆杰,北京邮电大学,2016-06-20,//cdmd.cnki.com.cn/Article/CDMD-10013-1017288118.htm
面向自组织移动云的存储架构关键技术研究,李昌龙,中国科学技术大学,2018-05-30,//cdmd.cnki.com.cn/Article/CDMD-10358-1018095968.htm
面向重大疾病辅助诊疗的多组学数据整合分析方法与工具,何松,军事科学院,2018-05-30,//cdmd.cnki.com.cn/Article/CDMD-90101-1018094727.htm
混合动态信息系统中的高效知识更新算法研究,曾安平,西南交通大学,2015-12-01,//cdmd.cnki.com.cn/Article/CDMD-10613-1016166542.htm
哈密顿环与图同构问题的理论研究及算法设计,侯爱民,华南理工大学,2013-04-01,//cdmd.cnki.com.cn/Article/CDMD-10561-1013320355.htm
面向序列数据异常模式挖掘的集体离群点检测方法研究,黄晓地,合肥工业大学,2020-05-11,//cdmd.cnki.com.cn/Article/CDMD-10359-1020419940.htm
三峡库区水生态环境在线监测数据智能分析与应用研究,董建华,中国科学院大学(中国科学院重庆绿色智能技术研究院),2018-06-01,//cdmd.cnki.com.cn/Article/CDMD-80185-1018127592.htm
基于地理大数据分析的关中汉唐帝陵游客体验行为研究,孙媛媛,陕西师范大学,2017-11-01,//cdmd.cnki.com.cn/Article/CDMD-10718-1019033213.htm
行为决策理论在投资组合与概率销售中的应用研究,杨光,东南大学,2019-05-22,//cdmd.cnki.com.cn/Article/CDMD-10286-1020800739.htm
基于不确定语言表达式的群决策理论与方法研究,王海,东南大学,2017-12-01,//cdmd.cnki.com.cn/Article/CDMD-10286-1018128525.htm
矿井突水水源快速判识智能算法研究,李琳,中国矿业大学,2018-09-01,//cdmd.cnki.com.cn/Article/CDMD-10290-1019812058.htm
中短距光纤通信系统关键技术研究,冯振华,华中科技大学,2017-05-01,//cdmd.cnki.com.cn/Article/CDMD-10487-1017145942.htm
新型数据中心组网架构及关键技术研究,于洋,北京交通大学,2018-03-01,//cdmd.cnki.com.cn/Article/CDMD-10004-1018144574.htm
生物序列模体发现算法研究,于强,西安电子科技大学,2014-09-01,//cdmd.cnki.com.cn/Article/CDMD-10701-1015437741.htm
地震记录矢量化与地震目录数据挖掘及系统开发,王茂发,吉林大学,2016-11-01,//cdmd.cnki.com.cn/Article/CDMD-10183-1017009782.htm
GIS服务链模型研究及基于工作流技术的实现,靖常峰,浙江大学,2008-04-20,//cdmd.cnki.com.cn/Article/CDMD-10335-2009024792.htm
基于张量分解和语义网的医学信息检索和推荐系统,王浩林,中国科学院大学(中国科学院重庆绿色智能技术研究院),2018-06-01,//cdmd.cnki.com.cn/Article/CDMD-80185-1018127588.htm
基于整合组学策略的人类基因组功能元件的识别与注释,陈河兵,中国人民解放军军事医学科学院,2015-06-11,//cdmd.cnki.com.cn/Article/CDMD-90106-1015393200.htm
面向智能交通大数据的特征提取和流量预测算法优化与改进研究,郭洋,华南理工大学,2019-10-08,//cdmd.cnki.com.cn/Article/CDMD-10561-1020334161.htm
汉语语音地理类型研究,龙国治,上海师范大学,2017-05-30,//cdmd.cnki.com.cn/Article/CDMD-10270-1017153880.htm
普适医疗伦理问题研究,谢亚可,湖南师范大学,2017-06-01,//cdmd.cnki.com.cn/Article/CDMD-10542-1017133007.htm
基于显著性及弱监督学习的智能视觉信息处理,张鼎文,西北工业大学,2018-01-01,//cdmd.cnki.com.cn/Article/CDMD-10699-1020706864.htm
边缘计算网络安全防线联动与攻击主动防御关键技术研究,张波,南京理工大学,2018-10-01,//cdmd.cnki.com.cn/Article/CDMD-10288-1020022207.htm
基于MapReduce的分布式地震射线追踪方法研究,马辉,中国地质大学(北京),2012-05-01,//cdmd.cnki.com.cn/Article/CDMD-11415-1012364477.htm
基于人脑磁共振成像数据的机器学习方法研究,袁林,国防科技大学,2018-05-01,//cdmd.cnki.com.cn/Article/CDMD-91002-1020700700.htm
基于云平台的蛋白质组数据分析系统的构建,冯晋文,华东师范大学,2018-03-15,//cdmd.cnki.com.cn/Article/CDMD-10269-1018710622.htm
全脑光学显微成像大数据处理平台的初步构建和应用,李宇昕,华中科技大学,2018-05-01,//cdmd.cnki.com.cn/Article/CDMD-10487-1018210234.htm
张量分解的高效计算及其应用研究,王晓康,华中科技大学,2017-05-01,//cdmd.cnki.com.cn/Article/CDMD-10487-1017166759.htm
植物细胞器基因组变异与进化机制研究,王硕,昆明理工大学,2016-05-01,//cdmd.cnki.com.cn/Article/CDMD-10674-1018031779.htm
异构多核图计算系统研究,钟文勇,湖南大学,2018-03-01,//cdmd.cnki.com.cn/Article/CDMD-10532-1018044544.htm
Hybrid Intrusion Detection with Clustering-Outlier Technique and Incremental SVM Classification,Chitrakar Roshan,武汉大学,2015-05-30,//cdmd.cnki.com.cn/Article/CDMD-10486-1015306127.htm
深度学习算法并行优化技术及应用研究,单磊,国防科技大学,2019-06-01,//cdmd.cnki.com.cn/Article/CDMD-91002-1020386116.htm
传染病异构信息整合分析与综合管理研究,战红君,大连海事大学,2018-04-01,//cdmd.cnki.com.cn/Article/CDMD-10151-1019037205.htm
参与式感知关键技术及应用研究,张波,北京邮电大学,2016-06-16,//cdmd.cnki.com.cn/Article/CDMD-10013-1017292028.htm
中国数字书法检索与作品真伪鉴别的研究,章夏芬,浙江大学,2006-10-01,//cdmd.cnki.com.cn/Article/CDMD-10335-2007012942.htm
深度挖掘肿瘤相关的DNA甲基化和tRNA来源小片段的分子特征,孙喜伟,浙江大学,2018-03-22,//cdmd.cnki.com.cn/Article/CDMD-10335-1019006059.htm
创新货币外部性在区域创新发展中的产生与作用研究,夏凡,北京交通大学,2020-09-01,//cdmd.cnki.com.cn/Article/CDMD-10004-1020444396.htm
我国药品信息的共享协调及应用研究,王妍,沈阳药科大学,2018-09-01,//cdmd.cnki.com.cn/Article/CDMD-10163-1019144773.htm
基于深度学习的图像理解关键问题及实现技术研究,张军阳,国防科技大学,2018-10-01,//cdmd.cnki.com.cn/Article/CDMD-91002-1020386006.htm
国有企业的经济危机治理作用研究,梁宏中,暨南大学,2018-05-24,//cdmd.cnki.com.cn/Article/CDMD-10559-1021513490.htm
中国传媒产业发展研究,吴昊天,西南财经大学,2014-06-01,//cdmd.cnki.com.cn/Article/CDMD-10651-1014403186.htm
互联网金融产业及其对传统金融冲击影响的研究,李明选,上海社会科学院,2015-03-01,//cdmd.cnki.com.cn/Article/CDMD-87903-1015332214.htm
青环海蛇抗炎活性肽Hydrostatin-SN10的靶点拮抗机制及基于三代测序的青环海蛇多组学研究,李安,中国人民解放军海军军医大学,2021-05-01,//cdmd.cnki.com.cn/Article/CDMD-91020-1021067710.htm
基于弱监督学习的音频分析,丁翰林（Heinrich Dinkel）,上海交通大学,2020-11-22,//cdmd.cnki.com.cn/Article/CDMD-10248-1021680016.htm
基于深度学习的社交网络跨媒体突发事件检测与搜索研究,崔婉秋,北京邮电大学,2021-05-31,//cdmd.cnki.com.cn/Article/CDMD-10013-1021085965.htm
基于数字水网的河北地下水超采治理效果的过程化评价及业务融合研究,于翔,西安理工大学,2021-06-30,//cdmd.cnki.com.cn/Article/CDMD-10700-1021703700.htm
张量特征值估计及其应用,熊亮,湘潭大学,2020-04-18,//cdmd.cnki.com.cn/Article/CDMD-10530-1021733939.htm
NPRL2基因转录水平调控及促进前列腺癌细胞增殖的机制研究,胡代星,重庆医科大学,2021-05-01,//cdmd.cnki.com.cn/Article/CDMD-10631-1021759556.htm
基于机器学习的储粮品质预测方法及应用研究,王启阳,吉林大学,2021-06-01,//cdmd.cnki.com.cn/Article/CDMD-10183-1021102287.htm
基于深度学习的脑功能连接挖掘方法及脑老化应用研究,温昕,太原理工大学,2020-12-01,//cdmd.cnki.com.cn/Article/CDMD-10112-1021804587.htm
面向智库需求的智慧数据服务模式及服务能力评价研究,吴雅威,吉林大学,2021-05-01,//cdmd.cnki.com.cn/Article/CDMD-10183-1021100579.htm
电子病历数据的表示学习及应用研究,奉雨娟,清华大学,2020-09-01,//cdmd.cnki.com.cn/Article/CDMD-10003-1021809303.htm
面向复杂疾病诊疗的组学大数据分析方法及应用,尹晓尧,国防科技大学,2019-10-01,//cdmd.cnki.com.cn/Article/CDMD-91002-1021828510.htm
面向社交网络的影响力分析关键技术研究,全拥,国防科技大学,2019-10-01,//cdmd.cnki.com.cn/Article/CDMD-91002-1021828524.htm
面向网络公开信息的人物关系图谱构建关键技术研究,黄杨琛,国防科技大学,2019-10-01,//cdmd.cnki.com.cn/Article/CDMD-91002-1021828527.htm
面向大数据处理的异构融合可重构数据流加速器研究,沈俊忠,国防科技大学,2020-06-01,//cdmd.cnki.com.cn/Article/CDMD-91002-1021828512.htm
个人信息、社会数据与立法选择,刘乃贵,西南财经大学,2020-03-01,//cdmd.cnki.com.cn/Article/CDMD-10651-1021851087.htm
基于贝叶斯模型的连续学习方法研究,杨阳,西安电子科技大学,2020-08-01,//cdmd.cnki.com.cn/Article/CDMD-10701-1020162790.htm
基于流形正则化的分布式半监督学习算法,谢晋,西安电子科技大学,2020-03-01,//cdmd.cnki.com.cn/Article/CDMD-10701-1020162829.htm
大规模轨迹数据的分布式管理与分析,李瑞远,西安电子科技大学,2020-06-01,//cdmd.cnki.com.cn/Article/CDMD-10701-1020162756.htm
具有隐私保护的外包数据去重与计算研究,刘玲,西安电子科技大学,2020-08-01,//cdmd.cnki.com.cn/Article/CDMD-10701-1020162878.htm
面向层次结构数据的特征选择方法,赵红,天津大学,2019-05-01,//cdmd.cnki.com.cn/Article/CDMD-10056-1020433530.htm
物联网中的群智大数据采集技术研究,詹玉峰,北京理工大学,2018-06-01,//cdmd.cnki.com.cn/Article/CDMD-10007-1021568691.htm
基于多运行参数耦合的SCR精细化喷氨控制系统及其应用研究,刘国富,东南大学,2019-08-01,//cdmd.cnki.com.cn/Article/CDMD-10286-1020310637.htm
地质遗迹景观的价值评价及保护研究,李发明,天津大学,2019-03-01,//cdmd.cnki.com.cn/Article/CDMD-10056-1020433443.htm
人工智能、去技能化与劳动就业,冯鹏程,中南财经政法大学,2020-05-30,//cdmd.cnki.com.cn/Article/CDMD-10520-1020963878.htm
基于神经网络的多属性药物分类方法研究,谢凌伟,厦门大学,2019-03-01,//cdmd.cnki.com.cn/Article/CDMD-10384-1019076756.htm
固体氧化物燃料电池关键材料规律研究及优化设计,常希望,北京科技大学,2021-05-06,//cdmd.cnki.com.cn/Article/CDMD-10008-1021064899.htm
大数据解析毛果杨lncRNA盐响应规律及其分子作用机理研究,叶晓雪,东北林业大学,2021-03-01,//cdmd.cnki.com.cn/Article/CDMD-10225-1021059103.htm
面向空气污染的时空多变量数据可视分析,任珂,东北师范大学,2021-05-01,//cdmd.cnki.com.cn/Article/CDMD-10200-1021630994.htm
异质性面板数据模型的融合分析及其应用研究,王纬,山东大学,2021-05-31,//cdmd.cnki.com.cn/Article/CDMD-10422-1021041299.htm
电荷俘获层缺陷调控改善三维闪存存储器可靠性的理论研究,王菲,山东大学,2021-05-25,//cdmd.cnki.com.cn/Article/CDMD-10422-1021038566.htm
椭圆曲线及双线性对密码的快速实现算法与关键技术研究,杨国强,山东大学,2021-05-30,//cdmd.cnki.com.cn/Article/CDMD-10422-1021033473.htm
网络推荐和在线评论对数字内容商品体验消费的整合影响及实证研究,戴和忠,浙江大学,2014-04-01,//cdmd.cnki.com.cn/Article/CDMD-10335-1014240125.htm
模糊C均值聚类及其有效性检验与应用研究,周开乐,合肥工业大学,2014-09-01,//cdmd.cnki.com.cn/Article/CDMD-10359-1015574004.htm
基于内容的图像检索中特征表示与检索策略研究,侯刚,吉林大学,2014-06-01,//cdmd.cnki.com.cn/Article/CDMD-10183-1014266131.htm
基于随机森林的视觉数据分类关键技术研究,张乾,华南理工大学,2016-04-27,//cdmd.cnki.com.cn/Article/CDMD-10561-1017805865.htm
农村信用体系建设与农户小额贷款研究,张榉成,中国社会科学院研究生院,2017-05-01,//cdmd.cnki.com.cn/Article/CDMD-80201-1017835592.htm
公路工程全过程造价管理提升关键技术研究,党晓旭,长安大学,2016-04-30,//cdmd.cnki.com.cn/Article/CDMD-10710-1016749014.htm
Web评论文本的细粒度意见挖掘技术研究,黄胜,北京理工大学,2014-06-01,//cdmd.cnki.com.cn/Article/CDMD-10007-1014086885.htm
“转换性使用”研究,李钢,中南财经政法大学,2017-05-01,//cdmd.cnki.com.cn/Article/CDMD-10520-1017844774.htm
互联网平台型物流企业人力资源战略管理研究,许亚宁,长安大学,2015-11-02,//cdmd.cnki.com.cn/Article/CDMD-10710-1016790739.htm
信息安全风险分析方法与风险感知实证研究,杨姗媛,中央财经大学,2015-06-01,//cdmd.cnki.com.cn/Article/CDMD-10034-1016775195.htm
面向对象影像分析中的多尺度方法研究,黄志坚,国防科学技术大学,2014-02-01,//cdmd.cnki.com.cn/Article/CDMD-90002-1015959297.htm
信息生态视角下网络平台构建机理及运行效率评价研究,周昕,吉林大学,2016-06-01,//cdmd.cnki.com.cn/Article/CDMD-10183-1016089563.htm
时间序列数据分类、检索方法及应用研究,郑毅,中国科学技术大学,2015-05-01,//cdmd.cnki.com.cn/Article/CDMD-10358-1015581018.htm
运营中断条件下城市轨道交通乘客出行行为建模与客流诱导优化研究,尹浩东,北京交通大学,2017-04-01,//cdmd.cnki.com.cn/Article/CDMD-10004-1017051069.htm
图像视频复杂场景中文字检测识别方法研究,颜建强,西安电子科技大学,2014-05-30,//cdmd.cnki.com.cn/Article/CDMD-10701-1014432484.htm
大规模学业评价研究,刘晓庆,华中师范大学,2013-09-01,//cdmd.cnki.com.cn/Article/CDMD-10511-1014146939.htm
复杂数据类型的离群检测方法研究,刘靖,华南理工大学,2014-04-09,//cdmd.cnki.com.cn/Article/CDMD-10561-1014063267.htm
网络时代高校马克思主义信仰教育研究,唐文艳,湖南大学,2016-03-10,//cdmd.cnki.com.cn/Article/CDMD-10532-1017173025.htm
基于DEM的流域地形分析并行算法关键技术研究,江岭,南京师范大学,2014-03-10,//cdmd.cnki.com.cn/Article/CDMD-10319-1014344452.htm
大数据驱动下的高速公路交通运行状态评价与分析,陈娇娜,长安大学,2016-10-12,//cdmd.cnki.com.cn/Article/CDMD-10710-1017803915.htm
数字图书馆资源聚合与服务推荐研究,刘健,吉林大学,2017-06-01,//cdmd.cnki.com.cn/Article/CDMD-10183-1017139904.htm
基于手机信令的轨道交通乘客出行行为分析方法研究,胡永恺,东南大学,2017-02-20,//cdmd.cnki.com.cn/Article/CDMD-10286-1017171094.htm
互联网平台企业竞合战略选择的多案例研究,马蔷,吉林大学,2017-06-01,//cdmd.cnki.com.cn/Article/CDMD-10183-1017139897.htm
基于Hadoop的大规模语义Web本体数据查询与推理关键技术研究,李韧,重庆大学,2013-04-01,//cdmd.cnki.com.cn/Article/CDMD-10611-1013043847.htm
基于深度学习的说话人无关单通道语音分离,王燕南,中国科学技术大学,2017-06-01,//cdmd.cnki.com.cn/Article/CDMD-10358-1017065348.htm
中国汽车产业与信息技术产业耦合发展研究,董志学,首都经济贸易大学,2016-03-01,//cdmd.cnki.com.cn/Article/CDMD-10038-1016075929.htm
基于临床科研信息共享系统的慢性乙型肝炎证治规律研究,郭明星,湖北中医药大学,2014-05-20,//cdmd.cnki.com.cn/Article/CDMD-10507-1014321751.htm
针对含有概念漂移问题的增量学习算法研究,孙宇,中国科学技术大学,2017-04-01,//cdmd.cnki.com.cn/Article/CDMD-10358-1017071234.htm
大型建筑企业工程投标风险管理研究,段东生,中国矿业大学(北京),2015-04-14,//cdmd.cnki.com.cn/Article/CDMD-11413-1015444979.htm
数据流模式挖掘算法及应用研究,王乐,大连理工大学,2013-09-01,//cdmd.cnki.com.cn/Article/CDMD-10141-1014154552.htm
联合浮标与卫星数据的赤潮预警与决策服务,孙笑笑,浙江大学,2017-06-10,//cdmd.cnki.com.cn/Article/CDMD-10335-1017070984.htm
中国的大都市区化进程—格局与机制研究,张欣炜,华东师范大学,2017-05-01,//cdmd.cnki.com.cn/Article/CDMD-10269-1017102837.htm
基于机器学习和统计分析的DDoS攻击检测技术研究,贾斌,北京邮电大学,2017-04-30,//cdmd.cnki.com.cn/Article/CDMD-10013-1017291997.htm
基于时间相关的网络流量建模与预测研究,高波,哈尔滨工业大学,2013-01-01,//cdmd.cnki.com.cn/Article/CDMD-10213-1013045096.htm
基于云计算的服装设计供应链协同策略与应用研究,段然,东华大学,2017-04-01,//cdmd.cnki.com.cn/Article/CDMD-10255-1017711014.htm
糖尿病医疗数据处理及药物利用研究,陈迁,第二军医大学,2014-05-01,//cdmd.cnki.com.cn/Article/CDMD-90030-1015518690.htm
基于深度学习的人脸表情识别方法研究,杨雨浓,西北大学,2017-06-01,//cdmd.cnki.com.cn/Article/CDMD-10697-1017270095.htm
基于云计算的电力设备监测数据的集中并行处理与诊断,王刘旺,华北电力大学(北京),2017-06-01,//cdmd.cnki.com.cn/Article/CDMD-11412-1017211188.htm
基于内容的分布式图像检索,杨迪,北京邮电大学,2015-06-01,//cdmd.cnki.com.cn/Article/CDMD-10013-1016015733.htm
分布式环境中信息挖掘与隐私保护相关技术研究,贾哲,北京邮电大学,2012-05-01,//cdmd.cnki.com.cn/Article/CDMD-10013-1012498999.htm
基于质谱的糖蛋白质组学/糖组学的新技术与新方法研究,曹纬倩,复旦大学,2014-04-09,//cdmd.cnki.com.cn/Article/CDMD-10246-1015410805.htm
学术论文关键指标智能化评价研究,杜杏叶,吉林大学,2019-12-01,//cdmd.cnki.com.cn/Article/CDMD-10183-1020011312.htm
刑事诉讼中的证据裁判原则研究,马勇,山东大学,2017-12-04,//cdmd.cnki.com.cn/Article/CDMD-10422-1018118001.htm
面向属性与关系的隐私保护数据挖掘理论研究,孙崇敬,电子科技大学,2014-03-20,//cdmd.cnki.com.cn/Article/CDMD-10614-1015712346.htm
网络舆情的信息情感维度空间构建和信息情感元识别研究,刘英杰,吉林大学,2017-06-01,//cdmd.cnki.com.cn/Article/CDMD-10183-1017158260.htm
基于多次曝光技术的大动态范围CMOS图像传感器研究,高志远,天津大学,2015-05-01,//cdmd.cnki.com.cn/Article/CDMD-10056-1016110122.htm
列存储系统的若干关键技术研究,丁祥武,东华大学,2012-12-01,//cdmd.cnki.com.cn/Article/CDMD-10255-1013162560.htm
数字乡村战略下农产品流通体系创新研究,金恩焘,南昌大学,2020-06-01,//cdmd.cnki.com.cn/Article/CDMD-10403-1020056562.htm
基于多信息融合的铝合金脉冲GTAW过程焊接缺陷特征提取研究,张志芬,上海交通大学,2015-06-01,//cdmd.cnki.com.cn/Article/CDMD-10248-1016787559.htm
维持性腹膜透析患者流行病学调查及预后相关性研究,曹雪莹,中国人民解放军医学院,2015-06-09,//cdmd.cnki.com.cn/Article/CDMD-90115-1015401369.htm
高维数据交互特征选择和分类研究,李静,燕山大学,2015-05-01,//cdmd.cnki.com.cn/Article/CDMD-10216-1015901951.htm
论交付,高启耀,大连海事大学,2017-03-01,//cdmd.cnki.com.cn/Article/CDMD-10151-1017196582.htm
基于XML的文本结构信息抽取与聚类研究,朴勇,大连理工大学,2014-10-10,//cdmd.cnki.com.cn/Article/CDMD-10141-1015571890.htm
“互联网+”背景下政府治理能力现代化研究,王敏,中共中央党校,2018-07-01,//cdmd.cnki.com.cn/Article/CDMD-80000-1019008503.htm
干红葡萄酒酚类代谢组学技术构建及应用,李斯屿,中国农业大学,2018-06-01,//cdmd.cnki.com.cn/Article/CDMD-10019-1018064453.htm
空气高压放电紫外特性及多光谱成像技术研究,房陈岩,中国科学院研究生院(上海技术物理研究所),2016-04-01,//cdmd.cnki.com.cn/Article/CDMD-80143-1016728602.htm
新时代大学生文化自信培育研究,俞小敏,哈尔滨师范大学,2020-06-01,//cdmd.cnki.com.cn/Article/CDMD-10231-1020312338.htm
算法“黑箱”与算法责任机制研究,浮婷,中国社会科学院研究生院,2020-06-01,//cdmd.cnki.com.cn/Article/CDMD-80201-1020745265.htm
面向大规模数据分析与分类的正则化回归算法,徐晓琳,安徽大学,2017-02-01,//cdmd.cnki.com.cn/Article/CDMD-10357-1017159166.htm
上市企业集团管理控制系统能力指数研究,栾志乾,对外经济贸易大学,2015-06-01,//cdmd.cnki.com.cn/Article/CDMD-10036-1016036660.htm
聚类分析及其应用研究,唐东明,电子科技大学,2010-03-01,//cdmd.cnki.com.cn/Article/CDMD-10614-2010234406.htm
基于深度学习的心电信号降噪和T波自动检测研究,熊鹏,燕山大学,2016-10-01,//cdmd.cnki.com.cn/Article/CDMD-10216-1017808478.htm
云数据中心流量调度机制研究,汪硕,北京邮电大学,2018-06-12,//cdmd.cnki.com.cn/Article/CDMD-10013-1018125218.htm
城市轨道交通碳减排测算理论与应用研究,申晓鹏,北京交通大学,2018-06-01,//cdmd.cnki.com.cn/Article/CDMD-10004-1018144576.htm
城市交通流数据优化感知关键技术研究,张伟,大连理工大学,2014-12-01,//cdmd.cnki.com.cn/Article/CDMD-10141-1016035257.htm
基于物联网和流式计算的蛋鸡设施养殖数字化初探,陈红茜,中国农业大学,2017-05-01,//cdmd.cnki.com.cn/Article/CDMD-10019-1017164484.htm
面向5G通信系统的信道编码技术研究,穆锡金,西安电子科技大学,2017-12-01,//cdmd.cnki.com.cn/Article/CDMD-10701-1018046203.htm
在线学习算法研究与应用,刘成昊,浙江大学,2017-01-05,//cdmd.cnki.com.cn/Article/CDMD-10335-1017251232.htm
综合性医院医学检验资源优化管理研究,张波,第三军医大学,2016-05-01,//cdmd.cnki.com.cn/Article/CDMD-90031-1016277148.htm
非易失性内存的磨损均衡与管理优化研究,龙林波,重庆大学,2016-04-01,//cdmd.cnki.com.cn/Article/CDMD-10611-1016765633.htm
基于FPGA的图计算并行算法和体系结构研究,雷国庆,国防科学技术大学,2015-12-01,//cdmd.cnki.com.cn/Article/CDMD-90002-1017834256.htm
城市群旅游流空间格局及演化研究,刘大均,华中师范大学,2016-05-01,//cdmd.cnki.com.cn/Article/CDMD-10511-1016271107.htm
可视化数字病人关键技术与系统研究,施烈航,中国科学院研究生院(上海技术物理研究所),2016-04-01,//cdmd.cnki.com.cn/Article/CDMD-80143-1016728611.htm
关注异质性与媒体效应对股票市场的影响研究,刘先伟,哈尔滨工业大学,2016-06-01,//cdmd.cnki.com.cn/Article/CDMD-10213-1016739788.htm
城市创意产业区的空间集聚度及组织驱动系统研究,周琦,东华大学,2020-05-25,//cdmd.cnki.com.cn/Article/CDMD-10255-1020757366.htm
MapReduce资源调配关键技术研究,王博,清华大学,2015-12-01,//cdmd.cnki.com.cn/Article/CDMD-10003-1017800455.htm
电子口碑、消费者决策与新产品销售,彭岚,西南财经大学,2013-10-01,//cdmd.cnki.com.cn/Article/CDMD-10651-1016327416.htm
多尺度三维灾情场景构建与动态标绘关键技术研究,刘浩,首都师范大学,2013-06-03,//cdmd.cnki.com.cn/Article/CDMD-10028-1013289717.htm
内蒙古草甸草原区遥感生态评价与监测研究,王保林,内蒙古农业大学,2020-06-01,//cdmd.cnki.com.cn/Article/CDMD-10129-1020146800.htm
多模态数据特征提取的粒计算方法研究与应用,温柳英,西南石油大学,2017-12-01,//cdmd.cnki.com.cn/Article/CDMD-10615-1018021267.htm
稀疏恢复与稀疏优化的?_1极小化理论及其计算?,张慧,国防科学技术大学,2014-11-01,//cdmd.cnki.com.cn/Article/CDMD-90002-1016922088.htm
用户行为数据的交互式可视挖掘方法研究,孙国道,浙江工业大学,2015-10-10,//cdmd.cnki.com.cn/Article/CDMD-10337-1016035862.htm
复杂地学G~4I系统数据集成与云计算关键技术研究,刘威,吉林大学,2013-06-01,//cdmd.cnki.com.cn/Article/CDMD-10183-1013193834.htm
高速电子技术在QKD系统与天文CCD成像系统中的研究,张鸿飞,中国科学技术大学,2014-05-10,//cdmd.cnki.com.cn/Article/CDMD-10358-1014268841.htm
宏观经济不确定性与经济增长,王蕊,东北财经大学,2019-11-01,//cdmd.cnki.com.cn/Article/CDMD-10173-1020010050.htm
流域大尺度水环境模型的高效能集群计算方法研究及其在三峡库区的应用,王永桂,武汉大学,2015-11-01,//cdmd.cnki.com.cn/Article/CDMD-10486-1016018481.htm
量子密钥分发与经典加密方法融合关键技术研究,韩家伟,吉林大学,2018-06-01,//cdmd.cnki.com.cn/Article/CDMD-10183-1018213549.htm
心理生理可计算建模理论与方法的研究,张晓炜,兰州大学,2016-06-01,//cdmd.cnki.com.cn/Article/CDMD-10730-1016725629.htm
基于区块链技术的可信数据通证化方法的研究与应用,周桐,中国科学技术大学,2019-04-01,//cdmd.cnki.com.cn/Article/CDMD-10358-1019133088.htm
知识图谱分布式表示研究,韩笑,北京邮电大学,2019-05-27,//cdmd.cnki.com.cn/Article/CDMD-10013-1019112867.htm
全球价值链背景下我国装备制造企业服务化模式研究,徐晓微,哈尔滨理工大学,2017-06-01,//cdmd.cnki.com.cn/Article/CDMD-10214-1018032096.htm
大规模网络下复杂应用识别及私有网络挖掘技术研究,张洛什,哈尔滨理工大学,2016-03-01,//cdmd.cnki.com.cn/Article/CDMD-10214-1016073003.htm
金融发展中的征信体系功能研究,李士涛,辽宁大学,2017-05-01,//cdmd.cnki.com.cn/Article/CDMD-10140-1017076570.htm
数据驱动的复杂装备异常检测方法,丁建伟,清华大学,2015-12-01,//cdmd.cnki.com.cn/Article/CDMD-10003-1017800365.htm
网络认知下基于机器学习的智能化安全态势研究,金磊,北京邮电大学,2020-06-28,//cdmd.cnki.com.cn/Article/CDMD-10013-1020162625.htm
望远镜自主观测控制和天文数据智能处理的研究,张光宇,中国科学技术大学,2019-10-10,//cdmd.cnki.com.cn/Article/CDMD-10358-1019265971.htm
探索制定《晚期前列腺癌中西医结合诊疗指南》的研究,朱首伦,广州中医药大学,2016-11-01,//cdmd.cnki.com.cn/Article/CDMD-10572-1017056238.htm
综合分析组学数据以构建植物基因结构注释与功能解析平台,易欣,中国农业大学,2016-06-01,//cdmd.cnki.com.cn/Article/CDMD-10019-1016085359.htm
大规模复杂数据聚类算法研究,赵兴旺,山西大学,2019-06-01,//cdmd.cnki.com.cn/Article/CDMD-10108-1019245920.htm
复杂数据的变量选择与预测方法研究,车金星,西安电子科技大学,2019-06-01,//cdmd.cnki.com.cn/Article/CDMD-10701-1020001620.htm
共享单车行业的竞争、乱象与政府规制,江南,江西财经大学,2019-12-01,//cdmd.cnki.com.cn/Article/CDMD-10421-1020020653.htm
基于非易失存储的高能效混合主存关键技术研究,蔡晓军,山东大学,2016-11-15,//cdmd.cnki.com.cn/Article/CDMD-10422-1017005434.htm
图上信号的降维与重建方法研究,刘鹏飞,清华大学,2015-12-01,//cdmd.cnki.com.cn/Article/CDMD-10003-1017800363.htm
基于压缩感知的雷达高分辨成像技术研究,李民,哈尔滨工业大学,2014-10-01,//cdmd.cnki.com.cn/Article/CDMD-10213-1015957499.htm
领域UGC文本中话题-特征关系抽取及应用研究,徐华林,电子科技大学,2016-04-28,//cdmd.cnki.com.cn/Article/CDMD-10614-1016176874.htm
基于网络化数据分析的社会计算关键问题研究,张峰,北京邮电大学,2014-04-25,//cdmd.cnki.com.cn/Article/CDMD-10013-1015527327.htm
Ad Hoc网络多径路由协议相关技术研究,董萍,南京理工大学,2013-10-01,//cdmd.cnki.com.cn/Article/CDMD-10288-1015560434.htm
企业集团数据仓库系统关键技术研究,宋旭东,大连理工大学,2010-05-31,//cdmd.cnki.com.cn/Article/CDMD-10141-2010111421.htm
基于数据驱动鲁棒优化的电力系统多源协调优化调度研究,侯文庭,广西大学,2019-05-01,//cdmd.cnki.com.cn/Article/CDMD-10593-1019215296.htm
基于数据挖掘技术的智慧民生网络体系构建研究,夏传信,对外经济贸易大学,2018-05-01,//cdmd.cnki.com.cn/Article/CDMD-10036-1018300795.htm
纪录影像与满族非物质文化遗产传播研究,崔莹,吉林大学,2019-06-01,//cdmd.cnki.com.cn/Article/CDMD-10183-1019139485.htm
面向空间数据分布特征的自适应地图可视化,柯舒,武汉大学,2016-10-01,//cdmd.cnki.com.cn/Article/CDMD-10486-1017008827.htm
基于分布式编码的图像无损编码方法研究,张金雷,中国科学技术大学,2015-05-01,//cdmd.cnki.com.cn/Article/CDMD-10358-1015616017.htm
上下文感知推荐系统关键问题研究,高全力,西北大学,2017-06-01,//cdmd.cnki.com.cn/Article/CDMD-10697-1017270079.htm
基于压缩感知的通信信号识别技术研究,谢李晋,电子科技大学,2018-03-15,//cdmd.cnki.com.cn/Article/CDMD-10614-1018974889.htm
基于智能手机的多参数监测技术及地震应急响应研究,韩瑞聪,大连理工大学,2018-03-13,//cdmd.cnki.com.cn/Article/CDMD-10141-1018045527.htm
耦合的支持向量学习方法及应用研究,史荧中,江南大学,2016-04-01,//cdmd.cnki.com.cn/Article/CDMD-10295-1016261179.htm
数据驱动的城市路网结构与功能特性关联分析,王世广,吉林大学,2019-11-30,//cdmd.cnki.com.cn/Article/CDMD-10183-1020010954.htm
同态加密关键技术研究,杨竞,电子科技大学,2019-04-12,//cdmd.cnki.com.cn/Article/CDMD-10614-1019851440.htm
城市轨道交通系统突发客流的分析与预测预警研究,王海洋,上海交通大学,2019-08-19,//cdmd.cnki.com.cn/Article/CDMD-10248-1020727926.htm
基于空间句法的多尺度城市空间网络形态研究,杨滔,清华大学,2017-11-01,//cdmd.cnki.com.cn/Article/CDMD-10003-1019805854.htm
人口老龄化背景下中国职工基本医疗保险制度优化研究,林森,东北财经大学,2017-06-01,//cdmd.cnki.com.cn/Article/CDMD-10173-1018067650.htm
基于系统发育基因组学分析解决困难进化问题的策略研究,陈梦云,中山大学,2017-05-17,//cdmd.cnki.com.cn/Article/CDMD-10558-1017852536.htm
面向网络金融知识服务的模型与方法研究,黄冬,哈尔滨工业大学,2015-03-01,//cdmd.cnki.com.cn/Article/CDMD-10213-1015957278.htm
基于Morse理论的三角网格特征提取及简化研究,张春亢,中国矿业大学(北京),2015-10-22,//cdmd.cnki.com.cn/Article/CDMD-11413-1016062794.htm
基于时空上下文的移动对象位置预测与推荐方法研究,刘春阳,中国矿业大学,2020-04-14,//cdmd.cnki.com.cn/Article/CDMD-10290-1020962657.htm
我国互联网金融投资者投资行为和认知偏差的实证研究,陈娟娟,湖南大学,2018-05-02,//cdmd.cnki.com.cn/Article/CDMD-10532-1018114959.htm
基于高通量RNA-seq数据转录组拼接的算法研究,柳军涛,山东大学,2017-05-10,//cdmd.cnki.com.cn/Article/CDMD-10422-1017062905.htm
混沌动力系统参数辨识及其在保密通信中的应用研究,孙绯,北京邮电大学,2014-06-10,//cdmd.cnki.com.cn/Article/CDMD-10013-1015527337.htm
面向集群部署的微服务架构数控系统研究,刘建康,哈尔滨工业大学,2020-04-01,//cdmd.cnki.com.cn/Article/CDMD-10213-1020401413.htm
预训练深度学习架构下的语义地址匹配与语义空间融合模型研究,徐流畅,浙江大学,2020-06-10,//cdmd.cnki.com.cn/Article/CDMD-10335-1020413407.htm
InsectBase平台构建及两种昆虫的基因组数据分析,尹传林,浙江大学,2019-06-01,//cdmd.cnki.com.cn/Article/CDMD-10335-1019192041.htm
网络舆情的情感语义空间构建及情感语义强度测度研究,李吉,吉林大学,2018-12-01,//cdmd.cnki.com.cn/Article/CDMD-10183-1019005908.htm
开放政府数据背景下航运关联数据的构建与应用研究,梁艺多,大连海事大学,2018-05-01,//cdmd.cnki.com.cn/Article/CDMD-10151-1018269189.htm
互联网平台中的信息提供机制与产品质量问题研究,刘重阳,山东大学,2019-05-31,//cdmd.cnki.com.cn/Article/CDMD-10422-1019043137.htm
基于多元回归数学模型云计算定量分析植物调和油配比的研究,杨虹,上海海洋大学,2017-05-20,//cdmd.cnki.com.cn/Article/CDMD-10264-1017854151.htm
线性光学量子计算研究,黄合良,战略支援部队信息工程大学,2018-04-20,//cdmd.cnki.com.cn/Article/CDMD-91037-1018841752.htm
虚拟中国人动态基因组数据库,凌鋆超,中国科学院北京基因组研究所,2014-04-01,//cdmd.cnki.com.cn/Article/CDMD-80167-1015560082.htm
大水金矿集区成矿规律与成矿预测数值模型研究,王新华,中国地质大学(北京),2020-06-01,//cdmd.cnki.com.cn/Article/CDMD-11415-1020035795.htm
基于深度生成网络的特征学习方法,杜川,西安电子科技大学,2019-04-01,//cdmd.cnki.com.cn/Article/CDMD-10701-1020001614.htm
铁路信号设备智能运维综合管理平台研究,杨洪权,兰州交通大学,2018-10-01,//cdmd.cnki.com.cn/Article/CDMD-10732-1019213322.htm
关于公钥可搜索加密协议的设计与安全性分析研究,朱斌瑞,山东大学,2020-05-30,//cdmd.cnki.com.cn/Article/CDMD-10422-1020062345.htm
企业会计信息真实性评估模型研究,郑济孝,中国财政科学研究院,2017-07-28,//cdmd.cnki.com.cn/Article/CDMD-81601-1018162886.htm
流空间视角下人力资本促进创新的机制研究,李伟,北京交通大学,2020-09-20,//cdmd.cnki.com.cn/Article/CDMD-10004-1020444478.htm
跨平台芯片数据整合分析挖掘胃癌潜在关键基因构建预后评估模型及其生物学功能研究,王俊,中国医科大学,2019-03-01,//cdmd.cnki.com.cn/Article/CDMD-10159-1019891747.htm
稀疏分数傅里叶变换理论及其在探测中的应用,刘升恒,北京理工大学,2016-12-01,//cdmd.cnki.com.cn/Article/CDMD-10007-1018811862.htm
云数据中心软件节能关键技术的研究,周景才,武汉大学,2016-05-01,//cdmd.cnki.com.cn/Article/CDMD-10486-1016131913.htm
基于激励—规制理论的医疗质量监管模式研究,胡瑞荣,华中科技大学,2016-05-01,//cdmd.cnki.com.cn/Article/CDMD-10487-1016088948.htm
基于块截断编码和矢量量化的数字图像数据隐藏算法研究,赵东宁,深圳大学,2015-11-27,//cdmd.cnki.com.cn/Article/CDMD-10590-1016002945.htm
基于极限学习机的聚变堆结构材料力学性能预测方法及其应用研究,沈龙凤,中国科学技术大学,2016-05-01,//cdmd.cnki.com.cn/Article/CDMD-10358-1016107352.htm
数据挖掘可视化模型及其应用研究,胡俊,北京交通大学,2009-12-01,//cdmd.cnki.com.cn/Article/CDMD-10004-2010040773.htm
互联网对市民社会的影响研究,钟超,中共中央党校,2018-06-01,//cdmd.cnki.com.cn/Article/CDMD-80000-1019008587.htm
基于手机记录数据的城市空间感知及应用研究,吴礼华,武汉大学,2016-11-01,//cdmd.cnki.com.cn/Article/CDMD-10486-1017009875.htm
高维数据下的几类因果推断算法研究,麦桂珍,广东工业大学,2018-06-01,//cdmd.cnki.com.cn/Article/CDMD-11845-1018193434.htm
内存计算环境下存储层容错和优化策略研究,英昌甜,新疆大学,2017-05-26,//cdmd.cnki.com.cn/Article/CDMD-10755-1017713309.htm
基于目标函数优化的复杂网络社区结构发现,刘旭,国防科学技术大学,2012-12-09,//cdmd.cnki.com.cn/Article/CDMD-90002-1014047913.htm
网络流量的离线分析,林平,北京邮电大学,2010-05-12,//cdmd.cnki.com.cn/Article/CDMD-10013-2010222278.htm
基于一维SOM神经网络的聚类及数据分析方法研究,于鷃,天津大学,2009-07-01,//cdmd.cnki.com.cn/Article/CDMD-10056-2010090108.htm
面向大数据的网络威胁情报可信感知关键技术研究,高雅丽,北京邮电大学,2020-06-15,//cdmd.cnki.com.cn/Article/CDMD-10013-1020162539.htm
基于元数据模型的地质资料编目与互联互查平台设计与实现,吴轩,中国地质大学(北京),2018-05-01,//cdmd.cnki.com.cn/Article/CDMD-11415-1018069624.htm
基于观测数据的线性结构因果模型估计,费妮娜,西安电子科技大学,2019-06-01,//cdmd.cnki.com.cn/Article/CDMD-10701-1020000366.htm
信号理论与共享经济,姚斌,辽宁大学,2019-12-01,//cdmd.cnki.com.cn/Article/CDMD-10140-1020071612.htm
上海市杨浦区1974-2014年恶性肿瘤死亡趋势分析及预测研究,李密,中国人民解放军海军军医大学,2018-11-01,//cdmd.cnki.com.cn/Article/CDMD-91020-1018311903.htm
异质偏好下的大群体决策行为与共识研究,晁祥瑞,电子科技大学,2017-10-23,//cdmd.cnki.com.cn/Article/CDMD-10614-1018055077.htm
有监督的相似性度量学习研究与应用,邹朋成,南京航空航天大学,2016-06-01,//cdmd.cnki.com.cn/Article/CDMD-10287-1017836487.htm
可生存光纤—无线融合宽带接入网中保护机制研究,刘业君,东北大学,2014-11-01,//cdmd.cnki.com.cn/Article/CDMD-10145-1016009163.htm
