PaperName,Author,FromSchool,Time,Url
滑模变结构的智能控制理论与应用研究,张昌凡,湖南大学,2001-07-01,//cdmd.cnki.com.cn/Article/CDMD-10532-2001015043.htm
近红外光谱技术在药品检测中的应用研究,白英奎,吉林大学,2005-06-11,//cdmd.cnki.com.cn/Article/CDMD-10183-2005107388.htm
人民币汇率预测和风险管理研究,罗士勋,吉林大学,2005-04-01,//cdmd.cnki.com.cn/Article/CDMD-10183-2005107319.htm
基于神经网络技术的结构可靠性分析与优化设计,张雷,吉林大学,2004-06-30,//cdmd.cnki.com.cn/Article/CDMD-10183-2004100022.htm
多传感器图象信息融合方法与应用研究,李树涛,湖南大学,2001-03-01,//cdmd.cnki.com.cn/Article/CDMD-10532-2001008350.htm
基于人工神经网络方法的锦屏一级水电站枢纽区高边坡稳定性分区研究,徐佩华,吉林大学,2006-04-24,//cdmd.cnki.com.cn/Article/CDMD-10183-2006109731.htm
结构有限元分析神经网络计算研究,李海滨,大连理工大学,2003-05-01,//cdmd.cnki.com.cn/Article/CDMD-10141-2003110462.htm
基于神经网络的无线通信算法研究,李素芳,山东大学,2015-04-25,//cdmd.cnki.com.cn/Article/CDMD-10422-1015368831.htm
工程车辆节能换挡规律智能控制方法研究,陈宁,吉林大学,2005-09-01,//cdmd.cnki.com.cn/Article/CDMD-10183-2006013726.htm
基于优化算法的径向基神经网络模型的改进及应用,卢金娜,中北大学,2015-04-12,//cdmd.cnki.com.cn/Article/CDMD-10110-1015584651.htm
基于神经网络的混合非线性电阻率反演成像,江沸菠,中南大学,2014-05-01,//cdmd.cnki.com.cn/Article/CDMD-10533-1014403379.htm
基于卷积神经网络的地震数据重构与模型构建研究,毛博,吉林大学,2020-06-01,//cdmd.cnki.com.cn/Article/CDMD-10183-1020754815.htm
忆阻神经网络的同步控制及在信息安全中的应用研究,陈川,北京邮电大学,2019-06-10,//cdmd.cnki.com.cn/Article/CDMD-10013-1019044421.htm
计算智能在机械设备故障诊断中的应用研究,冯志鹏,大连理工大学,2003-05-01,//cdmd.cnki.com.cn/Article/CDMD-10141-2003110447.htm
模块化神经网络结构自组织设计方法,张昭昭,北京工业大学,2013-01-01,//cdmd.cnki.com.cn/Article/CDMD-10005-1013020207.htm
基于现代信号分析和神经网络的滚动轴承智能诊断技术研究,陆爽,吉林大学,2004-11-01,//cdmd.cnki.com.cn/Article/CDMD-10183-2005013355.htm
BP神经网络的理论及其在农业机械化中的应用研究,王吉权,沈阳农业大学,2011-05-06,//cdmd.cnki.com.cn/Article/CDMD-10157-1012302301.htm
小波过程神经网络相关理论及其应用研究,李洋,哈尔滨工业大学,2008-09-01,//cdmd.cnki.com.cn/Article/CDMD-10213-2009223963.htm
基于忆阻的时滞递归神经网络的动力学分析与同步控制,张国东,华中科技大学,2014-05-01,//cdmd.cnki.com.cn/Article/CDMD-10487-1014268614.htm
人工神经网络的泛化性能与降水预报的应用研究,林开平,南京信息工程大学,2007-05-01,//cdmd.cnki.com.cn/Article/CDMD-10300-2007127467.htm
神经网络集成分类方法及其在并行计算环境中的应用研究,王征宇,华南理工大学,2015-06-12,//cdmd.cnki.com.cn/Article/CDMD-10561-1016706616.htm
时滞递归神经网络稳定性分析及网络化同步控制,张益军,东华大学,2008-04-01,//cdmd.cnki.com.cn/Article/CDMD-10255-2009109928.htm
基于深度神经网络的语音识别模型研究,张仕良,中国科学技术大学,2017-06-01,//cdmd.cnki.com.cn/Article/CDMD-10358-1017065338.htm
时滞切换系统的动力学及其在忆阻神经网络中的应用,李宁,东南大学,2015-05-01,//cdmd.cnki.com.cn/Article/CDMD-10286-1016755915.htm
基于BP和RBF神经网络的木材缺陷检测研究,牟洪波,东北林业大学,2010-03-01,//cdmd.cnki.com.cn/Article/CDMD-10225-2010242141.htm
土地利用规划人工神经网络模型构建及应用研究,汤江龙,南京农业大学,2006-12-01,//cdmd.cnki.com.cn/Article/CDMD-10307-2007125679.htm
神经网络硬化实现的共性技术在电力传动中应用研究,汪木兰,合肥工业大学,2010-11-01,//cdmd.cnki.com.cn/Article/CDMD-10359-1011033736.htm
两类新型神经网络及其在非线性系统控制中的应用,姚赛,东北石油大学,2015-08-07,//cdmd.cnki.com.cn/Article/CDMD-10220-1016280146.htm
基于机器学习的测井曲线补全与生成研究,陈云天,北京大学,2019-11-01,//cdmd.cnki.com.cn/Article/CDMD-10001-1020606242.htm
基于深度神经网络的文本表示及其应用,户保田,哈尔滨工业大学,2016-06-01,//cdmd.cnki.com.cn/Article/CDMD-10213-1016739840.htm
智能神经网络的机器人控制理论方法研究,孙炜,湖南大学,2002-10-20,//cdmd.cnki.com.cn/Article/CDMD-10532-2003080734.htm
选择性神经网络集成算法研究,傅强,浙江大学,2007-09-01,//cdmd.cnki.com.cn/Article/CDMD-10335-2008091453.htm
基于优化机器学习算法的模拟电路故障诊断研究,李晴,湖南大学,2013-06-03,//cdmd.cnki.com.cn/Article/CDMD-10532-1014233571.htm
神经网络及其在控制中的应用研究,杨旭华,浙江大学,2004-05-01,//cdmd.cnki.com.cn/Article/CDMD-10335-2004075827.htm
基于李雅普诺夫方法的分数阶神经网络动力学分析及控制,张硕,北京交通大学,2017-06-01,//cdmd.cnki.com.cn/Article/CDMD-10004-1017090381.htm
具有广义分段线性激活函数的递归神经网络的多稳定性分析,黄玉娇,东北大学,2014-03-01,//cdmd.cnki.com.cn/Article/CDMD-10145-1016011449.htm
基于正交基神经网络的结构可靠性分析,沙丽荣,吉林大学,2011-06-01,//cdmd.cnki.com.cn/Article/CDMD-10183-1011098789.htm
模拟电路故障诊断的神经网络方法及其应用,祝文姬,湖南大学,2011-03-03,//cdmd.cnki.com.cn/Article/CDMD-10532-1012328810.htm
基于神经网络的多模型自适应控制方法研究,贾超,北京科技大学,2017-05-20,//cdmd.cnki.com.cn/Article/CDMD-10008-1017132188.htm
基于极限学习的系统辨识方法及应用研究,杨易旻,湖南大学,2013-04-10,//cdmd.cnki.com.cn/Article/CDMD-10532-1013347909.htm
基于计算智能的若干优化问题研究,葛宏伟,吉林大学,2006-04-01,//cdmd.cnki.com.cn/Article/CDMD-10183-2006094292.htm
基于深度神经网络的回归模型及其应用研究,包姣,电子科技大学,2017-05-11,//cdmd.cnki.com.cn/Article/CDMD-10614-1017066291.htm
忆阻时滞神经网络的同步控制及应用研究,秦小立,北京邮电大学,2020-05-22,//cdmd.cnki.com.cn/Article/CDMD-10013-1020162522.htm
小波神经网络若干关键问题研究,侯霞,南京航空航天大学,2006-06-01,//cdmd.cnki.com.cn/Article/CDMD-10287-2007193971.htm
随机回归神经网络的动力学行为研究,朱松,华中科技大学,2010-11-01,//cdmd.cnki.com.cn/Article/CDMD-10487-1011035947.htm
基于深度神经网络的纱线质量预测模型研究,胡臻龙,东华大学,2020-08-01,//cdmd.cnki.com.cn/Article/CDMD-10255-1020432235.htm
基于卷积神经网络的图像分类研究,冉令燕,西北工业大学,2018-05-01,//cdmd.cnki.com.cn/Article/CDMD-10699-1020706671.htm
基于图论分析的生物活性功能脑网络研究,韩尧,中国人民解放军军事医学科学院,2017-05-27,//cdmd.cnki.com.cn/Article/CDMD-90106-1017230429.htm
时滞分数阶Hopfield神经网络的动力学分析,王虎,北京交通大学,2015-06-01,//cdmd.cnki.com.cn/Article/CDMD-10004-1015611856.htm
基于卷积神经网络的心电信号检测和分类研究,项延德,浙江大学,2018-06-01,//cdmd.cnki.com.cn/Article/CDMD-10335-1018122562.htm
基于小波神经网络的模拟电路故障诊断方法研究,金瑜,电子科技大学,2008-01-04,//cdmd.cnki.com.cn/Article/CDMD-10614-2008123888.htm
基于粗糙集的粒度神经网络研究,许新征,中国矿业大学,2012-05-01,//cdmd.cnki.com.cn/Article/CDMD-10290-1012032590.htm
基于神经网络的建筑电气节能关键问题研究,郭晓岩,东北大学,2015-03-01,//cdmd.cnki.com.cn/Article/CDMD-10145-1016011940.htm
基于神经网络的句法分析研究,周浩,南京大学,2017-05-01,//cdmd.cnki.com.cn/Article/CDMD-10284-1017095412.htm
基于忆阻器的分数阶神经网络的控制研究,谷雅娟,北京交通大学,2020-06-01,//cdmd.cnki.com.cn/Article/CDMD-10004-1020444634.htm
多声道超声波流量计算与流场剖面识别智能算法,秦龙辉,浙江大学,2016-10-08,//cdmd.cnki.com.cn/Article/CDMD-10335-1017047151.htm
时滞神经网络的不连续控制和同步,张伟,重庆大学,2015-10-01,//cdmd.cnki.com.cn/Article/CDMD-10611-1016704660.htm
右端非连续神经网络的动力学分析,肖剑,华中科技大学,2014-05-01,//cdmd.cnki.com.cn/Article/CDMD-10487-1014268609.htm
K-均值算法与自组织神经网络算法的改进研究及应用,王晓燕,中北大学,2017-06-05,//cdmd.cnki.com.cn/Article/CDMD-10110-1017202042.htm
基于云计算的神经网络并行实现及其学习方法研究,张海军,华南理工大学,2015-06-20,//cdmd.cnki.com.cn/Article/CDMD-10561-1016706683.htm
基于动态模型的神经网络稳定性研究,尹丽子,山东师范大学,2011-12-12,//cdmd.cnki.com.cn/Article/CDMD-10445-1012254746.htm
神经网络模型在预测急性心肌梗死中的应用及模型预测能力的比较研究,郭晋,北京协和医学院,2013-04-10,//cdmd.cnki.com.cn/Article/CDMD-10023-1013311927.htm
端到端神经网络机器翻译技术研究,李真,战略支援部队信息工程大学,2020-04-15,//cdmd.cnki.com.cn/Article/CDMD-91037-1020764342.htm
模糊神经网络学习算法及收敛性研究,李龙,大连理工大学,2009-10-01,//cdmd.cnki.com.cn/Article/CDMD-10141-2010111406.htm
基于鞅论的随机神经网络稳定性分析与适应同步研究,高燕,东华大学,2013-03-01,//cdmd.cnki.com.cn/Article/CDMD-10255-1014139821.htm
计算机味觉信号识别的研究,黄艳新,吉林大学,2004-10-01,//cdmd.cnki.com.cn/Article/CDMD-10183-2005013365.htm
人工智能方法在大地测量坐标转换中的应用研究,Yao Yevenyo Ziggah,中国地质大学,2017-05-01,//cdmd.cnki.com.cn/Article/CDMD-10491-1017740289.htm
基于卷积神经网络的硬件加速器设计及实现研究,赵博雅,哈尔滨工业大学,2018-12-01,//cdmd.cnki.com.cn/Article/CDMD-10213-1019645605.htm
基于机器学习的交通状态判别与预测方法,魏丹,吉林大学,2020-05-01,//cdmd.cnki.com.cn/Article/CDMD-10183-1020754210.htm
基于深度学习的运动目标检测与跟踪研究,周祥增,西北工业大学,2016-03-01,//cdmd.cnki.com.cn/Article/CDMD-10699-1018811419.htm
基于人工神经网络模型的区域纵向紧密型医疗联合体绩效评估研究,龙俊睿,中国人民解放军海军军医大学,2018-05-01,//cdmd.cnki.com.cn/Article/CDMD-91020-1018084021.htm
基于遗传算法、小波与神经网络的模拟电路故障诊断方法,刘美容,湖南大学,2009-04-01,//cdmd.cnki.com.cn/Article/CDMD-10532-2009160216.htm
GABOR小波神经网络算法及其在灰度图象目标识别中的应用研究,许廷发,中国科学院研究生院（长春光学精密机械与物理研究所）,2003-10-01,//cdmd.cnki.com.cn/Article/CDMD-80139-2004044285.htm
基于（多）小波（包）、神经网络及优化的模拟电路故障诊断研究,谢涛,湖南大学,2011-04-01,//cdmd.cnki.com.cn/Article/CDMD-10532-1012482986.htm
通信信道建模的神经网络优化技术研究,马永涛,天津大学,2009-05-01,//cdmd.cnki.com.cn/Article/CDMD-10056-2010090289.htm
两类脉冲时滞微分系统和神经网络的稳定性,王华敏,西南大学,2016-04-10,//cdmd.cnki.com.cn/Article/CDMD-10635-1016909035.htm
基于惯性项和四元数的神经网络的动力学行为分析,涂正文,东南大学,2018-06-01,//cdmd.cnki.com.cn/Article/CDMD-10286-1019650241.htm
几类递归神经网络的稳定性及其应用研究,张锐,东北大学,2009-11-01,//cdmd.cnki.com.cn/Article/CDMD-10145-1012300488.htm
模拟电路故障诊断优化理论与方法的研究,方葛丰,湖南大学,2013-10-16,//cdmd.cnki.com.cn/Article/CDMD-10532-1014237792.htm
带Lévy噪声的神经网络稳定性分析与同步控制,杨峻,东华大学,2015-03-01,//cdmd.cnki.com.cn/Article/CDMD-10255-1015041799.htm
基于神经网络的入侵检测相关技术研究,谢康,山东大学,2016-04-25,//cdmd.cnki.com.cn/Article/CDMD-10422-1016164816.htm
地理时空神经网络加权回归理论与方法研究,吴森森,浙江大学,2018-06-10,//cdmd.cnki.com.cn/Article/CDMD-10335-1018176476.htm
基于深度卷积神经网络的光学遥感目标检测技术研究,丁鹏,中国科学院大学(中国科学院长春光学精密机械与物理研究所),2019-06-01,//cdmd.cnki.com.cn/Article/CDMD-80139-1019042146.htm
基于序列构造神经网络的多维数据分析研究,王仁武,东华大学,2007-11-01,//cdmd.cnki.com.cn/Article/CDMD-10255-2008045452.htm
量子计算在动态递归与自组织神经网络中的机理及应用研究,李鹏华,重庆大学,2012-10-01,//cdmd.cnki.com.cn/Article/CDMD-10611-1013007934.htm
神经网络优化方法及其在组合导航中的应用研究,杨一,西北工业大学,2016-03-01,//cdmd.cnki.com.cn/Article/CDMD-10699-1017819044.htm
基于神经计算的变分不等式优化求解方法研究,黄博南,东北大学,2013-09-01,//cdmd.cnki.com.cn/Article/CDMD-10145-1016011390.htm
经济模型的构建与预测方法的研究,余伟,华南理工大学,2012-09-01,//cdmd.cnki.com.cn/Article/CDMD-10561-1013320506.htm
直流电法地电模型参数辨识的非线性方法研究,高明亮,吉林大学,2016-12-01,//cdmd.cnki.com.cn/Article/CDMD-10183-1017011823.htm
基于非单调激励函数的递归神经网络的多稳定性分析,刘鹏,华中科技大学,2017-05-01,//cdmd.cnki.com.cn/Article/CDMD-10487-1017144708.htm
神经网络中的若干问题研究,吕建成,电子科技大学,2006-09-01,//cdmd.cnki.com.cn/Article/CDMD-10614-2007051035.htm
基于动态时滞区间方法的具有时变时滞的随机神经网络稳定性分析,单麒赫,东北大学,2017-04-01,//cdmd.cnki.com.cn/Article/CDMD-10145-1019030889.htm
基于补偿模糊神经网络的遥感图像信息提取,饶萍,西南大学,2017-09-22,//cdmd.cnki.com.cn/Article/CDMD-10635-1018807209.htm
马尾松人工林生长的人工神经网络模型研究,黄家荣,北京林业大学,2004-11-01,//cdmd.cnki.com.cn/Article/CDMD-10022-2005076772.htm
自组织神经网络在信息处理中的应用研究,谭秀辉,中北大学,2015-11-25,//cdmd.cnki.com.cn/Article/CDMD-10110-1016008915.htm
基于深度学习的图像分类,孙炜晨,北京邮电大学,2016-10-01,//cdmd.cnki.com.cn/Article/CDMD-10013-1017289472.htm
进化计算优化前向神经网络的学习方法研究,季伟东,东北林业大学,2013-03-01,//cdmd.cnki.com.cn/Article/CDMD-10225-1013359208.htm
复杂网络的若干同步控制问题研究及其应用,赵慧,北京邮电大学,2017-04-20,//cdmd.cnki.com.cn/Article/CDMD-10013-1017293618.htm
时滞神经网络的稳定性与同步研究,高明,江南大学,2009-06-01,//cdmd.cnki.com.cn/Article/CDMD-10295-2009250285.htm
几类随机非线性系统的自适应神经网络控制,王焕清,青岛大学,2013-04-18,//cdmd.cnki.com.cn/Article/CDMD-11065-1013228732.htm
定性资料处理技术的应用研究,刘洪,吉林大学,2005-03-01,//cdmd.cnki.com.cn/Article/CDMD-10183-2005107113.htm
智能仿生鼻及其应用研究,石志标,吉林大学,2004-05-01,//cdmd.cnki.com.cn/Article/CDMD-10183-2004100161.htm
基于部件神经网络模型的制冷系统混合仿真方法及应用,赵灵晓,上海交通大学,2010-02-01,//cdmd.cnki.com.cn/Article/CDMD-10248-2010113565.htm
非线性随机系统自适应神经网络控制,李子富,大连海事大学,2015-08-01,//cdmd.cnki.com.cn/Article/CDMD-10151-1016052680.htm
基于小波和迟滞的混沌神经网络及其应用,孙明,哈尔滨工程大学,2010-05-01,//cdmd.cnki.com.cn/Article/CDMD-10217-1011020363.htm
分数阶脉冲和四元数值神经网络的稳定性和同步性,杨绪君,西南大学,2018-03-26,//cdmd.cnki.com.cn/Article/CDMD-10635-1018859770.htm
三轴受压混凝土损伤特性理论与试验研究,逯静洲,大连理工大学,2001-08-01,//cdmd.cnki.com.cn/Article/CDMD-10141-2002112533.htm
基于计算机视觉的人工神经网络和图像处理技术的牛肉大理石花纹自动分级研究,艾虎,四川农业大学,2009-06-08,//cdmd.cnki.com.cn/Article/CDMD-10626-2009258895.htm
数控机床误差测量、建模及网络群控实时补偿系统研究,张毅,上海交通大学,2013-01-01,//cdmd.cnki.com.cn/Article/CDMD-10248-1014008470.htm
多模块自组织神经网络设计及其在污水检测中的应用研究,卢超,北京工业大学,2018-06-01,//cdmd.cnki.com.cn/Article/CDMD-10005-1019700184.htm
深度卷积神经网络中反馈机制的计算建模及应用研究,曹春水,中国科学技术大学,2018-05-01,//cdmd.cnki.com.cn/Article/CDMD-10358-1018088275.htm
基于非平稳振动信号的综放工作面垮落煤岩识别方法研究,李一鸣,中国矿业大学(北京),2018-03-28,//cdmd.cnki.com.cn/Article/CDMD-11413-1018097044.htm
深度神经网络的训练优化方法研究,袁群勇,华南理工大学,2020-06-16,//cdmd.cnki.com.cn/Article/CDMD-10561-1020334163.htm
递归神经网络的稳定性和无源性分析,朱进,东北大学,2010-01-01,//cdmd.cnki.com.cn/Article/CDMD-10145-1013117080.htm
动态跟踪模糊神经网络控制系统的研究,徐开俊,西南交通大学,2010-05-01,//cdmd.cnki.com.cn/Article/CDMD-10613-1011234249.htm
基于深度卷积神经网络MSCT对小肾肿瘤病理分型的预测研究,李骁,中国人民解放军海军军医大学,2018-05-01,//cdmd.cnki.com.cn/Article/CDMD-91020-1018083989.htm
时滞递归神经网络的稳定性与同步控制研究,盛银,华中科技大学,2018-05-01,//cdmd.cnki.com.cn/Article/CDMD-10487-1018180736.htm
基于深度学习的人体行为识别方法研究,余胜,厦门大学,2018-04-01,//cdmd.cnki.com.cn/Article/CDMD-10384-1018194660.htm
基于机器学习方法的人脸表情识别研究,Ongalo Phoebe Nasimiyu Fedha,中南大学,2014-06-03,//cdmd.cnki.com.cn/Article/CDMD-10533-1014404112.htm
曲线拟合和径向基函数神经网络方法定量解析分子荧光光谱及其分析应用研究,夏祥华,河北大学,2013-06-01,//cdmd.cnki.com.cn/Article/CDMD-10075-1013032486.htm
忆阻神经网络的动力学研究,付钱华,电子科技大学,2019-03-07,//cdmd.cnki.com.cn/Article/CDMD-10614-1019851863.htm
多轴运动下的轮廓跟踪误差控制与补偿方法研究,肖本贤,合肥工业大学,2004-08-01,//cdmd.cnki.com.cn/Article/CDMD-10359-2005011900.htm
数据融合的神经计算方法,蔺杰,浙江大学,2005-03-01,//cdmd.cnki.com.cn/Article/CDMD-10335-2005042321.htm
神经网络技术在大气激光信道反演分析及信道编码译码中的应用研究,肖伟,武汉大学,2018-05-01,//cdmd.cnki.com.cn/Article/CDMD-10486-1018199092.htm
基于神经网络的非线性系统辨识方法研究,李鸿鹏,东北林业大学,2018-04-01,//cdmd.cnki.com.cn/Article/CDMD-10225-1018248223.htm
信息受限下神经网络的状态估计和拟同步研究,饶红霞,广东工业大学,2019-06-01,//cdmd.cnki.com.cn/Article/CDMD-11845-1019058376.htm
小波神经网络研究及其在PID控制器参数整定中的应用,杜雪,哈尔滨工程大学,2016-01-01,//cdmd.cnki.com.cn/Article/CDMD-10217-1018044393.htm
红景天苷缓释微囊技术及其优化研究,赵武奇,吉林大学,2004-03-30,//cdmd.cnki.com.cn/Article/CDMD-10183-2004100222.htm
连续型Hopfield神经网络的稳定性和同步性分析,张欣欣,燕山大学,2020-06-01,//cdmd.cnki.com.cn/Article/CDMD-10216-1020343298.htm
电厂冷凝器清洗机器人的神经网络控制理论研究,伍锡如,湖南大学,2011-12-12,//cdmd.cnki.com.cn/Article/CDMD-10532-1012483240.htm
摄像机标定方法及边缘检测和轮廓跟踪算法研究,袁野,大连理工大学,2002-03-01,//cdmd.cnki.com.cn/Article/CDMD-10141-2002112489.htm
几类神经网络的分析与优化及其应用研究,张莉,西安电子科技大学,2012-01-01,//cdmd.cnki.com.cn/Article/CDMD-10701-1013114497.htm
外圆纵向智能磨削研究,丁宁,吉林大学,2004-05-01,//cdmd.cnki.com.cn/Article/CDMD-10183-2004100024.htm
体外冲击波治疗上尿路结石的疗效预测：人工神经网络和Logistic回归模型的建立与比较,张鹏,南方医科大学,2012-03-20,//cdmd.cnki.com.cn/Article/CDMD-90023-1013123872.htm
旋转机械故障诊断量子神经计算技术研究,陈平,重庆大学,2007-09-01,//cdmd.cnki.com.cn/Article/CDMD-10611-2008042690.htm
基于卷积神经网络的目标检测若干问题研究,李旭冬,电子科技大学,2017-09-26,//cdmd.cnki.com.cn/Article/CDMD-10614-1018055108.htm
混沌神经网络及模糊混沌神经网络的研究与应用,郑丽颖,哈尔滨工程大学,2002-09-01,//cdmd.cnki.com.cn/Article/CDMD-10217-2003114008.htm
有限精度权值神经网络优化的研究与应用,包健,华东理工大学,2009-12-06,//cdmd.cnki.com.cn/Article/CDMD-10251-1011051469.htm
中立型随机微分系统稳定性分析与同步控制,孙雨晴,东华大学,2020-03-01,//cdmd.cnki.com.cn/Article/CDMD-10255-1020757433.htm
混沌神经网络研究及应用,徐耀群,哈尔滨工程大学,2002-05-01,//cdmd.cnki.com.cn/Article/CDMD-10217-2003032566.htm
微波加热过程热点与热均匀性控制与优化研究,李建硕,重庆大学,2016-12-01,//cdmd.cnki.com.cn/Article/CDMD-10611-1017801848.htm
铝合金点焊工艺设计及质量控制智能化研究,曹海鹏,吉林大学,2005-04-25,//cdmd.cnki.com.cn/Article/CDMD-10183-2005107328.htm
图像复原算法研究,吴亚东,电子科技大学,2006-09-01,//cdmd.cnki.com.cn/Article/CDMD-10614-2007051024.htm
枫杨和湿地松幼苗生理参数的高光谱反演模型研究,李文敏,西北农林科技大学,2014-03-01,//cdmd.cnki.com.cn/Article/CDMD-10712-1014421098.htm
机器翻译上下文表示方法研究,陈科海,哈尔滨工业大学,2018-10-01,//cdmd.cnki.com.cn/Article/CDMD-10213-1019645720.htm
天然气水合物（地球物理属性）的神经网络识别方法及软件开发,吕琳,吉林大学,2011-06-01,//cdmd.cnki.com.cn/Article/CDMD-10183-1011105860.htm
机械手的神经网络稳定自适应控制,孙富春,清华大学,1997-09-01,//cdmd.cnki.com.cn/Article/CDMD-10003-2002051637.htm
时变时滞神经网络稳定性及同步控制研究,熊晶晶,东南大学,2018-05-20,//cdmd.cnki.com.cn/Article/CDMD-10286-1019650300.htm
忆阻神经网络的全电路设计及其应用,洪庆辉,华中科技大学,2019-05-01,//cdmd.cnki.com.cn/Article/CDMD-10487-1020412300.htm
几类神经网络模型的动力学分析,熊佩英,湖南大学,2013-10-10,//cdmd.cnki.com.cn/Article/CDMD-10532-1014237819.htm
大坝安全监控及评价的智能神经网络模型研究,闫滨,大连理工大学,2006-09-01,//cdmd.cnki.com.cn/Article/CDMD-10141-2007207235.htm
模糊控制、神经网络和变结构控制的交叉结合及其应用研究,邱焕耀,华南理工大学,1999-05-01,//cdmd.cnki.com.cn/Article/CDMD-10561-2006148241.htm
灰色系统与神经网络分析方法及其应用研究,姜波,华中科技大学,2004-04-01,//cdmd.cnki.com.cn/Article/CDMD-10487-2005038101.htm
几类不连续神经网络系统稳定性与同步性研究,邱红军,湖南师范大学,2019-11-01,//cdmd.cnki.com.cn/Article/CDMD-10542-1020610213.htm
基于电压阈值测定法的外界因素对神经网络电兴奋性的影响及其相关分子机理研究,安帅,东南大学,2018-11-01,//cdmd.cnki.com.cn/Article/CDMD-10286-1019620147.htm
Pi-Sigma神经网络的几种梯度学习算法,熊焱,大连理工大学,2007-08-01,//cdmd.cnki.com.cn/Article/CDMD-10141-2008035051.htm
基于机器学习的电磁场建模与设计研究,肖理业,电子科技大学,2019-03-06,//cdmd.cnki.com.cn/Article/CDMD-10614-1019851830.htm
忆阻神经网络的混沌性及几类时滞神经网络的同步研究,石艳超,电子科技大学,2014-10-13,//cdmd.cnki.com.cn/Article/CDMD-10614-1015712039.htm
多向联想记忆神经网络理论研究,周铁军,中南大学,2007-05-01,//cdmd.cnki.com.cn/Article/CDMD-10533-2007197933.htm
机器学习在量子物理学中的应用,梁霄,中国科学技术大学,2019-05-28,//cdmd.cnki.com.cn/Article/CDMD-10358-1019057926.htm
神经网络集成及其在地震预报中的应用研究,刘悦,上海大学,2005-08-01,//cdmd.cnki.com.cn/Article/CDMD-11903-2006176074.htm
一类非线性多变量系统的神经网络在线解耦控制,李新利,华北电力大学（北京）,2008-12-01,//cdmd.cnki.com.cn/Article/CDMD-11412-2009106154.htm
终态神经网络及其相关应用,孔颖,浙江工业大学,2017-10-21,//cdmd.cnki.com.cn/Article/CDMD-10337-1018044332.htm
基于蒙特卡洛神经网络算法的不平衡数据分类研究,冯芳,兰州大学,2019-11-01,//cdmd.cnki.com.cn/Article/CDMD-10730-1020603318.htm
具有连续或不连续激活函数的忆阻神经网络的同步控制研究,阿卜杜杰力力·阿卜杜热合曼,新疆大学,2016-05-26,//cdmd.cnki.com.cn/Article/CDMD-10755-1016767978.htm
无传感器永磁同步电动机伺服系统的智能自适应鲁棒控制研究,JON RYONG HO,东北大学,2015-05-01,//cdmd.cnki.com.cn/Article/CDMD-10145-1016009216.htm
忆阻多层神经网络的设计及其应用,张洋,华中科技大学,2017-05-01,//cdmd.cnki.com.cn/Article/CDMD-10487-1017144718.htm
基于深度学习的手语识别技术研究,黄杰,中国科学技术大学,2018-06-02,//cdmd.cnki.com.cn/Article/CDMD-10358-1018095980.htm
基于深度学习的遥感影像变化检测方法研究,王庆,武汉大学,2019-05-01,//cdmd.cnki.com.cn/Article/CDMD-10486-1019607846.htm
深度神经网络的核映射结构和跨连结构研究,张婷,北京工业大学,2018-07-09,//cdmd.cnki.com.cn/Article/CDMD-10005-1019700366.htm
道路交通规划关键指标预测方法研究,倪同和,吉林大学,2011-06-01,//cdmd.cnki.com.cn/Article/CDMD-10183-1011103119.htm
基于两类激励函数的分数阶神经网络的动力学行为研究,丁芝侠,华中科技大学,2017-05-01,//cdmd.cnki.com.cn/Article/CDMD-10487-1017145960.htm
小波神经网络算法及其船舶运动控制应用研究,章文俊,大连海事大学,2014-04-12,//cdmd.cnki.com.cn/Article/CDMD-10151-1014249570.htm
几类神经网络的稳定性理论及应用,欧阳德强,电子科技大学,2020-10-10,//cdmd.cnki.com.cn/Article/CDMD-10614-1021521538.htm
基于模糊神经网络盲均衡算法的研究,张晓琴,太原理工大学,2008-05-01,//cdmd.cnki.com.cn/Article/CDMD-10112-2008134061.htm
无速度传感器感应电机的神经网络鲁棒自适应控制理论研究,陈维,湖南大学,2009-06-01,//cdmd.cnki.com.cn/Article/CDMD-10532-2010237493.htm
基于机器学习构建2型糖尿病并发肾脏病中西医多模态特征融合预测模型,夏庭伟,成都中医药大学,2020-06-01,//cdmd.cnki.com.cn/Article/CDMD-10633-1020417408.htm
糖脂代谢病中医舌象特征研究,林育,广州中医药大学,2019-06-01,//cdmd.cnki.com.cn/Article/CDMD-10572-1019223911.htm
基于神经网络方法的三维力柔性触觉传感器阵列解耦研究,王菲露,中国科学技术大学,2014-09-26,//cdmd.cnki.com.cn/Article/CDMD-10358-1014432181.htm
参数化模糊遗传神经网络及在植物病害预测的应用,熊雪梅,南京农业大学,2004-12-01,//cdmd.cnki.com.cn/Article/CDMD-10307-2005020027.htm
基于智能算法的目标威胁估计,王改革,中国科学院研究生院（长春光学精密机械与物理研究所）,2013-05-01,//cdmd.cnki.com.cn/Article/CDMD-80139-1013293648.htm
神经网络及在网络用户行为分析中的应用研究,左琳,电子科技大学,2011-03-01,//cdmd.cnki.com.cn/Article/CDMD-10614-1011191747.htm
人工神经网络在纺织中的应用研究,张瑞林,浙江大学,2001-07-20,//cdmd.cnki.com.cn/Article/CDMD-10335-2001015077.htm
混合时滞神经网络的稳定性研究及在电力系统中的应用,王晓红,华中科技大学,2013-07-01,//cdmd.cnki.com.cn/Article/CDMD-10487-1014146564.htm
轮式机器人的移动系统建模及基于模型学习的跟踪控制研究,宋兴国,哈尔滨工业大学,2015-09-01,//cdmd.cnki.com.cn/Article/CDMD-10213-1016739469.htm
基于多模态参数的桥梁结构损伤识别方法研究,孙杰,武汉理工大学,2013-10-01,//cdmd.cnki.com.cn/Article/CDMD-10497-1014159783.htm
微型飞行器姿态的智能控制方法研究,陈向坚,中国科学院研究生院（长春光学精密机械与物理研究所）,2012-05-01,//cdmd.cnki.com.cn/Article/CDMD-80139-1012397790.htm
基于网络诱导不完全信息的几类离散时滞随机忆阻神经网络的稳定性及状态估计问题研究,刘宏建,东华大学,2018-01-01,//cdmd.cnki.com.cn/Article/CDMD-10255-1018995749.htm
神经网络在过程辨识与控制中的应用研究,周黎辉,华北电力大学（河北）,2003-04-01,//cdmd.cnki.com.cn/Article/CDMD-10079-2004092624.htm
用于储层参数预测的神经网络模式识别方法研究,高美娟,大庆石油学院,2005-11-01,//cdmd.cnki.com.cn/Article/CDMD-10220-2006058393.htm
基于高光谱图像和机器视觉技术的大豆品质检测研究,谭克竹,东北农业大学,2014-12-01,//cdmd.cnki.com.cn/Article/CDMD-10224-1015395750.htm
基于结构化深度学习的语音识别自适应技术研究,谭天,上海交通大学,2018-07-01,//cdmd.cnki.com.cn/Article/CDMD-10248-1019640766.htm
量子神经网络模型研究,周日贵,南京航空航天大学,2008-01-01,//cdmd.cnki.com.cn/Article/CDMD-10287-2009053650.htm
新型模糊混沌神经网络模型及特性研究,唐墨,哈尔滨工程大学,2007-11-01,//cdmd.cnki.com.cn/Article/CDMD-10217-2009059213.htm
细胞神经网络的非线性动力学机制及应用研究,周冬明,复旦大学,2004-04-27,//cdmd.cnki.com.cn/Article/CDMD-10246-2004134932.htm
基于卷积神经网络的高能物理事例特征信息在线提取算法研究,艾鹏程,华中师范大学,2020-04-01,//cdmd.cnki.com.cn/Article/CDMD-10511-1020128592.htm
基于深度学习的交通时间预测模型与方法研究,冉祥栋,北京科技大学,2019-06-06,//cdmd.cnki.com.cn/Article/CDMD-10008-1019157292.htm
小世界网络理论及其在风电功率短期预测中的应用研究,赵欣,北京交通大学,2015-09-01,//cdmd.cnki.com.cn/Article/CDMD-10004-1016074608.htm
空间机器人神经网络轨迹跟踪控制及微重力模拟方法研究,张文辉,哈尔滨工业大学,2011-06-01,//cdmd.cnki.com.cn/Article/CDMD-10213-1012000506.htm
几类不连续神经网络模型的动力学研究,李葛,湖南大学,2019-10-11,//cdmd.cnki.com.cn/Article/CDMD-10532-1020813746.htm
时滞随机神经网络的稳定性研究,冯伟,重庆大学,2009-10-01,//cdmd.cnki.com.cn/Article/CDMD-10611-2010043585.htm
增量机器学习算法研究,胡蓉,南京理工大学,2012-10-01,//cdmd.cnki.com.cn/Article/CDMD-10288-1013167389.htm
大尺度IP流量矩阵估计关键技术研究,蒋定德,电子科技大学,2009-05-05,//cdmd.cnki.com.cn/Article/CDMD-10614-2009160034.htm
基于复合网络拓扑结构的悬臂式掘进机故障诊断方法,尹同舟,中国矿业大学(北京),2016-10-27,//cdmd.cnki.com.cn/Article/CDMD-11413-1017030242.htm
电磁铸造铝板坯的凝固过程和变形控制研究,李朝霞,大连理工大学,2001-04-01,//cdmd.cnki.com.cn/Article/CDMD-10141-2002112546.htm
混流式水轮机调节系统的非线性状态预测与稳定控制研究,吴凤娇,西北农林科技大学,2019-06-01,//cdmd.cnki.com.cn/Article/CDMD-10712-1019844310.htm
基于神经网络的弹性连杆机构振动主动控制理论、方法与实验研究,宋轶民,天津大学,1999-01-01,//cdmd.cnki.com.cn/Article/CDMD-10056-2006158089.htm
基于自适应卷积神经网络的高光谱图像分类方法研究,丁晨,西北工业大学,2018-07-01,//cdmd.cnki.com.cn/Article/CDMD-10699-1020706686.htm
Spiking神经网络学习算法及其应用研究,解修蕊,电子科技大学,2016-09-15,//cdmd.cnki.com.cn/Article/CDMD-10614-1017069836.htm
人工神经网络系统的动态复杂性研究,袁泉,华中科技大学,2010-05-01,//cdmd.cnki.com.cn/Article/CDMD-10487-2010184548.htm
区间神经网络的算法收敛性分析,杨达坤,大连理工大学,2014-03-17,//cdmd.cnki.com.cn/Article/CDMD-10141-1015574312.htm
前馈神经网络梯度学习算法收敛性分析,王健,大连理工大学,2012-06-25,//cdmd.cnki.com.cn/Article/CDMD-10141-1012393263.htm
蔬菜颜色质量评价系统的构建及应用研究,刘静波,吉林大学,2004-05-01,//cdmd.cnki.com.cn/Article/CDMD-10183-2004100159.htm
带光滑正则项前馈神经网络学习算法的收敛性分析,范钦伟,大连理工大学,2014-05-19,//cdmd.cnki.com.cn/Article/CDMD-10141-1015574319.htm
基于神经网络的感应电机矢量控制系统研究,朱晓琳,华中科技大学,2007-07-01,//cdmd.cnki.com.cn/Article/CDMD-10487-2009034072.htm
Lotka-Volterra神经网络的层竞争模型及其应用研究,郑伯川,电子科技大学,2012-03-01,//cdmd.cnki.com.cn/Article/CDMD-10614-1012473900.htm
基于忆阻的神经网络的动力学分析及应用,李若霞,东南大学,2017-11-17,//cdmd.cnki.com.cn/Article/CDMD-10286-1018122151.htm
山东省农村居民自杀未遂预警BP神经网络及指标体系构建,吕军城,山东大学,2015-04-26,//cdmd.cnki.com.cn/Article/CDMD-10422-1015370851.htm
国有企业高管经济责任审计评价研究,汪立元,东华大学,2013-10-01,//cdmd.cnki.com.cn/Article/CDMD-10255-1014139798.htm
基于深度卷积神经网络多尺度共享与子块级联的物体识别,姜晓恒,天津大学,2017-05-01,//cdmd.cnki.com.cn/Article/CDMD-10056-1018015453.htm
利用状态函数导数的脉冲神经网络新算法,杨文宇,大连理工大学,2013-05-22,//cdmd.cnki.com.cn/Article/CDMD-10141-1013197981.htm
肺结节CT图像病理特性智能分析与基于图像特征的信息检索关键技术研究,孙钦佩,中国科学院大学(中国科学院上海技术物理研究所),2017-04-01,//cdmd.cnki.com.cn/Article/CDMD-80143-1017824402.htm
地基微波辐射计定标技术及大气被动遥感研究,李江漫,西安电子科技大学,2014-01-01,//cdmd.cnki.com.cn/Article/CDMD-10701-1016006331.htm
分类方法在中医辨证诊断应用中的比较研究,陈淑慧,广州中医药大学,2008-04-01,//cdmd.cnki.com.cn/Article/CDMD-10572-2008100022.htm
电控汽油机智能控制策略及故障诊断的研究,李国勇,太原理工大学,2007-06-01,//cdmd.cnki.com.cn/Article/CDMD-10112-2008018206.htm
面向多智能体和神经网络的智能控制研究,文敦伟,中南大学,2001-10-20,//cdmd.cnki.com.cn/Article/CDMD-10533-2002060701.htm
基于机器学习和统计方法的蛋白质结构特征预测,木瑞塔（Murtada Khalafallah Elbashir Elfaki）,中南大学,2013-04-01,//cdmd.cnki.com.cn/Article/CDMD-10533-1013312448.htm
回复式神经网络的连续吸引子,张海仙,电子科技大学,2010-03-01,//cdmd.cnki.com.cn/Article/CDMD-10614-2010234401.htm
独轮自平衡机器人建模与控制研究,王启源,北京工业大学,2011-06-01,//cdmd.cnki.com.cn/Article/CDMD-10005-1011282930.htm
右端不连续泛函微分方程研究,汪东树,湖南大学,2016-03-20,//cdmd.cnki.com.cn/Article/CDMD-10532-1016242745.htm
径向基函数神经网络及其在船舶运动控制中的应用研究,尹建川,大连海事大学,2007-09-01,//cdmd.cnki.com.cn/Article/CDMD-10151-2008044765.htm
海马CA1神经元网络对惊吓恐惧记忆的编码,陈桂芬,华东师范大学,2007-05-01,//cdmd.cnki.com.cn/Article/CDMD-10269-2007083139.htm
时滞神经网络的稳定性及可控性研究,张贤敏,重庆大学,2011-05-01,//cdmd.cnki.com.cn/Article/CDMD-10611-1011293226.htm
时滞忆阻神经网络的稳定性分析与同步控制设计,王雷敏,华中科技大学,2016-05-22,//cdmd.cnki.com.cn/Article/CDMD-10487-1016088460.htm
关于多稳定回复式神经网络中的一些问题,周伟,电子科技大学,2010-03-01,//cdmd.cnki.com.cn/Article/CDMD-10614-2010231784.htm
脉冲时滞神经网络的全局稳定性研究,王慧,重庆大学,2007-09-01,//cdmd.cnki.com.cn/Article/CDMD-10611-2008043025.htm
女性子宫肌瘤病因学及流行病学的研究,王玮,中国医科大学,2008-05-01,//cdmd.cnki.com.cn/Article/CDMD-10159-2008083030.htm
几类分布参数神经网络的稳定性及其同步,张为元,西安电子科技大学,2012-09-01,//cdmd.cnki.com.cn/Article/CDMD-10701-1013110910.htm
可倾瓦轴承—转子系统的非线性动力学分析与主动控制,宫晓春,哈尔滨工业大学,2011-07-01,//cdmd.cnki.com.cn/Article/CDMD-10213-1012000456.htm
神经网络加速器的计算架构及存储优化技术研究,涂锋斌,清华大学,2019-06-01,//cdmd.cnki.com.cn/Article/CDMD-10003-1020828815.htm
基于神经网络的参量声源非线性建模及控制,杨天文,电子科技大学,2013-04-08,//cdmd.cnki.com.cn/Article/CDMD-10614-1014137383.htm
三维气动式微重力环境模拟平台的智能控制系统研究,陈三风,中国科学技术大学,2008-10-01,//cdmd.cnki.com.cn/Article/CDMD-10358-2009024961.htm
离散过程神经网络算法及在储层识別中的应用研究,肖红,东北石油大学,2015-11-28,//cdmd.cnki.com.cn/Article/CDMD-10220-1016280145.htm
胎儿心电信号提取研究,蒲秀娟,重庆大学,2009-10-01,//cdmd.cnki.com.cn/Article/CDMD-10611-2010043694.htm
感知、协作与进化—智能依赖于结构和其上的运动,邢佑路,南京大学,2015-11-07,//cdmd.cnki.com.cn/Article/CDMD-10284-1016121989.htm
基于红外紫外成像检测技术的绝缘子运行状态分析与评估,裴少通,华北电力大学(北京),2019-06-01,//cdmd.cnki.com.cn/Article/CDMD-11412-1019239864.htm
船舶操纵运动模糊神经网络控制系统研究,刘清,武汉理工大学,2002-06-01,//cdmd.cnki.com.cn/Article/CDMD-10497-2003095121.htm
多向联想记忆神经网络的多稳定性及其在多模式识别中的应用,王敏,湖南农业大学,2014-06-01,//cdmd.cnki.com.cn/Article/CDMD-10537-1015602495.htm
群神经元计算的动力学行为,张蕾,电子科技大学,2008-03-01,//cdmd.cnki.com.cn/Article/CDMD-10614-2008123870.htm
基于生物视觉模型的图形图像处理方法,周浩宇,中南大学,2012-12-01,//cdmd.cnki.com.cn/Article/CDMD-10533-1013358368.htm
大跨度斜拉桥静动力可靠度分析,李伟,华南理工大学,2010-04-08,//cdmd.cnki.com.cn/Article/CDMD-10561-2010226850.htm
模糊神经网络的性能及其学习算法研究,何春梅,南京理工大学,2010-01-01,//cdmd.cnki.com.cn/Article/CDMD-10288-2010097614.htm
煤巷锚杆支护设计混合智能系统研究,王茂源,中国矿业大学(北京),2016-03-24,//cdmd.cnki.com.cn/Article/CDMD-11413-1016282450.htm
基于深度学习的自然场景表情识别研究,严经纬,东南大学,2018-12-01,//cdmd.cnki.com.cn/Article/CDMD-10286-1019620292.htm
提高密度泛函理论方法计算吸收能的精度：神经网络和遗传算法,李辉,东北师范大学,2009-10-01,//cdmd.cnki.com.cn/Article/CDMD-10200-2010024034.htm
过程控制优化中的智能方法研究,姜琳,吉林大学,2010-12-01,//cdmd.cnki.com.cn/Article/CDMD-10183-2011014212.htm
面向精密制造与检测的机器视觉及智能算法研究,葛动元,华南理工大学,2013-05-07,//cdmd.cnki.com.cn/Article/CDMD-10561-1013320374.htm
一类离散神经网络系统的分支研究,陈薇娜,复旦大学,2009-04-13,//cdmd.cnki.com.cn/Article/CDMD-10246-2009243100.htm
基于动态纹理和卷积神经网络的视频烟雾探测方法研究,林高华,中国科学技术大学,2018-11-05,//cdmd.cnki.com.cn/Article/CDMD-10358-1019009051.htm
非结构化环境中自重构机器人仿生运动控制研究,乔贵方,东南大学,2015-12-05,//cdmd.cnki.com.cn/Article/CDMD-10286-1016215479.htm
数字预失真的I/Q非平衡补偿和新型门控神经网络建模,李刚,中国科学技术大学,2020-06-28,//cdmd.cnki.com.cn/Article/CDMD-10358-1020088521.htm
转向盘力矩反馈系统关键问题研究,姜玉瑶,吉林大学,2018-12-01,//cdmd.cnki.com.cn/Article/CDMD-10183-1019005882.htm
多关节机器人的智能滑模变结构控制方法研究,穆效江,北京工业大学,2008-10-01,//cdmd.cnki.com.cn/Article/CDMD-10005-2009102299.htm
模糊神经网络的结构优化研究,艾芳菊,中国科学院研究生院（成都计算机应用研究所）,2006-05-01,//cdmd.cnki.com.cn/Article/CDMD-80153-2006103259.htm
基于机器学习的软测量技术理论与应用,叶涛,华南理工大学,2007-05-01,//cdmd.cnki.com.cn/Article/CDMD-10561-2008150764.htm
忆阻神经网络的动力学分析及控制,张帅,江南大学,2020-06-01,//cdmd.cnki.com.cn/Article/CDMD-10295-1020346752.htm
进化回归神经网络的研究及应用,陆婷,华南理工大学,2003-05-01,//cdmd.cnki.com.cn/Article/CDMD-10561-2006148255.htm
时滞神经网络模型的动力学研究,梁金玲,东南大学,2005-11-01,//cdmd.cnki.com.cn/Article/CDMD-10286-2007030978.htm
前馈神经网络结构设计研究及其复杂化工过程建模应用,贺彦林,北京化工大学,2016-06-03,//cdmd.cnki.com.cn/Article/CDMD-10010-1016323939.htm
基于电子舌和几种神经网络模型的金鱼养殖水检测研究,赵煜,浙江大学,2013-04-15,//cdmd.cnki.com.cn/Article/CDMD-10335-1014174653.htm
基于人工智能的乒乓球比赛技战术诊断与评估研究,王杰,上海体育学院,2010-04-13,//cdmd.cnki.com.cn/Article/CDMD-10277-1011012638.htm
轨道交通引起地面振动的智能分析方法,邹承明,武汉理工大学,2003-05-01,//cdmd.cnki.com.cn/Article/CDMD-10497-2003095168.htm
基于神经网络的微波射频MOSFET器件建模,李寿林,华东师范大学,2011-04-01,//cdmd.cnki.com.cn/Article/CDMD-10269-1011131092.htm
基于细胞神经网络的非线性时滞系统自适应控制,张建华,燕山大学,2011-06-30,//cdmd.cnki.com.cn/Article/CDMD-10216-1011281589.htm
计算智能及其在多用户检测中的应用研究,唐普英,电子科技大学,2002-07-01,//cdmd.cnki.com.cn/Article/CDMD-10614-2003120248.htm
基于神经网络的冠心病证候诊断标准与药效评价模型研究,杜文斌,辽宁中医学院,2004-05-01,//cdmd.cnki.com.cn/Article/CDMD-10162-2004123777.htm
基于智能学习模型的民航发动机健康状态预测研究,雷达,哈尔滨工业大学,2013-09-01,//cdmd.cnki.com.cn/Article/CDMD-10213-1013045384.htm
车辆识别若干基础算法与技术研究,刘怡光,四川大学,2004-10-01,//cdmd.cnki.com.cn/Article/CDMD-10610-2005040070.htm
三明治迟滞非线性系统的建模与控制研究,马连伟,上海交通大学,2007-12-01,//cdmd.cnki.com.cn/Article/CDMD-10248-2008052008.htm
多稳定神经网络的动力学分析,徐芳,电子科技大学,2011-03-01,//cdmd.cnki.com.cn/Article/CDMD-10614-1011191819.htm
多关节机器人鲁棒跟踪控制策略研究,王三秀,浙江工业大学,2015-04-20,//cdmd.cnki.com.cn/Article/CDMD-10337-1015439086.htm
不确定下三角非线性系统自适应控制,孙刚,大连海事大学,2012-10-01,//cdmd.cnki.com.cn/Article/CDMD-10151-1013242511.htm
基于智能算法的神经网络优化及其应用,包芳,江南大学,2008-03-01,//cdmd.cnki.com.cn/Article/CDMD-10295-2009014621.htm
非线性系统的神经网络内模控制研究,周涌,南京理工大学,2003-07-01,//cdmd.cnki.com.cn/Article/CDMD-10288-2004107199.htm
基于时滞重构方法的动态系统稳定性与反馈控制研究,刘振伟,东北大学,2015-04-01,//cdmd.cnki.com.cn/Article/CDMD-10145-1016009170.htm
基于回归神经网络的滑坡位移时间序列预测研究,蒋平,华中科技大学,2017-05-01,//cdmd.cnki.com.cn/Article/CDMD-10487-1017144709.htm
临床医疗文本中实体时序化问题研究,刘增健,哈尔滨工业大学,2018-05-01,//cdmd.cnki.com.cn/Article/CDMD-10213-1018895496.htm
神经网络理论研究及在舰船运动预报中的应用,沈艳,哈尔滨工程大学,2005-05-01,//cdmd.cnki.com.cn/Article/CDMD-10217-2005137562.htm
运用神经网络模型预测妊娠合并SLE患者的妊娠结局,马京杭,上海交通大学,2019-05-01,//cdmd.cnki.com.cn/Article/CDMD-10248-1020620644.htm
几类离散神经网络模型的动力学分析,王军平,复旦大学,2006-04-10,//cdmd.cnki.com.cn/Article/CDMD-10246-2007168537.htm
稀疏神经网络和稀疏神经网络加速器的研究,周徐达,中国科学技术大学,2018-10-27,//cdmd.cnki.com.cn/Article/CDMD-10358-1019038145.htm
基于深度学习的人脸表情识别研究,孙文赟,南京理工大学,2018-07-01,//cdmd.cnki.com.cn/Article/CDMD-10288-1019139677.htm
基于混沌和神经网络的时域参数测试研究及其在示波器中的应用,袁继敏,电子科技大学,2009-03-01,//cdmd.cnki.com.cn/Article/CDMD-10614-2009160155.htm
时滞忆阻神经网络的镇定及同步控制研究,樊英杰,山东科技大学,2019-06-01,//cdmd.cnki.com.cn/Article/CDMD-10424-1019243675.htm
远程多管火箭炮电液位置伺服系统辨识与控制策略研究,高强,南京理工大学,2008-07-01,//cdmd.cnki.com.cn/Article/CDMD-10288-2009197904.htm
对抗学习在光学遥感影像分类及变化检测中的方法研究,方博,武汉大学,2019-11-01,//cdmd.cnki.com.cn/Article/CDMD-10486-1020604433.htm
事件可信度识别方法研究,钱忠,苏州大学,2018-06-01,//cdmd.cnki.com.cn/Article/CDMD-10285-1018102449.htm
量子信道与量子小波神经网络相关问题研究,银俊成,陕西师范大学,2013-05-01,//cdmd.cnki.com.cn/Article/CDMD-10718-1013359001.htm
非线性模型预测控制理论及应用研究,孙峻,西北工业大学,2002-11-01,//cdmd.cnki.com.cn/Article/CDMD-10699-2004022001.htm
冶金风机智能诊断系统研究,易建钢,武汉科技大学,2007-11-07,//cdmd.cnki.com.cn/Article/CDMD-11915-2008031877.htm
RBF和MLP神经网络逼近能力的几个结果,南东,大连理工大学,2007-04-01,//cdmd.cnki.com.cn/Article/CDMD-10141-2007207114.htm
非线性时滞系统的神经网络预测控制,王冬青,天津大学,2005-12-01,//cdmd.cnki.com.cn/Article/CDMD-10056-2007078669.htm
Hopfield神经网络的多稳定性和稳定周期解的脉冲控制问题研究,万鹏,重庆大学,2020-06-01,//cdmd.cnki.com.cn/Article/CDMD-10611-1020356456.htm
变频正弦混沌神经网络分析与设计,胡志强,北京工业大学,2018-06-01,//cdmd.cnki.com.cn/Article/CDMD-10005-1019700004.htm
四维时滞神经网络的动力学研究,茅晓晨,南京航空航天大学,2009-05-01,//cdmd.cnki.com.cn/Article/CDMD-10287-1011254016.htm
用人工神经网络构造Ia型超新星光谱,程乔斌,上海师范大学,2020-03-01,//cdmd.cnki.com.cn/Article/CDMD-10270-1020732967.htm
瞬变电磁法的神经网络快速成像及其在接地网检测中的应用,秦善强,重庆大学,2019-06-01,//cdmd.cnki.com.cn/Article/CDMD-10611-1019887692.htm
基于深度学习的视频编码技术研究,王洋,哈尔滨工业大学,2019-06-01,//cdmd.cnki.com.cn/Article/CDMD-10213-1019645944.htm
土木工程结构的性能监测系统与损伤识别方法研究,杨晓明,天津大学,2006-05-01,//cdmd.cnki.com.cn/Article/CDMD-10056-2007041571.htm
钢丝绳断丝损伤信号处理及定量识别方法研究,战卫侠,青岛理工大学,2013-12-01,//cdmd.cnki.com.cn/Article/CDMD-10429-1014184337.htm
基于计算机视觉和声学技术融合检测鸡蛋品质的研究,潘磊庆,南京农业大学,2007-04-01,//cdmd.cnki.com.cn/Article/CDMD-10307-2008031426.htm
融合机理模型与智能模型的复杂过程混合建模研究,董亚明,华东理工大学,2015-10-22,//cdmd.cnki.com.cn/Article/CDMD-10251-1016043792.htm
基于多核共空间模式的超限学习机聚类诊断方法研究,高坤,湖南大学,2015-04-15,//cdmd.cnki.com.cn/Article/CDMD-10532-1015734352.htm
神经智能控制在小型快递无人机系统中的研究与应用,张潮,北京科技大学,2016-12-01,//cdmd.cnki.com.cn/Article/CDMD-10008-1017035463.htm
基于神经网络的厌氧反应器模拟预测及其运行状态估计,曹刚,浙江大学,2003-05-01,//cdmd.cnki.com.cn/Article/CDMD-10335-2003072119.htm
高效神经网络结构搜索算法及应用,罗人千,中国科学技术大学,2021-05-25,//cdmd.cnki.com.cn/Article/CDMD-10358-1021072745.htm
长大货物列车电控空气制动系统及防滑器的智能控制研究,姚寿文,铁道部科学研究院,2000-06-01,//cdmd.cnki.com.cn/Article/CDMD-83801-2000000242.htm
有杆抽油系统井下工况诊断方法研究,朱君,大庆石油学院,2003-12-01,//cdmd.cnki.com.cn/Article/CDMD-10220-2004050750.htm
基于复阻抗特性和电子鼻的淡水鱼新鲜度快速检测方法的研究,张军,华中农业大学,2008-04-01,//cdmd.cnki.com.cn/Article/CDMD-10504-2008202989.htm
基于人工智能和虚拟仪器技术的发动机故障诊断专家系统研究,李增芳,浙江大学,2004-11-01,//cdmd.cnki.com.cn/Article/CDMD-10335-2005086804.htm
递归神经网络的连续吸引子与模糊控制,于佳丽,电子科技大学,2009-03-01,//cdmd.cnki.com.cn/Article/CDMD-10614-2009160090.htm
视觉感知计算模型若干问题的研究及其应用,于江波,北京交通大学,2007-11-01,//cdmd.cnki.com.cn/Article/CDMD-10004-2008079688.htm
基于地质数据挖掘和信息融合的煤与瓦斯突出预测方法,梁跃强,中国矿业大学(北京),2017-11-21,//cdmd.cnki.com.cn/Article/CDMD-11413-1018051732.htm
非线性理论应用于动力配煤燃烧特性研究,王鑫,浙江大学,2016-05-01,//cdmd.cnki.com.cn/Article/CDMD-10335-1016270062.htm
前馈神经网络梯度训练算法的几个收敛性结果,张会生,大连理工大学,2009-03-01,//cdmd.cnki.com.cn/Article/CDMD-10141-2009116433.htm
细菌觅食优化算法的改进及应用研究,胡洁,武汉理工大学,2012-03-01,//cdmd.cnki.com.cn/Article/CDMD-10497-1012442378.htm
神经网络的优化与用于优化的神经网络,Atlas Khan,大连理工大学,2013-03-12,//cdmd.cnki.com.cn/Article/CDMD-10141-1013197371.htm
受限柔性机器人的动力学建模与智能控制,樊晓平,华南理工大学,1998-01-01,//cdmd.cnki.com.cn/Article/CDMD-10561-2006148229.htm
半导体薄层电阻测量新方法研究,汪鹏,河北工业大学,2010-11-01,//cdmd.cnki.com.cn/Article/CDMD-10080-1012005377.htm
基于机器学习的高分辨率土壤湿度反演方法研究,幸晨杰,武汉大学,2017-11-01,//cdmd.cnki.com.cn/Article/CDMD-10486-1018031440.htm
基于计算智能方法的简支梁桥损伤识别研究,马辉,吉林大学,2010-12-01,//cdmd.cnki.com.cn/Article/CDMD-10183-2011014565.htm
超磁致伸缩致动器的神经网络控制与动态模型及实验研究,孙英,河北工业大学,2007-10-01,//cdmd.cnki.com.cn/Article/CDMD-10080-2008156848.htm
核自适应学习的RBF混合结构神经网络分类器研究,闻辉,深圳大学,2018-06-30,//cdmd.cnki.com.cn/Article/CDMD-10590-1018822508.htm
旋转机械设备关键部件故障诊断与预测方法研究,沈长青,中国科学技术大学,2014-03-10,//cdmd.cnki.com.cn/Article/CDMD-10358-1014299814.htm
具有输入约束的不确定非线性系统自适应神经网络控制,崔国增,南京理工大学,2016-06-01,//cdmd.cnki.com.cn/Article/CDMD-10288-1017043650.htm
基于最优化理论的色彩输出特性研究,赵磊,华南理工大学,2014-12-02,//cdmd.cnki.com.cn/Article/CDMD-10561-1015020844.htm
时滞神经网络的稳定性和混沌同步,李传东,重庆大学,2005-05-02,//cdmd.cnki.com.cn/Article/CDMD-10611-2005145172.htm
具有连续或不连续输出函数的神经网络模型的动力学研究,李立平,湖南大学,2009-04-08,//cdmd.cnki.com.cn/Article/CDMD-10532-2009160208.htm
面向卷积和循环神经网络的高性能加速器关键技术研究,许金伟,国防科技大学,2019-12-01,//cdmd.cnki.com.cn/Article/CDMD-91002-1021828506.htm
《伤寒论》的“方—证要素”对应体系及其神经网络数学模型的构建,陈擎文,北京中医药大学,2011-05-01,//cdmd.cnki.com.cn/Article/CDMD-10026-1011117894.htm
土岩爆破智能化系统研究,叶海旺,武汉理工大学,2003-05-10,//cdmd.cnki.com.cn/Article/CDMD-10497-2003095155.htm
基于连续和离散复杂系统的稳定性及耗散性分析,王金玲,新疆大学,2019-06-30,//cdmd.cnki.com.cn/Article/CDMD-10755-1019608486.htm
分数阶忆阻神经网络的动态分析与控制,张玲忠,江南大学,2018-06-01,//cdmd.cnki.com.cn/Article/CDMD-10295-1018252286.htm
小波分析和神经网络应用于大气污染预测的研究,陈柳,西安建筑科技大学,2006-05-01,//cdmd.cnki.com.cn/Article/CDMD-10703-2006082578.htm
并行与分布式神经网络训练中数据通路的优化,白有辉,中国科学技术大学,2021-05-19,//cdmd.cnki.com.cn/Article/CDMD-10358-1021072731.htm
双辊薄带振动铸轧工艺控制及铸带性能研究,王海军,燕山大学,2019-05-01,//cdmd.cnki.com.cn/Article/CDMD-10216-1020614399.htm
复杂环境下基于神经网络的工件识别与机器人智能抓取,刘晓玉,武汉科技大学,2009-05-10,//cdmd.cnki.com.cn/Article/CDMD-11915-2009215296.htm
基于神经网络的光纤陀螺误差补偿和平台稳定控制技术研究,崔慧敏,中国科学院长春光学精密机械与物理研究所,2017-03-01,//cdmd.cnki.com.cn/Article/CDMD-80139-1017063989.htm
风速时间序列预测算法研究,李艳晴,北京科技大学,2015-12-22,//cdmd.cnki.com.cn/Article/CDMD-10008-1016044648.htm
核电站热工水力系统工况预测与诊断方法研究,陈涵瀛,哈尔滨工程大学,2018-09-01,//cdmd.cnki.com.cn/Article/CDMD-10217-1019146904.htm
电参量自适应测量技术研究,蔡忠法,浙江大学,2009-12-01,//cdmd.cnki.com.cn/Article/CDMD-10335-2010079698.htm
南方红豆杉人工林生长与收益模型研究,李良松,北京林业大学,2011-04-01,//cdmd.cnki.com.cn/Article/CDMD-10022-1011132807.htm
复杂非线性系统智能故障诊断及容错控制方法研究,王向,燕山大学,2012-05-01,//cdmd.cnki.com.cn/Article/CDMD-10216-1012025353.htm
基于非线性函数扩展的流水线型自适应滤波理论与方法研究,赵海全,西南交通大学,2010-10-01,//cdmd.cnki.com.cn/Article/CDMD-10613-1011233360.htm
基于深度学习的手绘草图生成、识别及应用研究,张兴园,北京交通大学,2020-07-15,//cdmd.cnki.com.cn/Article/CDMD-10004-1020444430.htm
几类非线性系统的自适应Backstepping神经网络控制,李靖,西安电子科技大学,2009-12-01,//cdmd.cnki.com.cn/Article/CDMD-10701-2010082117.htm
振动压路机压实智能控制与故障智能诊断的研究,巨永锋,长安大学,2005-12-01,//cdmd.cnki.com.cn/Article/CDMD-11941-2006163419.htm
深度学习下的影像识别研究,祁雷,中国科学院大学(中国科学院西安光学精密机械研究所),2019-12-01,//cdmd.cnki.com.cn/Article/CDMD-80142-1020711693.htm
基于遗传算法和神经网络的锅炉汽水系统模型参数优化,马进,华北电力大学（河北）,2009-12-01,//cdmd.cnki.com.cn/Article/CDMD-10079-2010175756.htm
商业银行对中小企业授信风险管理研究,王恒,华侨大学,2007-02-28,//cdmd.cnki.com.cn/Article/CDMD-10385-2007169474.htm
无线通信系统定位技术的研究,毛永毅,中国科学院研究生院（国家授时中心）,2008-05-01,//cdmd.cnki.com.cn/Article/CDMD-80024-2008126132.htm
多种未知环境下机械臂协调夹持的轨迹跟踪控制若干方法研究,徐凡,浙江大学,2017-10-01,//cdmd.cnki.com.cn/Article/CDMD-10335-1018255170.htm
混合建模方法研究及其在化工过程中的应用,李晓光,北京化工大学,2008-06-03,//cdmd.cnki.com.cn/Article/CDMD-10010-2008149701.htm
几类变时滞神经网络渐近行为理论研究,张刚,华中科技大学,2007-05-01,//cdmd.cnki.com.cn/Article/CDMD-10487-2010042281.htm
数据挖掘方法在高导电高弹性铜合金及其它金属材料中的应用,方善锋,中南大学,2009-03-01,//cdmd.cnki.com.cn/Article/CDMD-10533-2009208262.htm
几类随机微分方程的稳定性分析,杜元花,电子科技大学,2016-03-15,//cdmd.cnki.com.cn/Article/CDMD-10614-1016176864.htm
反应堆控制系统容错控制方法研究,李金阳,哈尔滨工程大学,2013-03-01,//cdmd.cnki.com.cn/Article/CDMD-10217-1014133918.htm
电力变压器绝缘故障诊断技术及热状态参量预测模型研究,潘翀,重庆大学,2009-04-01,//cdmd.cnki.com.cn/Article/CDMD-10611-2009148361.htm
基于小波的神经网络研究及其在信息处理中的应用,程蓉,中北大学,2015-11-27,//cdmd.cnki.com.cn/Article/CDMD-10110-1016008916.htm
若干非线性系统的稳定性与混沌同步,盛立,江南大学,2010-03-01,//cdmd.cnki.com.cn/Article/CDMD-10295-2010075480.htm
分数阶神经网络的动力学分析与控制,丁小帅,东南大学,2019-04-01,//cdmd.cnki.com.cn/Article/CDMD-10286-1020800775.htm
轴向磁场盘式开关磁阻电机参数计算及其驱动控制系统研究,张云,山东大学,2014-05-20,//cdmd.cnki.com.cn/Article/CDMD-10422-1014310545.htm
神经模糊系统和神经金融预测若干问题研究,潘维民,中国科学院研究生院（计算技术研究所）,1998-05-01,//cdmd.cnki.com.cn/Article/CDMD-80132-2006191184.htm
导管架式海洋平台振动智能自适应逆控制研究,崔洪宇,大连理工大学,2009-05-01,//cdmd.cnki.com.cn/Article/CDMD-10141-2010031345.htm
基于微分包含的非光滑动力系统分析及其应用,秦泗甜,哈尔滨工业大学,2010-06-01,//cdmd.cnki.com.cn/Article/CDMD-10213-2011012992.htm
基于深度学习的结构健康监测,徐鹏,暨南大学,2017-06-30,//cdmd.cnki.com.cn/Article/CDMD-10559-1018888212.htm
高温高压蒸汽改性木材力学性能预测模型的建立与控制系统,杨红,东北林业大学,2015-09-01,//cdmd.cnki.com.cn/Article/CDMD-10225-1016303833.htm
大型灌区退水量预测理论与方法研究,赵新宇,西安理工大学,2007-03-01,//cdmd.cnki.com.cn/Article/CDMD-10700-2007059549.htm
基于事件触发机制的不确定非线性系统智能控制研究,曹亮,广东工业大学,2019-11-01,//cdmd.cnki.com.cn/Article/CDMD-11845-1020012421.htm
智能方法在机器人视觉伺服中的应用研究,薛艳敏,西安理工大学,2009-09-01,//cdmd.cnki.com.cn/Article/CDMD-10700-2010140695.htm
几类基于微分包含的不连续系统的动力学研究,蔡佐威,湖南大学,2014-03-20,//cdmd.cnki.com.cn/Article/CDMD-10532-1014300505.htm
不确定非线性系统神经网络自适应跟踪控制,胡慧,湖南大学,2010-06-20,//cdmd.cnki.com.cn/Article/CDMD-10532-1012328791.htm
移动机械手的逆运动学及滑模变结构轨迹跟踪控制研究,梅红,山东大学,2009-04-14,//cdmd.cnki.com.cn/Article/CDMD-10422-2009248053.htm
智能方法在水泥性能分析中的应用研究,潘昊,武汉理工大学,2006-08-01,//cdmd.cnki.com.cn/Article/CDMD-10497-2007148975.htm
神经网络在语音质量客观评价应用中的研究,鄢田云,西南交通大学,2007-09-01,//cdmd.cnki.com.cn/Article/CDMD-10613-2008042012.htm
深度学习算法并行优化技术及应用研究,单磊,国防科技大学,2019-06-01,//cdmd.cnki.com.cn/Article/CDMD-91002-1020386116.htm
电力系统谐波与电压扰动检测理论及方法研究,张颖,湖南大学,2010-10-10,//cdmd.cnki.com.cn/Article/CDMD-10532-1012492816.htm
数字图像预处理与融合方法研究,李卫华,西北工业大学,2006-04-01,//cdmd.cnki.com.cn/Article/CDMD-10699-2007214165.htm
武装直升机大机动、高敏捷性神经网络鲁棒自适应飞行控制研究,张锐,南京航空航天大学,2002-03-01,//cdmd.cnki.com.cn/Article/CDMD-10287-2003051945.htm
非线性智能观测器及其应用研究,彭宇,浙江大学,2000-04-01,//cdmd.cnki.com.cn/Article/CDMD-10335-2006170795.htm
基于深度学习的个性化物品推荐研究,吴国栋,东华大学,2020-06-01,//cdmd.cnki.com.cn/Article/CDMD-10255-1020757363.htm
基于机器学习及智能算法的柴油机性能预测及优化研究,牛晓晓,哈尔滨工程大学,2017-10-10,//cdmd.cnki.com.cn/Article/CDMD-10217-1018083078.htm
基于贝叶斯理论MCMC优化参数的负荷预测模型,史会峰,华北电力大学,2013-06-01,//cdmd.cnki.com.cn/Article/CDMD-10079-1013315702.htm
网络系统的稳定和同步行为研究,刘梅,新疆大学,2017-05-27,//cdmd.cnki.com.cn/Article/CDMD-10755-1017712527.htm
大规模MIMO系统用户调度与定位方法研究,孙晓宇,东南大学,2019-07-27,//cdmd.cnki.com.cn/Article/CDMD-10286-1020310856.htm
时滞忆阻神经网络的同步与多稳定性研究,姚卫,湖南大学,2020-05-28,//cdmd.cnki.com.cn/Article/CDMD-10532-1020405973.htm
时滞忆阻神经网络动力学分析与控制,章联生,重庆大学,2019-10-01,//cdmd.cnki.com.cn/Article/CDMD-10611-1020356449.htm
多传感器信息融合方法及其在空间目标识别中的应用,张池平,哈尔滨工业大学,2006-06-01,//cdmd.cnki.com.cn/Article/CDMD-10213-2006136081.htm
几类时滞神经网络稳定性的研究,刘德友,燕山大学,2006-06-30,//cdmd.cnki.com.cn/Article/CDMD-10216-2008200750.htm
融合计算智能的蛋白质结构预测研究,刘君,重庆大学,2011-10-01,//cdmd.cnki.com.cn/Article/CDMD-10611-1012008601.htm
具有时变时滞和未建模动态的不确定非线性系统自适应控制研究,施枭铖,南京理工大学,2018-06-01,//cdmd.cnki.com.cn/Article/CDMD-10288-1019159118.htm
深度学习中深度问题与大模型问题的研究,孙诗昭,南开大学,2018-05-01,//cdmd.cnki.com.cn/Article/CDMD-10055-1019930259.htm
基于人体外观的行人重识别算法研究,周芹,上海交通大学,2019-01-07,//cdmd.cnki.com.cn/Article/CDMD-10248-1020727931.htm
创新型企业财务预警系统研究,权思勇,东华大学,2012-05-01,//cdmd.cnki.com.cn/Article/CDMD-10255-1012427334.htm
上肢康复训练机器人的肌电控制研究,程祥利,山东大学,2013-04-05,//cdmd.cnki.com.cn/Article/CDMD-10422-1013218231.htm
数字图像处理与分析及其在故障诊断中的应用研究,王常青,华中科技大学,2012-06-01,//cdmd.cnki.com.cn/Article/CDMD-10487-1012361466.htm
透过强散射介质聚焦与成像方法研究,吴雨霖,浙江大学,2020-03-24,//cdmd.cnki.com.cn/Article/CDMD-10335-1021001142.htm
基于神经网络与数据融合的结构损伤识别理论研究,张育智,西南交通大学,2007-01-01,//cdmd.cnki.com.cn/Article/CDMD-10613-2008042013.htm
基于多维数据分析的神经网络与分布式计算研究,刘天桢,武汉理工大学,2008-04-01,//cdmd.cnki.com.cn/Article/CDMD-10497-2008160051.htm
基于脉冲耦合神经网络的图像处理若干问题研究,刘勍,西安电子科技大学,2011-01-01,//cdmd.cnki.com.cn/Article/CDMD-10701-1011200528.htm
脉冲随机时滞系统的稳定与控制,郭英新,山东大学,2012-10-19,//cdmd.cnki.com.cn/Article/CDMD-10422-1013140673.htm
流域水文模拟理论与方法研究,康玲,华中科技大学,2004-04-01,//cdmd.cnki.com.cn/Article/CDMD-10487-2005036701.htm
几类时滞系统的稳定与同步,籍艳,江南大学,2010-06-01,//cdmd.cnki.com.cn/Article/CDMD-10295-1011042297.htm
基于粗糙集的转炉炼钢知识发现及终点控制模型研究,胡燕,重庆大学,2013-04-01,//cdmd.cnki.com.cn/Article/CDMD-10611-1013044413.htm
基于忆阻器的神经网络硬件的研究,王俊杰,电子科技大学,2021-01-01,//cdmd.cnki.com.cn/Article/CDMD-10614-1021744188.htm
网络环境下几类时滞神经网络的性能分析及控制设计,李小庆,电子科技大学,2021-04-22,//cdmd.cnki.com.cn/Article/CDMD-10614-1021744242.htm
基于神经网络的黄酮类金属配合物抗肿瘤与抗氧化构效关系模型研究,钱俊臻,重庆大学,2014-09-01,//cdmd.cnki.com.cn/Article/CDMD-10611-1015017081.htm
基于进化计算的神经网络设计方法,俞健,浙江大学,1998-05-01,//cdmd.cnki.com.cn/Article/CDMD-10335-2006170791.htm
基于忆阻的时滞神经网络的耗散性研究,肖建英,电子科技大学,2018-03-01,//cdmd.cnki.com.cn/Article/CDMD-10614-1018975123.htm
基于递归神经网络的视频行为建模和识别方法研究,杜文斌,中国科学院大学(中国科学院深圳先进技术研究院),2018-06-01,//cdmd.cnki.com.cn/Article/CDMD-80177-1018818567.htm
电力谐波和间谐波参数估计算法研究,陈国志,浙江大学,2010-09-01,//cdmd.cnki.com.cn/Article/CDMD-10335-1011068050.htm
不确定非线性系统的容错与事件触发控制方法研究,李元新,东北大学,2017-05-01,//cdmd.cnki.com.cn/Article/CDMD-10145-1019018089.htm
时滞神经网络稳定性及复杂网络同步的研究,杨德刚,重庆大学,2007-10-01,//cdmd.cnki.com.cn/Article/CDMD-10611-2008042716.htm
基于时序动态模型的雷达高分辨距离像目标识别研究,徐彬,西安电子科技大学,2019-04-01,//cdmd.cnki.com.cn/Article/CDMD-10701-1020000353.htm
智能居住环境学习和控制策略研究,李慧,山东大学,2011-04-08,//cdmd.cnki.com.cn/Article/CDMD-10422-1011170631.htm
双层隔振系统振动主动控制技术研究,陈玉强,哈尔滨工程大学,2002-12-01,//cdmd.cnki.com.cn/Article/CDMD-10217-2003114803.htm
人工神经网络的结构学习算法及问题求解研究,朱大铭,中国科学院研究生院（计算技术研究所）,1999-05-12,//cdmd.cnki.com.cn/Article/CDMD-80132-2006191107.htm
小型变频空调系统动态特性及控制策略研究,王美霞,东南大学,2005-08-01,//cdmd.cnki.com.cn/Article/CDMD-10286-2007064625.htm
鄂尔多斯盆地测井成岩相判别,白烨,吉林大学,2013-06-01,//cdmd.cnki.com.cn/Article/CDMD-10183-1013193831.htm
细胞神经网络的长时期动力学性质分析,胡穗华,湖南大学,2006-03-15,//cdmd.cnki.com.cn/Article/CDMD-10532-2006131883.htm
统一体制建模及其通信复用算法研究,张天虹,电子科技大学,2019-09-16,//cdmd.cnki.com.cn/Article/CDMD-10614-1020716416.htm
基于智能方法的熔融碳酸盐燃料电池/微型燃气轮机联合发电系统的建模与控制研究,陈跃华,上海交通大学,2006-12-01,//cdmd.cnki.com.cn/Article/CDMD-10248-2007153697.htm
几类神经网络模型的动力学分析,黄振坤,浙江大学,2007-11-01,//cdmd.cnki.com.cn/Article/CDMD-10335-2009024685.htm
基于组织性能预测的柔性化轧制工艺制定方法,邓天勇,东北大学,2008-05-20,//cdmd.cnki.com.cn/Article/CDMD-10145-2010259782.htm
语音合成中的神经网络声学建模方法研究,殷翔,中国科学技术大学,2016-05-01,//cdmd.cnki.com.cn/Article/CDMD-10358-1016103116.htm
大功率盘型激光焊熔池形态在线识别及焊缝成形预测模型,张艳喜,广东工业大学,2014-12-01,//cdmd.cnki.com.cn/Article/CDMD-11845-1015520866.htm
地质大数据功能分析及其分类算法研究,王娜,吉林大学,2019-06-01,//cdmd.cnki.com.cn/Article/CDMD-10183-1019157610.htm
协作型模糊混沌神经网络研究,张建民,哈尔滨工程大学,2006-04-01,//cdmd.cnki.com.cn/Article/CDMD-10217-2006133494.htm
自然图像构图分析和美学评价,张晓丹,西安电子科技大学,2019-09-01,//cdmd.cnki.com.cn/Article/CDMD-10701-1020035961.htm
人工神经网络算法的改进及其在水利测量技术中的应用,刘清,河海大学,2004-09-28,//cdmd.cnki.com.cn/Article/CDMD-10294-2005042392.htm
复杂网络动力学及其应用的若干问题研究,唐漾,东华大学,2010-05-01,//cdmd.cnki.com.cn/Article/CDMD-10255-1011072729.htm
数控机床直线轴热误差测量与分析方法研究,李阳,吉林大学,2018-12-01,//cdmd.cnki.com.cn/Article/CDMD-10183-1019000861.htm
混沌时间序列的长期预测方法研究,席剑辉,大连理工大学,2005-05-01,//cdmd.cnki.com.cn/Article/CDMD-10141-2005070968.htm
石墨烯生长及应用的多尺度理论研究,李湃,中国科学技术大学,2018-05-20,//cdmd.cnki.com.cn/Article/CDMD-10358-1018313826.htm
基于改进蚁群算法与神经网络的调制识别研究,刘澍,华中科技大学,2009-05-01,//cdmd.cnki.com.cn/Article/CDMD-10487-2010042166.htm
基于深度学习的图像分类方法研究,葛昊,电子科技大学,2020-06-01,//cdmd.cnki.com.cn/Article/CDMD-10614-1020309961.htm
不确定非线性系统的鲁棒滑模控制方法研究,李杨,燕山大学,2013-12-01,//cdmd.cnki.com.cn/Article/CDMD-10216-1014033475.htm
木材仿珍贵材染色计算机智能配色技术的研究,管雪梅,东北林业大学,2011-03-20,//cdmd.cnki.com.cn/Article/CDMD-10225-1011146154.htm
智能汽车自主循迹控制策略研究,张琨,哈尔滨工业大学,2013-09-01,//cdmd.cnki.com.cn/Article/CDMD-10213-1014004198.htm
钻井过程实时状态监测与诊断技术研究,廖明燕,中国石油大学,2010-04-01,//cdmd.cnki.com.cn/Article/CDMD-10425-2010280217.htm
基于遗传算法与神经网络的桥梁结构健康监测系统研究,吴大宏,西南交通大学,2003-10-01,//cdmd.cnki.com.cn/Article/CDMD-10613-2004105965.htm
AMPA受体拮抗剂NBQX调控神经元周围网络减少癫痫发作的机制研究,陈雯,山东大学,2017-03-20,//cdmd.cnki.com.cn/Article/CDMD-10422-1017069396.htm
微粒群优化算法与动态神经网络建模预测研究,范剑超,大连理工大学,2012-04-01,//cdmd.cnki.com.cn/Article/CDMD-10141-1013198524.htm
生物医学文本中药物信息抽取方法研究,刘胜宇,哈尔滨工业大学,2016-06-01,//cdmd.cnki.com.cn/Article/CDMD-10213-1016739680.htm
基于神经网络和滤波理论的信息融合算法研究,张洪涛,哈尔滨工业大学,2007-12-01,//cdmd.cnki.com.cn/Article/CDMD-10213-2008194893.htm
双能量源纯电动汽车能量管理关键技术的研究,杜爽,吉林大学,2015-04-10,//cdmd.cnki.com.cn/Article/CDMD-10183-1015590813.htm
水面船舶鲁棒自适应航迹跟踪控制研究,祝贵兵,大连海事大学,2019-11-01,//cdmd.cnki.com.cn/Article/CDMD-10151-1020017650.htm
基于神经网络的机载三轴稳定平台控制系统算法应用研究,董岩,中国科学院研究生院（长春光学精密机械与物理研究所）,2011-04-01,//cdmd.cnki.com.cn/Article/CDMD-80139-1012296948.htm
宽带钢冷轧机板形在线控制智能模型的研究与应用,何海涛,燕山大学,2005-06-30,//cdmd.cnki.com.cn/Article/CDMD-10216-2008200737.htm
点焊逆变电源软开关及模糊神经网络控制研究,张勇,西北工业大学,2006-08-01,//cdmd.cnki.com.cn/Article/CDMD-10699-2007214118.htm
一类动态网络系统的有限时间控制问题研究,吕慧,上海大学,2019-06-01,//cdmd.cnki.com.cn/Article/CDMD-10280-1019249636.htm
基于深度学习的图像理解关键问题及实现技术研究,张军阳,国防科技大学,2018-10-01,//cdmd.cnki.com.cn/Article/CDMD-91002-1020386006.htm
塔机超声安全预警目标识别的神经网络方法研究,李西平,西安建筑科技大学,2015-06-01,//cdmd.cnki.com.cn/Article/CDMD-10703-1015996078.htm
基于协同PSO算法的模糊辨识与神经网络学习,赵亮,上海交通大学,2009-01-01,//cdmd.cnki.com.cn/Article/CDMD-10248-2009109354.htm
输电线路除冰机器人的智能自适应鲁棒跟踪控制方法研究,陈水文（TRAN THUY VAN）,湖南大学,2016-05-03,//cdmd.cnki.com.cn/Article/CDMD-10532-1016254125.htm
基于视频的人类行为识别方法研究,刘志康,中国科学技术大学,2018-05-01,//cdmd.cnki.com.cn/Article/CDMD-10358-1018088277.htm
基于神经网络和机器视觉的南方葡萄专家系统研究,金燕,湖南农业大学,2009-04-23,//cdmd.cnki.com.cn/Article/CDMD-10537-2009090430.htm
几类时滞差分、微分方程神经网络模型的动力学分析,朱惠延,湖南大学,2006-03-31,//cdmd.cnki.com.cn/Article/CDMD-10532-2006131871.htm
故障检测与诊断方法研究及其在网络化系统中的应用,乔常明,黑龙江大学,2015-03-20,//cdmd.cnki.com.cn/Article/CDMD-10212-1015381248.htm
融合视觉功能的神经网络和彩色图像分类研究,孙奇燕,福建师范大学,2020-05-01,//cdmd.cnki.com.cn/Article/CDMD-10394-1021743170.htm
神经动力系统的稳定性分析与综合,丁三波,东北大学,2018-05-01,//cdmd.cnki.com.cn/Article/CDMD-10145-1021133432.htm
协同卷积神经网络的风电齿轮箱故障诊断方法研究,韩延,重庆大学,2020-06-01,//cdmd.cnki.com.cn/Article/CDMD-10611-1020355772.htm
复值时变时滞随机神经网络系统的分析与控制,刘美娟,山东科技大学,2020-12-01,//cdmd.cnki.com.cn/Article/CDMD-10424-1021016505.htm
基于软计算方法的电力系统负荷预测,吴宏晓,上海交通大学,2007-10-01,//cdmd.cnki.com.cn/Article/CDMD-10248-2008051974.htm
基于仿生算法的机器人腕力传感器动态特性及相关技术研究,俞阿龙,东南大学,2004-12-28,//cdmd.cnki.com.cn/Article/CDMD-10286-2007064972.htm
时间序列数据分类、检索方法及应用研究,郑毅,中国科学技术大学,2015-05-01,//cdmd.cnki.com.cn/Article/CDMD-10358-1015581018.htm
新型抗癫痫药对APPswe/PS1dE9双转基因小鼠病理学与行为学的影响及机制研究,时建铨,南京医科大学,2013-05-01,//cdmd.cnki.com.cn/Article/CDMD-10312-1013286748.htm
遥感图像高精度并行监督分类技术研究,蒋艳凰,国防科学技术大学,2004-04-01,//cdmd.cnki.com.cn/Article/CDMD-90002-2005014429.htm
针对图像分类的对抗样本防御方法研究,刘嘉阳,中国科学技术大学,2020-06-03,//cdmd.cnki.com.cn/Article/CDMD-10358-1020088497.htm
基于深度迁移学习的机械设备智能诊断方法研究,陈祝云,华南理工大学,2020-05-21,//cdmd.cnki.com.cn/Article/CDMD-10561-1020334194.htm
基于人工智能的量化多因子模型的拓展及在中国股票市场上的应用,李兴有,中国社会科学院研究生院,2020-04-01,//cdmd.cnki.com.cn/Article/CDMD-80201-1020745272.htm
混沌控制与混沌优化及其在组合电路测试生成中的应用研究,康波,电子科技大学,2002-10-01,//cdmd.cnki.com.cn/Article/CDMD-10614-2003120213.htm
多时滞环状神经网络的稳定性与分岔分析,邹劭芬,湖南大学,2007-09-11,//cdmd.cnki.com.cn/Article/CDMD-10532-2008030574.htm
脉冲对神经网络和病毒传播动力学的影响,张先休,西南大学,2017-10-09,//cdmd.cnki.com.cn/Article/CDMD-10635-1018807219.htm
炸药与岩石智能匹配系统研究,郑长青,中国地质大学（北京）,2009-04-01,//cdmd.cnki.com.cn/Article/CDMD-11415-2009075965.htm
基于神经网络的结构可靠度计算方法的研究与应用,杜娟,内蒙古工业大学,2020-06-01,//cdmd.cnki.com.cn/Article/CDMD-10128-1020421482.htm
全预应力混凝土梁动力性能研究及有效预应力识别,李瑞鸽,华中科技大学,2009-11-01,//cdmd.cnki.com.cn/Article/CDMD-10487-2010042164.htm
高速公路智能控制方法研究,梁新荣,华南理工大学,2005-10-12,//cdmd.cnki.com.cn/Article/CDMD-10561-2006148265.htm
卷积神经网络和迁移学习在癌症影像分析中的研究,余绍德,中国科学院大学(中国科学院深圳先进技术研究院),2018-06-01,//cdmd.cnki.com.cn/Article/CDMD-80177-1018818563.htm
基于卷积神经网络的偏振成像目标分类方法和实验研究,孙瑞,中国科学技术大学,2020-06-20,//cdmd.cnki.com.cn/Article/CDMD-10358-1020092572.htm
骨密度与肾脏功能指标的相关性研究及基于人工神经网络方法对骨密度变化预测的探讨,汉雯,中国医科大学,2018-03-01,//cdmd.cnki.com.cn/Article/CDMD-10159-1018840269.htm
面向无线通信系统的高性能低复杂度数字预失真研究,张益康,中国科学技术大学,2020-06-29,//cdmd.cnki.com.cn/Article/CDMD-10358-1020088519.htm
几类不确定非线性系统的输出反馈自适应动态面控制研究,夏晓南,扬州大学,2016-04-10,//cdmd.cnki.com.cn/Article/CDMD-11117-1016287901.htm
基于非线性不确定观测器的多模态智能轮椅自适应控制方法研究,樊劲辉,北京工业大学,2019-06-01,//cdmd.cnki.com.cn/Article/CDMD-10005-1020712986.htm
生物医学文本挖掘若干关键技术研究,罗凌,大连理工大学,2019-09-05,//cdmd.cnki.com.cn/Article/CDMD-10141-1019243489.htm
基于智能优化算法的港口国监督选船模型研究,孙忠华,大连海事大学,2012-12-01,//cdmd.cnki.com.cn/Article/CDMD-10151-1013242518.htm
合成孔径雷达干涉（INSAR）三维成像处理技术研究,毛建旭,湖南大学,2002-10-16,//cdmd.cnki.com.cn/Article/CDMD-10532-2003080738.htm
城市空气质量预测模型与数据可视化方法研究,蒋志方,山东大学,2011-10-20,//cdmd.cnki.com.cn/Article/CDMD-10422-1012301938.htm
递归神经网络结构设计方法及应用研究,陈启丽,北京工业大学,2014-06-01,//cdmd.cnki.com.cn/Article/CDMD-10005-1015007066.htm
基于图像的煤岩识别方法研究,佘杰,中国矿业大学（北京）,2014-06-01,//cdmd.cnki.com.cn/Article/CDMD-11413-1014371340.htm
时滞系统采样控制的镇定与同步研究,张瑞梅,电子科技大学,2019-09-13,//cdmd.cnki.com.cn/Article/CDMD-10614-1020716546.htm
基于神经网络技术的地球自转变化预报,王琪洁,中国科学院研究生院（上海天文台）,2007-06-01,//cdmd.cnki.com.cn/Article/CDMD-80022-2007128427.htm
矿井瓦斯爆炸源位置和强度反演研究,马一飞,中国矿业大学(北京),2019-03-20,//cdmd.cnki.com.cn/Article/CDMD-11413-1019064313.htm
基于神经网络的预测控制在摆式客车倾摆系统的应用研究,张济民,西南交通大学,2004-04-01,//cdmd.cnki.com.cn/Article/CDMD-10613-2004106283.htm
熔融沉积成型有限元模拟与工艺优化研究,纪良波,南昌大学,2011-06-01,//cdmd.cnki.com.cn/Article/CDMD-11902-1011239587.htm
MR影像组学和深度学习在胶质瘤术前诊断评估中的应用,董飞,浙江大学,2019-03-01,//cdmd.cnki.com.cn/Article/CDMD-10335-1019261690.htm
基于神经网络辨识模型的质子交换膜燃料电池系统建模与控制研究,王瑞敏,上海交通大学,2008-11-01,//cdmd.cnki.com.cn/Article/CDMD-10248-2009109272.htm
基于神经网络和遗传规划的汇率预测技术研究,廖薇,华东师范大学,2010-04-01,//cdmd.cnki.com.cn/Article/CDMD-10269-2010198406.htm
新概念车舒适性与操纵稳定性研究,郑军,湖南大学,2001-04-01,//cdmd.cnki.com.cn/Article/CDMD-10532-2001008356.htm
高分辨率遥感图像典型目标高精度分割研究,王宇,河南理工大学,2018-06-05,//cdmd.cnki.com.cn/Article/CDMD-10460-1020630263.htm
基于高光谱和图像处理技术的油菜病虫害早期监测方法和机理研究,赵芸,浙江大学,2013-03-01,//cdmd.cnki.com.cn/Article/CDMD-10335-1013153320.htm
汽车模具企业制造执行系统研究,刘煜,山东大学,2010-04-08,//cdmd.cnki.com.cn/Article/CDMD-10422-2010101853.htm
几类神经网络模型的动力学分析及混沌理论的研究,吴晨,复旦大学,2006-09-10,//cdmd.cnki.com.cn/Article/CDMD-10246-2007069317.htm
工业机器人模糊神经网络控制及最优运动规划方法研究,卢兴国,哈尔滨工业大学,2018-09-01,//cdmd.cnki.com.cn/Article/CDMD-10213-1019645586.htm
基于蒙特卡罗模拟和人工神经算法的伽马射线能谱数据处理技术,李飞,成都理工大学,2015-04-01,//cdmd.cnki.com.cn/Article/CDMD-10616-1015312832.htm
基于反应扩散方程的神经网络与种群模型的动力学研究,王玲,南京航空航天大学,2016-04-01,//cdmd.cnki.com.cn/Article/CDMD-10287-1017836556.htm
多源信息耦合的成矿预测新模型研究,陈广洲,合肥工业大学,2010-10-01,//cdmd.cnki.com.cn/Article/CDMD-10359-1011033742.htm
深部硬岩岩爆倾向性动态预测模型及其应用,郭立,中南大学,2004-07-01,//cdmd.cnki.com.cn/Article/CDMD-10533-2006037408.htm
小波神经网络及其在飞控系统中的应用研究,黄宜军,西北工业大学,2006-06-01,//cdmd.cnki.com.cn/Article/CDMD-10699-2007035474.htm
基于用户行为关系挖掘的个性化推荐模型及算法,郭慧丰,哈尔滨工业大学,2018-06-01,//cdmd.cnki.com.cn/Article/CDMD-10213-1018895687.htm
数据驱动的污水处理过程故障诊断与多步预测,肖红军,华南理工大学,2016-10-10,//cdmd.cnki.com.cn/Article/CDMD-10561-1017805746.htm
数据中心的网络调度与应用研究,宋涛,上海交通大学,2018-05-08,//cdmd.cnki.com.cn/Article/CDMD-10248-1019640743.htm
非线性伺服系统干扰补偿及自适应控制研究,王树波,北京理工大学,2017-06-01,//cdmd.cnki.com.cn/Article/CDMD-10007-1019828766.htm
稀疏深度学习理论与应用,赵进,西安电子科技大学,2019-05-01,//cdmd.cnki.com.cn/Article/CDMD-10701-1020035972.htm
基于粒子群优化的随机前馈神经网络的研究,凌青华,江苏大学,2019-04-18,//cdmd.cnki.com.cn/Article/CDMD-10299-1019893526.htm
数控机床直线电驱进给系统控制技术及动态特性研究,潘超,江苏大学,2011-04-01,//cdmd.cnki.com.cn/Article/CDMD-10299-1011148363.htm
冷带轧机板形智能识别与智能控制研究,张秀玲,燕山大学,2002-09-01,//cdmd.cnki.com.cn/Article/CDMD-10216-2003063910.htm
机器学习及其神经网络分类器优化设计,胡静,合肥工业大学,2007-05-01,//cdmd.cnki.com.cn/Article/CDMD-10359-2007102646.htm
复杂非线性系统的智能故障诊断与容错控制,刘春生,南京航空航天大学,2006-11-01,//cdmd.cnki.com.cn/Article/CDMD-10287-2007193988.htm
生物神经网络拓扑特性与结构演化的仿真建模,袁野,上海交通大学,2020-09-01,//cdmd.cnki.com.cn/Article/CDMD-10248-1021679642.htm
眼底病变智能诊断研究,张炜,四川大学,2021-03-01,//cdmd.cnki.com.cn/Article/CDMD-10610-1021833992.htm
造波机系统运动控制及其网络化技术研究,刘达,大连理工大学,2013-03-18,//cdmd.cnki.com.cn/Article/CDMD-10141-1014154736.htm
几类随机时滞非线性系统稳定性分析与综合问题研究,董猛,东北大学,2010-04-01,//cdmd.cnki.com.cn/Article/CDMD-10145-1013117059.htm
若干计算智能方法在CDMA多用户检测中的应用研究,王焱滨,电子科技大学,2003-03-01,//cdmd.cnki.com.cn/Article/CDMD-10614-2003120201.htm
新型蜜网体系结构及告警聚类的关键技术研究,胥小波,北京邮电大学,2012-04-06,//cdmd.cnki.com.cn/Article/CDMD-10013-1012499113.htm
基于同伦方法的路面模量反算的研究,查旭东,长安大学,2001-05-01,//cdmd.cnki.com.cn/Article/CDMD-11941-2001003679.htm
基于深度学习的多源信息融合推荐算法研究,邢淑凝,山东师范大学,2019-06-10,//cdmd.cnki.com.cn/Article/CDMD-10445-1019904613.htm
一类欠驱动机械系统的起摆控制方法研究,夏德银,东北大学,2014-01-01,//cdmd.cnki.com.cn/Article/CDMD-10145-1016012223.htm
智能控制技术在炼钢电弧炉中的应用研究,马戎,西北工业大学,2006-10-01,//cdmd.cnki.com.cn/Article/CDMD-10699-2007214205.htm
城市立交桥梁健康监测理论与实践技术研究,宫亚峰,吉林大学,2010-12-01,//cdmd.cnki.com.cn/Article/CDMD-10183-2011014698.htm
机械产品概念设计方案生成及评价方法研究,薛立华,大连理工大学,2005-12-01,//cdmd.cnki.com.cn/Article/CDMD-10141-2006064786.htm
正交回归神经网络及其在控制系统中的应用,诸勇,浙江大学,1998-05-01,//cdmd.cnki.com.cn/Article/CDMD-10335-2006151482.htm
飞行器气动外形优化设计方法研究与应用,王丹,西北工业大学,2015-06-01,//cdmd.cnki.com.cn/Article/CDMD-10699-1016909403.htm
气象因素对上消化道出血的影响及BP神经网络模型的建立,赵景润,山东大学,2014-09-09,//cdmd.cnki.com.cn/Article/CDMD-10422-1015522342.htm
多子波分析及其在CDMA中的应用,潘进,西安电子科技大学,2001-09-01,//cdmd.cnki.com.cn/Article/CDMD-10701-2002050388.htm
递归神经网络的动力学行为分析,王芬,武汉科技大学,2011-05-03,//cdmd.cnki.com.cn/Article/CDMD-10488-1011186810.htm
基于FPGA的卷积神经网络加速器关键技术研究,刘志强,国防科技大学,2019-04-01,//cdmd.cnki.com.cn/Article/CDMD-91002-1020385967.htm
基于卷积神经网络的行人再识别算法研究,申晨,浙江大学,2018-10-01,//cdmd.cnki.com.cn/Article/CDMD-10335-1019076006.htm
基于上下文位置的文本匹配若干关键技术研究,宋扬,华东师范大学,2019-05-10,//cdmd.cnki.com.cn/Article/CDMD-10621-1019835557.htm
飞机自动化装配工业机器人精度补偿方法与实验研究,周炜,南京航空航天大学,2012-12-01,//cdmd.cnki.com.cn/Article/CDMD-10287-1014059502.htm
基于自回归深度神经网络的单通道语音分离方法研究,李曾玺,中国科学技术大学,2019-05-01,//cdmd.cnki.com.cn/Article/CDMD-10358-1019057788.htm
面向泵车的故障诊断技术研究,董增寿,太原科技大学,2013-05-01,//cdmd.cnki.com.cn/Article/CDMD-10109-1013183631.htm
几类时滞神经网络模型的动力学分析,孟益民,湖南大学,2007-09-19,//cdmd.cnki.com.cn/Article/CDMD-10532-2008030573.htm
基于事件驱动的分布式合作辨识和学习控制,高飞,西安电子科技大学,2019-06-01,//cdmd.cnki.com.cn/Article/CDMD-10701-1020000571.htm
基于复杂网络理论的信息网络关键技术的研究,顾亦然,南京邮电大学,2010-09-01,//cdmd.cnki.com.cn/Article/CDMD-10293-1012276086.htm
基于一种自适应突触学习规则的网络同步分析以及在记忆模型中的应用,严传魁,华东理工大学,2012-08-30,//cdmd.cnki.com.cn/Article/CDMD-10251-1012516385.htm
面向序列数据分析的分布式存储与计算技术研究,牛德姣,江苏大学,2018-10-20,//cdmd.cnki.com.cn/Article/CDMD-10299-1019649321.htm
基于软计算融合的城市道路交通资源选址研究,汤旻安,兰州交通大学,2011-06-02,//cdmd.cnki.com.cn/Article/CDMD-10732-1012252370.htm
流域水文建模及预报方法研究,郭俊,华中科技大学,2013-06-01,//cdmd.cnki.com.cn/Article/CDMD-10487-1014024687.htm
基于深度卷积神经网络的医学影像诊断关键技术研究,庞浩,北京邮电大学,2019-03-25,//cdmd.cnki.com.cn/Article/CDMD-10013-1019044566.htm
迟滞Hammerstein非线性系统辨识与控制,高学辉,北京理工大学,2016-01-01,//cdmd.cnki.com.cn/Article/CDMD-10007-1016710646.htm
进化RBF神经网络分类器研究,薛富强,解放军信息工程大学,2009-04-15,//cdmd.cnki.com.cn/Article/CDMD-90008-1011271110.htm
非线性系统动态面控制及其在伺服系统中的应用,孙国法,北京理工大学,2014-12-01,//cdmd.cnki.com.cn/Article/CDMD-10007-1015029663.htm
基于遗传算法优化的中文分词研究,何嘉,电子科技大学,2012-03-01,//cdmd.cnki.com.cn/Article/CDMD-10614-1012473824.htm
基于DBSI的深度神经网络学习在鉴别诊断前列腺癌及预测病理分级中的应用价值,阳青松,中国人民解放军海军军医大学,2021-05-01,//cdmd.cnki.com.cn/Article/CDMD-91020-1021067650.htm
基于深度学习的磁共振动态成像,柯子文,中国科学院大学(中国科学院深圳先进技术研究院),2021-06-01,//cdmd.cnki.com.cn/Article/CDMD-80177-1021647334.htm
BOTDR传感系统性能优化方法研究,王健健,华北电力大学(北京),2021-06-01,//cdmd.cnki.com.cn/Article/CDMD-11412-1021121786.htm
基于深度神经网络的图像聚类算法研究,郭西风,国防科技大学,2020-06-01,//cdmd.cnki.com.cn/Article/CDMD-91002-1021828356.htm
基于影像组学的多维度深度学习模型预测贝伐单抗治疗晚期非小细胞肺癌患者预后的研究,李步托,天津医科大学,2020-05-01,//cdmd.cnki.com.cn/Article/CDMD-10062-1020440986.htm
基于非易失性存储单元的神经网络加速器设计,陈艳,湖南大学,2020-04-10,//cdmd.cnki.com.cn/Article/CDMD-10532-1020405970.htm
面向图像语义分割的新型卷积神经网络及其应用研究,Robail Yasrab,中国科学技术大学,2017-05-01,//cdmd.cnki.com.cn/Article/CDMD-10358-1017071240.htm
基于高分辨率遥感影像的植被分类方法研究,王鑫,北京林业大学,2015-05-01,//cdmd.cnki.com.cn/Article/CDMD-10022-1015319515.htm
基于视觉的室内场景识别及其在多源融合定位中的应用,刘梦云,武汉大学,2019-04-01,//cdmd.cnki.com.cn/Article/CDMD-10486-1019607853.htm
基于神经网络与模糊技术的内燃机热工故障在线诊断的研究,薛胜军,武汉理工大学,2001-12-01,//cdmd.cnki.com.cn/Article/CDMD-10497-2003095116.htm
基于神经网络的藻类水华建模与预测研究,李洪斌,华中科技大学,2007-04-01,//cdmd.cnki.com.cn/Article/CDMD-10487-2009033455.htm
二进制粒神经网络研究及其在故障诊断中的应用,谢珺,太原理工大学,2009-05-01,//cdmd.cnki.com.cn/Article/CDMD-10112-2010074167.htm
基于神经网络的自然语言语义表征方法研究,陈谦,中国科学技术大学,2018-05-20,//cdmd.cnki.com.cn/Article/CDMD-10358-1018095960.htm
油田物流系统优化与经济效益评价研究,赵崤含,中国地质大学,2015-05-01,//cdmd.cnki.com.cn/Article/CDMD-10491-1015709851.htm
几类具有不连续激励函数神经网络模型的动力学研究,王艳群,湖南大学,2015-04-16,//cdmd.cnki.com.cn/Article/CDMD-10532-1015734186.htm
智能计算在CDMA多用户检测中的应用研究,马杰,哈尔滨工程大学,2006-05-01,//cdmd.cnki.com.cn/Article/CDMD-10217-2006133433.htm
三维点云配准识别与标记技术研究,马燕新,国防科技大学,2018-06-01,//cdmd.cnki.com.cn/Article/CDMD-91002-1020700648.htm
通用向量机优化理论及其在时间序列预测中的应用研究,雍宾宾,兰州大学,2017-10-01,//cdmd.cnki.com.cn/Article/CDMD-10730-1018804013.htm
基于协同进化的混合智能优化算法及其应用研究,邓武,大连海事大学,2012-10-01,//cdmd.cnki.com.cn/Article/CDMD-10151-1013109704.htm
人工嗅觉系统中的信息处理技术,曲建岭,西北工业大学,2000-12-01,//cdmd.cnki.com.cn/Article/CDMD-10699-2000003206.htm
基于深度学习的交互式问答技术研究,周小强,哈尔滨工业大学,2017-07-01,//cdmd.cnki.com.cn/Article/CDMD-10213-1018896866.htm
带有执行器故障的多智能体系统一致性问题研究,张高生,中国科学技术大学,2019-05-01,//cdmd.cnki.com.cn/Article/CDMD-10358-1019074428.htm
基于卷积神经网络的心律失常自动分类关键技术研究,李嘉,吉林大学,2019-06-01,//cdmd.cnki.com.cn/Article/CDMD-10183-1019159199.htm
随机时滞神经网络的动力行为分析,孙小淇,中国海洋大学,2015-05-26,//cdmd.cnki.com.cn/Article/CDMD-10423-1015712763.htm
基于免疫—禁忌混合算法的汽轮发电机组优化运行研究,李蔚,浙江大学,2006-07-20,//cdmd.cnki.com.cn/Article/CDMD-10335-2006175674.htm
基于神经网络方法的自相关过程控制研究,刘冬生,天津大学,2006-08-01,//cdmd.cnki.com.cn/Article/CDMD-10056-2008181912.htm
几类神经网络模型的动力学研究,黄创霞,湖南大学,2006-03-16,//cdmd.cnki.com.cn/Article/CDMD-10532-2006131899.htm
中医辨证融合型软计算方法研究,吴芸,厦门大学,2007-03-01,//cdmd.cnki.com.cn/Article/CDMD-10384-2008058227.htm
基于计算智能的电网故障诊断方法研究,熊国江,华中科技大学,2014-05-01,//cdmd.cnki.com.cn/Article/CDMD-10487-1014232130.htm
榆林资源型产业集群可持续发展预警研究,宋敏,西北农林科技大学,2010-09-01,//cdmd.cnki.com.cn/Article/CDMD-10712-1011070898.htm
基于粗糙集模糊神经网络的微孔钻削在线监测研究,李雪,吉林大学,2008-03-25,//cdmd.cnki.com.cn/Article/CDMD-10183-2008126452.htm
几类分数阶系统的动力学分析与控制,宋超,东南大学,2015-05-01,//cdmd.cnki.com.cn/Article/CDMD-10286-1016753997.htm
不确定性预测与决策方法及其在油藏管理单元评价中的应用研究,孔新海,西南石油大学,2013-06-01,//cdmd.cnki.com.cn/Article/CDMD-10615-1014159646.htm
基于卷积神经网络的弱监督物体检测方法研究,傅瑞罡,国防科技大学,2018-12-01,//cdmd.cnki.com.cn/Article/CDMD-91002-1020385978.htm
多模态生物特征融合的神经网络方法,蒲晓蓉,电子科技大学,2007-09-01,//cdmd.cnki.com.cn/Article/CDMD-10614-2008123807.htm
基于深度神经网络的图像标注算法研究,杜晓宇,电子科技大学,2019-10-08,//cdmd.cnki.com.cn/Article/CDMD-10614-1020716344.htm
基于忆阻器的电路分析及其在神经形态系统中的应用,董哲康,浙江大学,2019-03-01,//cdmd.cnki.com.cn/Article/CDMD-10335-1019047777.htm
水稻微波散射特性研究及参数反演,贾明权,电子科技大学,2013-09-15,//cdmd.cnki.com.cn/Article/CDMD-10614-1014137380.htm
基于深度学习的柔性压力阵列信息的压缩采样、重构和预测,韩韬,东华大学,2018-05-01,//cdmd.cnki.com.cn/Article/CDMD-10255-1018995747.htm
基于多维度融合的电信产业发展趋势研究,李雷,北京邮电大学,2008-05-20,//cdmd.cnki.com.cn/Article/CDMD-10013-2008139219.htm
忆阻器及其交叉阵列在数据存取和图像识别中的应用研究,代宇,重庆大学,2015-10-01,//cdmd.cnki.com.cn/Article/CDMD-10611-1016704701.htm
几类变时滞神经网络的稳定性研究,田俊康,电子科技大学,2013-03-12,//cdmd.cnki.com.cn/Article/CDMD-10614-1013335633.htm
混沌粒子群优化算法理论及应用,唐贤伦,重庆大学,2007-04-01,//cdmd.cnki.com.cn/Article/CDMD-10611-2007181498.htm
仿人机器人数字仿真与虚拟示教关键技术研究,甘志刚,华南理工大学,2009-10-09,//cdmd.cnki.com.cn/Article/CDMD-10561-2010047934.htm
混沌系统的模糊神经网络控制理论方法研究,谭文,湖南大学,2006-03-15,//cdmd.cnki.com.cn/Article/CDMD-10532-2006131888.htm
水下重力场辅助导航定位关键技术研究,张红伟,哈尔滨工程大学,2013-04-01,//cdmd.cnki.com.cn/Article/CDMD-10217-1014133909.htm
二进神经网络中关于线性可分结构的若干问题研究,杨娟,合肥工业大学,2012-07-01,//cdmd.cnki.com.cn/Article/CDMD-10359-1013260227.htm
大型冷凝器清洗机器人的智能鲁棒控制方法研究,彭金柱,湖南大学,2008-04-17,//cdmd.cnki.com.cn/Article/CDMD-10532-2008081525.htm
面向视频监控语义理解的神经网络结构设计,黄思羽,浙江大学,2019-04-09,//cdmd.cnki.com.cn/Article/CDMD-10335-1019247882.htm
生理信号的情感计算研究及其应用,李幼军,北京工业大学,2018-05-26,//cdmd.cnki.com.cn/Article/CDMD-10005-1019700546.htm
基于间歇控制的混沌系统的镇定与同步,黄军建,重庆大学,2014-03-01,//cdmd.cnki.com.cn/Article/CDMD-10611-1014042935.htm
物流园区预测方法及应用研究,云俊,武汉理工大学,2003-05-01,//cdmd.cnki.com.cn/Article/CDMD-10497-2003095167.htm
基于视觉稀疏表示和深度脊波网络的遥感图像融合及分类,石程,西安电子科技大学,2016-04-01,//cdmd.cnki.com.cn/Article/CDMD-10701-1016245832.htm
面向服装流行色预测的层次协同演化模型与算法研究,赵黎,天津工业大学,2016-12-31,//cdmd.cnki.com.cn/Article/CDMD-10058-1019107781.htm
基于市场驱动代理和学习机制的自动协商模型研究,申春,吉林大学,2012-06-01,//cdmd.cnki.com.cn/Article/CDMD-10183-1012365682.htm
欠驱动无人船的路径跟踪与协同控制,刘陆,大连海事大学,2018-03-20,//cdmd.cnki.com.cn/Article/CDMD-10151-1018269204.htm
混沌神经网络算法研究及其在医学图像处理中的应用,张诣,大连理工大学,2013-07-01,//cdmd.cnki.com.cn/Article/CDMD-10141-1014154640.htm
基于随机映射神经网络的非线性时间序列建模预测研究,沈力华,华中科技大学,2018-11-01,//cdmd.cnki.com.cn/Article/CDMD-10487-1019819149.htm
基于集成神经网络的便携式空气质量监测电子鼻系统性能的提升,Chaibou Kadri,重庆大学,2013-04-01,//cdmd.cnki.com.cn/Article/CDMD-10611-1013042796.htm
若干改进的人工免疫算法及其在大气环境领域中的应用,韩旭明,吉林大学,2010-12-01,//cdmd.cnki.com.cn/Article/CDMD-10183-2011014353.htm
基于学习机器的洪水预报模型研究,梅松,浙江大学,2004-05-01,//cdmd.cnki.com.cn/Article/CDMD-10335-2004075871.htm
基于新型工业化的科技需求与科技能力研究,杨雪,吉林大学,2005-04-25,//cdmd.cnki.com.cn/Article/CDMD-10183-2005109163.htm
忆阻神经网络的鲁棒同步及其控制研究,李月恒,北京科技大学,2019-12-17,//cdmd.cnki.com.cn/Article/CDMD-10008-1020006666.htm
几类非线性系统的混沌同步与分岔控制,海泉,山东大学,2019-05-20,//cdmd.cnki.com.cn/Article/CDMD-10422-1019075800.htm
基于智能优化方法的永磁电机驱动液压动力源控制策略研究,马玉,西安建筑科技大学,2013-06-01,//cdmd.cnki.com.cn/Article/CDMD-10703-1015037119.htm
基于智能控制的潜艇操纵运动仿真研究,熊瑛,中国舰船研究院,2011-04-01,//cdmd.cnki.com.cn/Article/CDMD-10289-1011301500.htm
模拟电路故障诊断神经智能果蝇算法研究,于文新,湖南大学,2015-04-15,//cdmd.cnki.com.cn/Article/CDMD-10532-1015734207.htm
基于混合智能算法的热工动态过程故障诊断研究,王晓霞,华北电力大学,2014-06-01,//cdmd.cnki.com.cn/Article/CDMD-10079-1014371243.htm
基于点模型的服装面料平整度等级客观评级研究,陈慧敏,东华大学,2007-06-20,//cdmd.cnki.com.cn/Article/CDMD-10255-2008045437.htm
石油价格预测方法研究,程方正,华东理工大学,2018-09-26,//cdmd.cnki.com.cn/Article/CDMD-10251-1019018765.htm
基于自旋电子器件的神经形态器件研究,蔡佳林,中国科学技术大学,2019-05-16,//cdmd.cnki.com.cn/Article/CDMD-10358-1019057879.htm
CO_2与原油最小混相压力模拟预测及实验测定,陈光莹,湖南大学,2016-05-01,//cdmd.cnki.com.cn/Article/CDMD-10532-1016239135.htm
基于双模态信号集成深度学习的冠心病检测研究,李晗,山东大学,2020-06-10,//cdmd.cnki.com.cn/Article/CDMD-10422-1020145600.htm
几类复杂动力系统的有限时间和固定时间同步,张万里,西南大学,2019-10-09,//cdmd.cnki.com.cn/Article/CDMD-10635-1020722137.htm
基于Volterra级数和神经网络的非线性电路故障诊断研究,殷时蓉,电子科技大学,2007-03-01,//cdmd.cnki.com.cn/Article/CDMD-10614-2007101123.htm
