PaperName,Author,FromSchool,Time,Url
思维的认知哲学研究,周振华,山西大学,2016-06-01,//cdmd.cnki.com.cn/Article/CDMD-10108-1017000421.htm
情商网络模型及算法研究,公超,北京科技大学,2020-05-27,//cdmd.cnki.com.cn/Article/CDMD-10008-1020109086.htm
基于Community Intelligence的水电企业模型及应用研究,曾洪涛,华中科技大学,2006-05-01,//cdmd.cnki.com.cn/Article/CDMD-10487-2008024624.htm
iRobot——一种基于类自然语言人机交互系统的初步研究与实现,李金厚,浙江大学,2005-11-01,//cdmd.cnki.com.cn/Article/CDMD-10335-2006073634.htm
基于眼底荧光血管造影的视网膜静脉阻塞人工智能分型诊断系统及其应用,侯军军,天津医科大学,2020-05-01,//cdmd.cnki.com.cn/Article/CDMD-10062-1020441148.htm
学术论文关键指标智能化评价研究,杜杏叶,吉林大学,2019-12-01,//cdmd.cnki.com.cn/Article/CDMD-10183-1020011312.htm
不确定性环境下的语言值推理及规则学习研究,张云霞,大连理工大学,2019-09-05,//cdmd.cnki.com.cn/Article/CDMD-10141-1019243482.htm
电力市场环境下售电公司购售电交易优化模型研究,喻小宝,华北电力大学(北京),2018-06-01,//cdmd.cnki.com.cn/Article/CDMD-11412-1018240728.htm
基于本体的路考评判专家系统研究与应用,吴业福,武汉理工大学,2014-03-01,//cdmd.cnki.com.cn/Article/CDMD-10497-1015001498.htm
基于人工智能的量化多因子模型的拓展及在中国股票市场上的应用,李兴有,中国社会科学院研究生院,2020-04-01,//cdmd.cnki.com.cn/Article/CDMD-80201-1020745272.htm
机器人视觉导航中的图像处理问题研究,胡凯,东南大学,2015-11-23,//cdmd.cnki.com.cn/Article/CDMD-10286-1016050232.htm
基于脑电的听觉注意解码与情绪识别的认知计算研究,陆云,哈尔滨工业大学,2020-07-01,//cdmd.cnki.com.cn/Article/CDMD-10213-1020401993.htm
大健康数据智能分析关键方法研究,张笑东,中国科学院大学(中国科学院沈阳计算技术研究所),2020-06-01,//cdmd.cnki.com.cn/Article/CDMD-80133-1020626056.htm
地下水LNAPLs污染溯源辨析,李久辉,吉林大学,2021-06-01,//cdmd.cnki.com.cn/Article/CDMD-10183-1021099670.htm
对抗样本技术在恶意软件检测和自动驾驶应用中的研究,刘鑫波,湖南大学,2020-04-16,//cdmd.cnki.com.cn/Article/CDMD-10532-1020405886.htm
电子商务订单实时处理的智能系统研究,许智超,大连理工大学,2005-10-01,//cdmd.cnki.com.cn/Article/CDMD-10141-2006064789.htm
重庆市流行性感冒流行特征及预测研究,宿昆,中国人民解放军陆军军医大学,2020-06-01,//cdmd.cnki.com.cn/Article/CDMD-91012-1020391608.htm
人工智能方法在估价领域的研究与应用,叶青,华侨大学,2011-04-01,//cdmd.cnki.com.cn/Article/CDMD-10385-1011303704.htm
人工智能在放射治疗中的若干应用研究,陈海斌,南方医科大学,2018-05-14,//cdmd.cnki.com.cn/Article/CDMD-12121-1018276210.htm
图像内容的语义描述与理解,袁爱红,中国科学院大学(中国科学院西安光学精密机械研究所),2018-11-01,//cdmd.cnki.com.cn/Article/CDMD-80142-1019813091.htm
免疫克隆策略算法及其应用研究,刘若辰,西安电子科技大学,2005-06-01,//cdmd.cnki.com.cn/Article/CDMD-10701-2006020236.htm
混合智能系统及其在商务智能中的应用研究,王刚,复旦大学,2008-04-09,//cdmd.cnki.com.cn/Article/CDMD-10246-2009019650.htm
基于Multi-Agent的分布式污水处理智能化系统研究,卿晓霞,重庆大学,2007-04-01,//cdmd.cnki.com.cn/Article/CDMD-10611-2007180056.htm
超临界CO_2压裂煤体分阶段致裂机理及裂缝扩展规律,闫浩,中国矿业大学,2020-06-01,//cdmd.cnki.com.cn/Article/CDMD-10290-1020826624.htm
面向临床决策支持的人工智能关键技术研究,李林峰,北京交通大学,2020-06-09,//cdmd.cnki.com.cn/Article/CDMD-10004-1020444499.htm
基于计算智能的计算机视觉及其应用研究,刘钊,武汉科技大学,2011-12-12,//cdmd.cnki.com.cn/Article/CDMD-11915-1012267705.htm
概念结构及其应用,张蕾,西北工业大学,2001-05-01,//cdmd.cnki.com.cn/Article/CDMD-10699-2003101454.htm
基于FPGA的卷积神经网络加速器关键技术研究,刘志强,国防科技大学,2019-04-01,//cdmd.cnki.com.cn/Article/CDMD-91002-1020385967.htm
陈潮祖医案“五经五纬”方证对应数字化模型研究,肖晔,成都中医药大学,2020-07-01,//cdmd.cnki.com.cn/Article/CDMD-10633-1020417421.htm
基于先验知识、实时态势感知、交互学习的MEMS仿生个体,赵岳生,清华大学,2013-10-01,//cdmd.cnki.com.cn/Article/CDMD-10003-1015007184.htm
关联规则挖掘算法研究,高飞,西安电子科技大学,2001-10-01,//cdmd.cnki.com.cn/Article/CDMD-10701-2002050396.htm
船型方案论证与智能决策方法研究,桑松,大连理工大学,2002-12-01,//cdmd.cnki.com.cn/Article/CDMD-10141-2003110418.htm
基于遗传继承视角的研究前沿演化研究,黄福,大连理工大学,2020-03-01,//cdmd.cnki.com.cn/Article/CDMD-10141-1020093950.htm
大功率三相PWM变换器的谐波优化,娄慧波,华中科技大学,2009-10-01,//cdmd.cnki.com.cn/Article/CDMD-10487-2010042308.htm
基于多Agent的智能管理信息系统理论与应用研究,黄逸民,浙江大学,2002-11-01,//cdmd.cnki.com.cn/Article/CDMD-10335-2003082904.htm
分布式强化学习理论及在多机器人中的应用研究,仲宇,哈尔滨工程大学,2003-10-01,//cdmd.cnki.com.cn/Article/CDMD-10217-2004141311.htm
基于因果图的不确定性推理理论及算法研究,王洪春,重庆大学,2005-04-20,//cdmd.cnki.com.cn/Article/CDMD-10611-2005145142.htm
不同水平油菜氮素含量遥感信息提取方法研究,王渊,浙江大学,2008-06-01,//cdmd.cnki.com.cn/Article/CDMD-10335-2008095083.htm
特殊岩性岩心实验分析新方法研究,周宇,中国科学院研究生院（渗流流体力学研究所）,2011-04-01,//cdmd.cnki.com.cn/Article/CDMD-80027-1011186833.htm
神经网络加速器的计算架构及存储优化技术研究,涂锋斌,清华大学,2019-06-01,//cdmd.cnki.com.cn/Article/CDMD-10003-1020828815.htm
基于符号动力学的神经编码机制研究,丁炯,浙江大学,2014-04-28,//cdmd.cnki.com.cn/Article/CDMD-10335-1014218679.htm
新媒体“后阅读”：内容、传播与文化意义,郭峥,上海大学,2019-04-10,//cdmd.cnki.com.cn/Article/CDMD-10280-1019249681.htm
支持向量机的理论与算法研究,王国胜,北京邮电大学,2007-06-01,//cdmd.cnki.com.cn/Article/CDMD-10013-2008140227.htm
深部巷道围岩变形损伤机理及破裂演化规律研究,许国安,中国矿业大学,2011-05-01,//cdmd.cnki.com.cn/Article/CDMD-10290-1011281016.htm
知识图谱分布式表示研究,韩笑,北京邮电大学,2019-05-27,//cdmd.cnki.com.cn/Article/CDMD-10013-1019112867.htm
摩擦起电诱导的机械感知器件与系统集成研究,赵璇,北京科技大学,2020-11-03,//cdmd.cnki.com.cn/Article/CDMD-10008-1021001380.htm
动物伦理中的权利与福利问题研究,曹文斌,湘潭大学,2019-12-01,//cdmd.cnki.com.cn/Article/CDMD-10530-1020019248.htm
基于风险的电力系统静态安全分析与预防控制,陈为化,浙江大学,2007-09-01,//cdmd.cnki.com.cn/Article/CDMD-10335-2008028658.htm
基于卷积神经网络的电力系统暂态稳定评估,张若愚,北京交通大学,2020-09-01,//cdmd.cnki.com.cn/Article/CDMD-10004-1020444458.htm
Spiking神经网络学习算法及其应用研究,解修蕊,电子科技大学,2016-09-15,//cdmd.cnki.com.cn/Article/CDMD-10614-1017069836.htm
云机器人系统网络优化与计算卸载相关技术研究,郭宇,北京科技大学,2019-12-17,//cdmd.cnki.com.cn/Article/CDMD-10008-1020006692.htm
公务员体质健康促进智能化运动处方系统的研究与应用,张崇林,上海体育学院,2012-07-01,//cdmd.cnki.com.cn/Article/CDMD-10277-1014113972.htm
基于机器学习理论的智能电网数据分析及算法研究,杨延东,北京邮电大学,2020-03-20,//cdmd.cnki.com.cn/Article/CDMD-10013-1020162445.htm
基于联合稀疏和局部线性的极限学习机及应用,雒晓卓,西安电子科技大学,2015-09-01,//cdmd.cnki.com.cn/Article/CDMD-10701-1016247728.htm
基于人工智能的土地利用适宜性评价模型研究与实现,於家,华东师范大学,2010-04-01,//cdmd.cnki.com.cn/Article/CDMD-10269-2010198417.htm
基于深度学习的智能汽车容错感知与决策控制方法研究,岳泊暄,浙江大学,2018-04-01,//cdmd.cnki.com.cn/Article/CDMD-10335-1019065967.htm
基于CBR-RBR集成方法的临床决策支持系统研究,叶枫,浙江工业大学,2011-10-18,//cdmd.cnki.com.cn/Article/CDMD-10337-1015534731.htm
城市交通信号系统智能控制策略研究,杨祖元,重庆大学,2008-04-01,//cdmd.cnki.com.cn/Article/CDMD-10611-2009047787.htm
相变存储半导体的电子规律与存储过程的第一性原理研究,陈念科,吉林大学,2018-06-01,//cdmd.cnki.com.cn/Article/CDMD-10183-1018217992.htm
深基坑工程基本过程数值模拟及实时优化研究,沈细中,武汉大学,2004-04-20,//cdmd.cnki.com.cn/Article/CDMD-10486-2004111545.htm
InSAR及多基线InSAR关键技术研究,谢先明,电子科技大学,2011-03-01,//cdmd.cnki.com.cn/Article/CDMD-10614-1011191815.htm
基于知识系统和人工智能技术的个性化特体人群服装设计支持系统,洪岩,苏州大学,2018-03-01,//cdmd.cnki.com.cn/Article/CDMD-10285-1018146569.htm
认知无线电中基于认知引擎的自适应传输研究,于洋,哈尔滨工业大学,2015-04-01,//cdmd.cnki.com.cn/Article/CDMD-10213-1015957202.htm
基于遗传编程的电力变压器绝缘故障诊断模型研究,章政,上海交通大学,2007-01-01,//cdmd.cnki.com.cn/Article/CDMD-10248-2007053369.htm
基于中医状态学理论的健康状态辨识算法研究,辛基梁,福建中医药大学,2020-06-01,//cdmd.cnki.com.cn/Article/CDMD-10393-1020634024.htm
含多微网配电系统多元主体互动运行策略研究,吕天光,上海交通大学,2018-05-01,//cdmd.cnki.com.cn/Article/CDMD-10248-1019640703.htm
劳动价值论研究,张鹏侠,东北师范大学,2007-03-01,//cdmd.cnki.com.cn/Article/CDMD-10200-2008017113.htm
基于遗传算法和多Agent协同的调度指挥系统研究,邢科家,铁道部科学研究院,2004-06-01,//cdmd.cnki.com.cn/Article/CDMD-83801-2004105189.htm
面向人工智能的嵌入式储存器及存内计算电路设计,司鑫,电子科技大学,2020-10-15,//cdmd.cnki.com.cn/Article/CDMD-10614-1021521764.htm
唯物史观视阈的信息文明研究,王水兴,江西师范大学,2018-06-01,//cdmd.cnki.com.cn/Article/CDMD-10414-1018135651.htm
基于XRD、NIR光谱技术及SVM算法的硅酸盐类矿物药快速鉴别研究,雷咪,湖北中医药大学,2018-05-11,//cdmd.cnki.com.cn/Article/CDMD-10507-1018166728.htm
高维因果网络结构学习关键技术研究,洪英汉,广东工业大学,2018-12-01,//cdmd.cnki.com.cn/Article/CDMD-11845-1019011358.htm
证据权土地适宜性评价模型及应用研究,吕利娜,中国地质大学(北京),2013-12-01,//cdmd.cnki.com.cn/Article/CDMD-11415-1016045491.htm
阴道镜下子宫颈鳞状上皮内病变的深度学习诊断系统的建立和验证,袁春女,浙江大学,2020-03-01,//cdmd.cnki.com.cn/Article/CDMD-10335-1020435681.htm
结肠镜肠道准备的优化及人工智能辅助结直肠息肉性质鉴别系统的建立与初步验证,潘鹏,中国人民解放军海军军医大学,2020-06-01,//cdmd.cnki.com.cn/Article/CDMD-91020-1020053313.htm
基于神经网络的关系抽取关键技术研究,张新松,上海交通大学,2019-05-22,//cdmd.cnki.com.cn/Article/CDMD-10248-1020727885.htm
媒体智能化背景下的新闻生产研究,贾军,武汉大学,2017-05-01,//cdmd.cnki.com.cn/Article/CDMD-10486-1017067070.htm
混沌神经网络及模糊混沌神经网络的研究与应用,郑丽颖,哈尔滨工程大学,2002-09-01,//cdmd.cnki.com.cn/Article/CDMD-10217-2003114008.htm
基于人工智能的汽车排气消声器设计技术研究,张杨,重庆大学,2018-05-01,//cdmd.cnki.com.cn/Article/CDMD-10611-1018855594.htm
音乐认知研究及其计算分析,诸薇娜,厦门大学,2008-04-01,//cdmd.cnki.com.cn/Article/CDMD-10384-2009077600.htm
单回合的回合制战棋博弈模型搜索算法研究,南海,重庆大学,2016-09-01,//cdmd.cnki.com.cn/Article/CDMD-10611-1017801798.htm
面向产品全生命周期的网络化技术服务研究,周晶,东北大学,2009-05-01,//cdmd.cnki.com.cn/Article/CDMD-10145-1012300421.htm
早产儿视网膜病变危险因素分析及发病预测模型研究,陈鹤,南方医科大学,2019-05-01,//cdmd.cnki.com.cn/Article/CDMD-12121-1020022409.htm
三峡回水变动区船舶航行路径优化及三维环境仿真研究,张丹,武汉理工大学,2011-10-01,//cdmd.cnki.com.cn/Article/CDMD-10497-1012272731.htm
信用评估与信用卡欺诈侦测的智能决策系统研究,李睿,华南理工大学,2011-06-27,//cdmd.cnki.com.cn/Article/CDMD-10561-1011188680.htm
糖尿病性视网膜病变玻切术后难治性青光眼的治疗和糖网发病风险预测技术探索,齐飞,辽宁中医药大学,2020-05-01,//cdmd.cnki.com.cn/Article/CDMD-10162-1020414977.htm
非确定动作推理的霍尔证明系统,何健坤,中山大学,2016-05-07,//cdmd.cnki.com.cn/Article/CDMD-10558-1016791183.htm
高性能视觉跟踪关键技术研究,黄达飞,国防科学技术大学,2017-05-01,//cdmd.cnki.com.cn/Article/CDMD-90002-1018997010.htm
中薄板坯连铸连轧X70管线钢组织性能预测及优化控制研究,赵彦峰,东北大学,2011-12-06,//cdmd.cnki.com.cn/Article/CDMD-10145-1015565453.htm
基于CORBA的多Agent系统的研究与开发,陈沛帅,浙江大学,2003-06-01,//cdmd.cnki.com.cn/Article/CDMD-10335-2004035143.htm
基于激励的数据标记技术研究及应用,孙家军,南京航空航天大学,2018-06-01,//cdmd.cnki.com.cn/Article/CDMD-10287-1019633404.htm
基于格蕴涵代数的格值逻辑及其模型论的研究,王学芳,西南交通大学,2004-04-01,//cdmd.cnki.com.cn/Article/CDMD-10613-2005031637.htm
信息系统内部威胁检测与感知方法,张红斌,西安电子科技大学,2009-04-01,//cdmd.cnki.com.cn/Article/CDMD-10701-2009195321.htm
协作型模糊混沌神经网络研究,张建民,哈尔滨工程大学,2006-04-01,//cdmd.cnki.com.cn/Article/CDMD-10217-2006133494.htm
基于Agent的无线GIS关键技术研究,彭溢,武汉大学,2010-10-01,//cdmd.cnki.com.cn/Article/CDMD-10486-1011065955.htm
人类语言交际中的“所言”,段维军,东北师范大学,2009-10-01,//cdmd.cnki.com.cn/Article/CDMD-10200-2010024008.htm
水利枢纽闸门综合集成自动化研究与实践,张志学,华中科技大学,2004-03-01,//cdmd.cnki.com.cn/Article/CDMD-10487-2005036698.htm
基于条件事件代数的概率逻辑推理和概率逻辑衍推推理,李勇,云南大学,2010-05-01,//cdmd.cnki.com.cn/Article/CDMD-10673-2010262521.htm
基于格蕴涵代数的格值逻辑系统的归结自动推理研究,孟丹,西南交通大学,2004-03-01,//cdmd.cnki.com.cn/Article/CDMD-10613-2005031631.htm
多重抽象模型框架研究,王楠,吉林大学,2011-05-01,//cdmd.cnki.com.cn/Article/CDMD-10183-1011098778.htm
基于深度学习的抗肿瘤药物作用机制研究,李叙潼,中国科学院大学(中国科学院上海药物研究所),2021-06-01,//cdmd.cnki.com.cn/Article/CDMD-80123-1021609355.htm
神经形态忆阻器特性及光调控研究,周振宇,河北大学,2021-05-01,//cdmd.cnki.com.cn/Article/CDMD-10075-1021703145.htm
基于数据驱动的电力系统暂态稳定评估,颜融,浙江大学,2021-06-01,//cdmd.cnki.com.cn/Article/CDMD-10335-1021640247.htm
机器人伦理问题研究,王东浩,南开大学,2014-05-01,//cdmd.cnki.com.cn/Article/CDMD-10055-1015531044.htm
贝叶斯网络结构学习与应用研究,曹杰,中国科学技术大学,2017-05-01,//cdmd.cnki.com.cn/Article/CDMD-10358-1017065349.htm
基于随机森林的视觉数据分类关键技术研究,张乾,华南理工大学,2016-04-27,//cdmd.cnki.com.cn/Article/CDMD-10561-1017805865.htm
个人信用风险评估理论与方法的拓展研究,帅理,电子科技大学,2015-04-29,//cdmd.cnki.com.cn/Article/CDMD-10614-1015712169.htm
基于贝叶斯网络的突发事件应急决策信息分析方法研究,徐磊,哈尔滨工业大学,2013-07-01,//cdmd.cnki.com.cn/Article/CDMD-10213-1013045409.htm
基于图论的机器学习算法设计及在神经网络中的应用研究,屠恩美,上海交通大学,2014-11-20,//cdmd.cnki.com.cn/Article/CDMD-10248-1015807908.htm
单体滑坡灾害风险评价与预警预报,曹颖,中国地质大学,2016-05-01,//cdmd.cnki.com.cn/Article/CDMD-10491-1016312154.htm
基于特征加权与特征选择的数据挖掘算法研究,朱林,上海交通大学,2013-04-01,//cdmd.cnki.com.cn/Article/CDMD-10248-1013020718.htm
新型人工智能技术研究及其在锅炉燃烧优化中的应用,李国强,燕山大学,2013-08-01,//cdmd.cnki.com.cn/Article/CDMD-10216-1014033441.htm
基于可拓推演方法的调控一体防误操作系统研究与应用,李功新,武汉大学,2014-05-01,//cdmd.cnki.com.cn/Article/CDMD-10486-1014249822.htm
基于云模型的双向认知计算方法研究,许昌林,西南交通大学,2014-09-01,//cdmd.cnki.com.cn/Article/CDMD-10613-1015348598.htm
远程医疗随访服务管理研究与实证分析,王平,中国科学技术大学,2016-05-01,//cdmd.cnki.com.cn/Article/CDMD-10358-1016107363.htm
基于知识图谱的城市轨道交通建设安全管理智能知识支持研究,王莉,中国矿业大学,2019-12-01,//cdmd.cnki.com.cn/Article/CDMD-10290-1020712118.htm
基于势场法和遗传算法的机器人路径规划技术研究,刘传领,南京理工大学,2012-03-01,//cdmd.cnki.com.cn/Article/CDMD-10288-1013167460.htm
基于深层神经网络的图像识别算法研究,连自锋,北京邮电大学,2017-03-12,//cdmd.cnki.com.cn/Article/CDMD-10013-1017293603.htm
基于模式识别的双目立体视觉匹配研究,彭祺,武汉大学,2013-04-06,//cdmd.cnki.com.cn/Article/CDMD-10486-1013210620.htm
视频导航中的地图生成、障碍检测与行人人脸识别,贾宝芝,中国科学技术大学,2015-04-01,//cdmd.cnki.com.cn/Article/CDMD-10358-1015615920.htm
线性时态逻辑中若干基础问题的研究,李建文,华东师范大学,2014-05-01,//cdmd.cnki.com.cn/Article/CDMD-10269-1014326163.htm
个性化文本生成及其在推荐与对话中的应用,陈仲夏,中国科学技术大学,2020-06-29,//cdmd.cnki.com.cn/Article/CDMD-10358-1020098254.htm
数字宪治主义研究,杨学科,吉林大学,2020-06-01,//cdmd.cnki.com.cn/Article/CDMD-10183-1020754571.htm
基于贝叶斯网络的汽轮发电机组故障诊断方法及应用研究,陈东超,华北电力大学(北京),2018-06-01,//cdmd.cnki.com.cn/Article/CDMD-11412-1018241459.htm
基于红外紫外成像检测技术的绝缘子运行状态分析与评估,裴少通,华北电力大学(北京),2019-06-01,//cdmd.cnki.com.cn/Article/CDMD-11412-1019239864.htm
聋哑人手语识别关键技术研究,梁智杰,华中师范大学,2019-06-01,//cdmd.cnki.com.cn/Article/CDMD-10511-1019253017.htm
基于人工智能的TBM选型及掘进适应性评价方法与决策支持系统,詹金武,北京交通大学,2019-06-02,//cdmd.cnki.com.cn/Article/CDMD-10004-1019209108.htm
云计算环境中面向终端用户的智能代理研究,周锐,中国科学技术大学,2014-09-18,//cdmd.cnki.com.cn/Article/CDMD-10358-1014432176.htm
氧化物半导体气体传感器的热调制特征提取及VOCs分子识别研究,刘弘禹,中国科学技术大学,2020-10-01,//cdmd.cnki.com.cn/Article/CDMD-10358-1020158791.htm
基于视觉与激光雷达混合的移动机器人局部跟踪以及全局重定位方法研究,陈永刚,广东工业大学,2020-07-01,//cdmd.cnki.com.cn/Article/CDMD-11845-1020086900.htm
“互联网+”背景下用户隐私泄露与保护研究,毛云龙,南京大学,2018-09-16,//cdmd.cnki.com.cn/Article/CDMD-10284-1019030120.htm
基于支持向量机的交通流预测方法研究,王凡,大连理工大学,2009-12-10,//cdmd.cnki.com.cn/Article/CDMD-10141-2010111389.htm
深部松散煤体巷道流变机理研究及控制对策,孙元田,中国矿业大学,2020-06-01,//cdmd.cnki.com.cn/Article/CDMD-10290-1020962637.htm
狭小工作舱人体疲劳特性分析及布局优化研究,范文,西北工业大学,2015-09-01,//cdmd.cnki.com.cn/Article/CDMD-10699-1017803639.htm
面向异构计算的能效感知调度研究,王静莲,山东大学,2015-11-15,//cdmd.cnki.com.cn/Article/CDMD-10422-1016027326.htm
基于深度神经网络的视觉媒体风格转换方法研究,陈冬冬,中国科学技术大学,2019-06-04,//cdmd.cnki.com.cn/Article/CDMD-10358-1019057830.htm
旋转机械智能故障诊断方法的研究,朱兴统,广东工业大学,2020-06-01,//cdmd.cnki.com.cn/Article/CDMD-11845-1020086892.htm
大规模知识图谱服务的系统与应用研究,何亮,中国科学技术大学,2018-05-01,//cdmd.cnki.com.cn/Article/CDMD-10358-1018095983.htm
自主移动机器人路径规划及轨迹跟踪的研究,陈少斌,浙江大学,2008-10-01,//cdmd.cnki.com.cn/Article/CDMD-10335-2009055558.htm
煤粉与生物质热解和燃烧的高精度数值模拟研究,邢江宽,浙江大学,2020-04-01,//cdmd.cnki.com.cn/Article/CDMD-10335-1020960099.htm
强化学习及其在机器人系统中的应用研究,陈学松,广东工业大学,2011-06-01,//cdmd.cnki.com.cn/Article/CDMD-11911-1011149140.htm
人脸美丽吸引力的特征分析与机器学习,毛慧芸,华南理工大学,2011-04-08,//cdmd.cnki.com.cn/Article/CDMD-10561-1011188499.htm
大面积采空区失稳的重大危险源辨识,罗一忠,中南大学,2005-11-01,//cdmd.cnki.com.cn/Article/CDMD-10533-2006037347.htm
装配线平衡的最优化模型与算法研究,周亮,南京理工大学,2005-06-01,//cdmd.cnki.com.cn/Article/CDMD-10288-2006183238.htm
符号社交网络中负关系预测以及网络嵌入的研究,沈鹏飞,吉林大学,2019-12-01,//cdmd.cnki.com.cn/Article/CDMD-10183-1020011063.htm
金属板料数控渐进成形技术成形极限与回弹控制研究,张旭,重庆大学,2010-05-01,//cdmd.cnki.com.cn/Article/CDMD-10611-2010215563.htm
空间信息服务聚合的关键技术研究,王强,解放军信息工程大学,2010-04-20,//cdmd.cnki.com.cn/Article/CDMD-90008-1011057291.htm
用本体实现地理信息系统语义集成和互操作,崔巍,武汉大学,2004-05-01,//cdmd.cnki.com.cn/Article/CDMD-10486-2004111592.htm
基于乐谱识别的深度学习算法作曲系统,景宇阳,南京艺术学院,2020-06-06,//cdmd.cnki.com.cn/Article/CDMD-10331-1020125568.htm
Spiking机器学习算法研究,张马路,电子科技大学,2019-03-18,//cdmd.cnki.com.cn/Article/CDMD-10614-1019851567.htm
基于机器学习的眼科疾病自动诊断中的关键问题研究,张凯,西安电子科技大学,2019-12-01,//cdmd.cnki.com.cn/Article/CDMD-10701-1020027809.htm
问答系统的答案优化方法研究,相洋,哈尔滨工业大学,2017-03-01,//cdmd.cnki.com.cn/Article/CDMD-10213-1017862293.htm
整合生物标志物体系的建立及在疾病诊断和药物疗效评价中的应用,黄敏,华东理工大学,2012-04-04,//cdmd.cnki.com.cn/Article/CDMD-10251-1012516408.htm
合作与会话——合作原则及其应用研究,金立,浙江大学,2005-04-01,//cdmd.cnki.com.cn/Article/CDMD-10335-2005119195.htm
基于深度神经网络的DDH影像学辅助诊断模型的构建与应用研究,李强,吉林大学,2020-11-01,//cdmd.cnki.com.cn/Article/CDMD-10183-1021002806.htm
基于模糊QFD的产品形态情感化设计研究,康信辉,华东理工大学,2019-03-15,//cdmd.cnki.com.cn/Article/CDMD-10251-1019053802.htm
基于SVM学习模型的换挡决策研究,张元侠,吉林大学,2019-06-01,//cdmd.cnki.com.cn/Article/CDMD-10183-1019157579.htm
运动传感器测量身体活动的关键技术研究,戴剑松,南京医科大学,2015-05-01,//cdmd.cnki.com.cn/Article/CDMD-10312-1015381962.htm
感知、协作与进化—智能依赖于结构和其上的运动,邢佑路,南京大学,2015-11-07,//cdmd.cnki.com.cn/Article/CDMD-10284-1016121989.htm
场景语义解析理论与方法研究,石恒璨,电子科技大学,2019-11-01,//cdmd.cnki.com.cn/Article/CDMD-10614-1020716323.htm
基于分位数自回归的金融风险计量研究,刘曦,合肥工业大学,2016-12-01,//cdmd.cnki.com.cn/Article/CDMD-10359-1017213512.htm
智能集成CAD/CAPP系统关键技术研究,王军,燕山大学,2010-06-30,//cdmd.cnki.com.cn/Article/CDMD-10216-2010088800.htm
本体的构建及其在数字图书馆中的应用研究,杜文华,武汉大学,2005-04-01,//cdmd.cnki.com.cn/Article/CDMD-10486-2006031442.htm
基于本体的企业知识型员工人岗匹配案例推理系统研究,光晖,合肥工业大学,2020-04-01,//cdmd.cnki.com.cn/Article/CDMD-10359-1020419877.htm
互联网对市民社会的影响研究,钟超,中共中央党校,2018-06-01,//cdmd.cnki.com.cn/Article/CDMD-80000-1019008587.htm
复杂网络同步控制及其在电力系统中的应用研究,蒋强,西南交通大学,2011-07-01,//cdmd.cnki.com.cn/Article/CDMD-10613-1012389635.htm
基于视觉导航的智能车辆在城区复杂场景中的目标检测技术研究,沈志熙,重庆大学,2008-10-01,//cdmd.cnki.com.cn/Article/CDMD-10611-2009050737.htm
约束条件下的多智能体协同控制方法研究,李东禹,哈尔滨工业大学,2019-11-01,//cdmd.cnki.com.cn/Article/CDMD-10213-1020401912.htm
基于面元法理论的船用螺旋桨设计方法研究,蔡昊鹏,哈尔滨工程大学,2011-02-01,//cdmd.cnki.com.cn/Article/CDMD-10217-1012264006.htm
基于粗糙集的数据挖掘方法研究,崔广才,吉林大学,2004-12-15,//cdmd.cnki.com.cn/Article/CDMD-10183-2005013367.htm
面向图像分割的智能算法研究,赵晓丽,上海大学,2018-06-01,//cdmd.cnki.com.cn/Article/CDMD-10280-1019037742.htm
融合运动学和声学特征的语音情感识别研究,任国凤,太原理工大学,2019-06-01,//cdmd.cnki.com.cn/Article/CDMD-10112-1019871185.htm
心身问题的自然化进程研究,刘冠帅,吉林大学,2019-06-01,//cdmd.cnki.com.cn/Article/CDMD-10183-1019139325.htm
基于GIS的智能高速公路管理关键技术研究与实现,王忠军,解放军信息工程大学,2009-09-20,//cdmd.cnki.com.cn/Article/CDMD-90008-1011057282.htm
免疫进化计算理论及应用,王磊,西安电子科技大学,2001-09-01,//cdmd.cnki.com.cn/Article/CDMD-10701-2002050389.htm
多智能体模型、学习和协作研究与应用,于江涛,浙江大学,2003-06-01,//cdmd.cnki.com.cn/Article/CDMD-10335-2004042559.htm
基于铁路货运大数据的重车车流推算关键技术研究,张晓栋,北京交通大学,2018-06-01,//cdmd.cnki.com.cn/Article/CDMD-10004-1018131060.htm
公路隧道风井送排式纵向通风系统智能控制研究,万良勇,北京交通大学,2015-09-01,//cdmd.cnki.com.cn/Article/CDMD-10004-1017064238.htm
基于关键词提取的中文网页自动文摘方法研究,蒋昌金,华南理工大学,2010-05-24,//cdmd.cnki.com.cn/Article/CDMD-10561-2010227774.htm
基于智能方法的产品制造过程质量诊断,程志强,南京理工大学,2011-03-01,//cdmd.cnki.com.cn/Article/CDMD-10288-1011173026.htm
过渡金属氧化物忆阻器的阻变性能及大脑神经功能模拟研究,尹雪兵,华中科技大学,2017-05-15,//cdmd.cnki.com.cn/Article/CDMD-10487-1017128597.htm
人体步态及行为识别关键算法研究,杨旗,东北大学,2012-05-01,//cdmd.cnki.com.cn/Article/CDMD-10145-1015562327.htm
基于社交媒体的典型场景时空分析流程智能建模,李昊,武汉大学,2016-10-01,//cdmd.cnki.com.cn/Article/CDMD-10486-1017008764.htm
若干组合优化问题的算法研究,姚国辉,山东大学,2009-10-10,//cdmd.cnki.com.cn/Article/CDMD-10422-2010067578.htm
基于人工智能和专家系统的中央空调节能运行及故障诊断技术研究与实现,周洪煜,重庆大学,2007-10-01,//cdmd.cnki.com.cn/Article/CDMD-10611-2008042728.htm
基于驾驶员信息处理特性的跟驰及换道模型研究,周立军,吉林大学,2008-04-23,//cdmd.cnki.com.cn/Article/CDMD-10183-2008126547.htm
大规模数据场景下的有监督（迁移）聚类技术研究,陈爱国,江南大学,2017-06-01,//cdmd.cnki.com.cn/Article/CDMD-10295-1017250618.htm
精密电液伺服阀几何因素与性能指标映射关系研究,马建伟,大连理工大学,2011-07-01,//cdmd.cnki.com.cn/Article/CDMD-10141-1012271807.htm
基于商空间理论和粗糙集理论的粒计算模型研究,陈万里,安徽大学,2005-04-01,//cdmd.cnki.com.cn/Article/CDMD-10357-2005122395.htm
21世纪以来好莱坞电影的空间建构研究,陈一雷,南京艺术学院,2020-03-21,//cdmd.cnki.com.cn/Article/CDMD-10331-1020125570.htm
随机森林和深度神经网络的若干关键技术研究,王奕森,清华大学,2018-06-01,//cdmd.cnki.com.cn/Article/CDMD-10003-1019603117.htm
显著性对象检测算法的若干关键技术研究及应用,李鑫,电子科技大学,2018-03-29,//cdmd.cnki.com.cn/Article/CDMD-10614-1018974827.htm
基于数据挖掘的客户智能研究,艾丹祥,武汉大学,2007-04-10,//cdmd.cnki.com.cn/Article/CDMD-10486-2009032055.htm
模糊智能系统中模糊推理研究,徐蔚鸿,南京理工大学,2004-07-01,//cdmd.cnki.com.cn/Article/CDMD-10288-2005031575.htm
智能射频接收机的关键技术研究,刘晏辰,电子科技大学,2020-01-15,//cdmd.cnki.com.cn/Article/CDMD-10614-1020811281.htm
基于协作机制的多Agent追捕研究,苏迪（Mohammed El Habib Souidi）,哈尔滨工业大学,2017-05-01,//cdmd.cnki.com.cn/Article/CDMD-10213-1017862650.htm
基于多摄像头的视频跟踪智能算法研究,刘建,东华大学,2017-01-01,//cdmd.cnki.com.cn/Article/CDMD-10255-1018804608.htm
复杂场景中目标识别与分类的仿生原理和方法,张祥合,吉林大学,2012-06-01,//cdmd.cnki.com.cn/Article/CDMD-10183-1012365893.htm
改进免疫遗传算法及其在优化调度问题中的应用研究,马佳,东北大学,2007-12-20,//cdmd.cnki.com.cn/Article/CDMD-10145-2010259833.htm
一种基于理想可流动成型导电橡胶的三维柔性触觉阵列传感器若干问题的研究,丁俊香,中国科学技术大学,2011-04-01,//cdmd.cnki.com.cn/Article/CDMD-10358-1011124751.htm
具身认知论,徐献军,浙江大学,2007-03-09,//cdmd.cnki.com.cn/Article/CDMD-10335-2007050201.htm
基于补偿模糊神经网络的遥感图像信息提取,饶萍,西南大学,2017-09-22,//cdmd.cnki.com.cn/Article/CDMD-10635-1018807209.htm
多模态相似度学习方法研究,高欣健,合肥工业大学,2017-09-01,//cdmd.cnki.com.cn/Article/CDMD-10359-1018023882.htm
木材含水率在线检测融合体系及仿真技术研究,孙丽萍,东北林业大学,2008-10-01,//cdmd.cnki.com.cn/Article/CDMD-10225-2009132272.htm
分层强化学习算法及其应用研究,郑宇,北京交通大学,2009-12-01,//cdmd.cnki.com.cn/Article/CDMD-10004-2010174309.htm
基于显著性及弱监督学习的智能视觉信息处理,张鼎文,西北工业大学,2018-01-01,//cdmd.cnki.com.cn/Article/CDMD-10699-1020706864.htm
视觉加工中运动信息的层级表征,徐昊骙,浙江大学,2018-06-05,//cdmd.cnki.com.cn/Article/CDMD-10335-1018115543.htm
土地利用变化的时空可视化分析方法研究,程红霞,西南交通大学,2010-06-01,//cdmd.cnki.com.cn/Article/CDMD-10613-1011233221.htm
商空间理论在网络路径分析中研究,何富贵,安徽大学,2011-04-01,//cdmd.cnki.com.cn/Article/CDMD-10357-1011242201.htm
数据挖掘模型的创建及其在中医药文献中的应用研究,麦乔智,南京中医药大学,2009-04-10,//cdmd.cnki.com.cn/Article/CDMD-10315-2009251924.htm
结构化集成调度系统理论及基于该理论的虚拟车间智能支撑平台的体系结构研究,赵博,大连理工大学,2000-06-01,//cdmd.cnki.com.cn/Article/CDMD-10141-2000004022.htm
电力系统的群体智能优化及电力市场稳定研究,侯云鹤,华中科技大学,2005-06-01,//cdmd.cnki.com.cn/Article/CDMD-10487-2006039375.htm
高速公路隧道集成化智能化监控技术与系统开发研究,吴明先,长安大学,2004-05-01,//cdmd.cnki.com.cn/Article/CDMD-11941-2006030522.htm
多智能体仿真支撑技术、组织与AI算法研究,吴集,国防科学技术大学,2006-09-01,//cdmd.cnki.com.cn/Article/CDMD-90002-2007141125.htm
事件本体及其在查询扩展中的应用,仲兆满,上海大学,2010-11-01,//cdmd.cnki.com.cn/Article/CDMD-11903-1011163509.htm
知识协同工作流建模、服务规划和服务组合研究,高明,东北财经大学,2013-06-01,//cdmd.cnki.com.cn/Article/CDMD-10173-1014184511.htm
塑料注射成形机工艺参数的在线优化与检测,赵朋,华中科技大学,2009-08-01,//cdmd.cnki.com.cn/Article/CDMD-10487-2010042303.htm
基于粗集的数据挖掘技术及其应用研究,曹秀英,哈尔滨工程大学,2003-04-01,//cdmd.cnki.com.cn/Article/CDMD-10217-2003114801.htm
基于事例的模糊专家系统研究,吴良刚,中南大学,2001-12-01,//cdmd.cnki.com.cn/Article/CDMD-10533-2004116084.htm
基于视觉感知的高分辨率遥感影像建筑物检测方法研究,胡艳,武汉大学,2017-10-01,//cdmd.cnki.com.cn/Article/CDMD-10486-1018033184.htm
基于图的鲁棒子空间学习问题研究,李晶晶,电子科技大学,2017-06-23,//cdmd.cnki.com.cn/Article/CDMD-10614-1018055141.htm
基于语义先验约束的多媒体特征表示研究,年福东,安徽大学,2018-04-01,//cdmd.cnki.com.cn/Article/CDMD-10357-1018095338.htm
多智能体系统冲突消解与智能机器人动态路径规划研究,唐平,广东工业大学,2002-04-01,//cdmd.cnki.com.cn/Article/CDMD-11911-2002061547.htm
因果图推理算法及专家系统应用研究,沈文武,重庆大学,2005-04-10,//cdmd.cnki.com.cn/Article/CDMD-10611-2005145145.htm
非杓型高血压病脉象特点与踝臂指数、ApoE基因多态性的相关性,张力仁,中国中医科学院,2017-05-30,//cdmd.cnki.com.cn/Article/CDMD-84502-1017234503.htm
多智能体系统的脉冲控制一致性研究,杨莎莎,重庆大学,2016-10-01,//cdmd.cnki.com.cn/Article/CDMD-10611-1017801859.htm
多AGENT协同辩证推理方法及实现技术研究,袁金平,国防科学技术大学,2012-03-01,//cdmd.cnki.com.cn/Article/CDMD-90002-1013047648.htm
深度神经网络在图像识别中的研究与应用,朱晓宁,北京邮电大学,2019-07-11,//cdmd.cnki.com.cn/Article/CDMD-10013-1020162555.htm
基于人工智能的传感器网络节点能耗研究,秦岭,武汉理工大学,2009-05-08,//cdmd.cnki.com.cn/Article/CDMD-10497-2009198068.htm
基于多Agent的信息家居系统研究,蒋建文,合肥工业大学,2003-01-01,//cdmd.cnki.com.cn/Article/CDMD-10359-2003085533.htm
语义的模糊性与民族文化,刘佐艳,黑龙江大学,2003-06-30,//cdmd.cnki.com.cn/Article/CDMD-10212-2003120006.htm
基于采样数据的确定学习及应用,吴伟明,华南理工大学,2020-05-21,//cdmd.cnki.com.cn/Article/CDMD-10561-1020334219.htm
基于大数据和机器学习的转子间骨折新型三维分型系统的构建及评估研究,李建涛,中国人民解放军医学院,2019-05-29,//cdmd.cnki.com.cn/Article/CDMD-90115-1019243141.htm
计算机视觉中的地图要素简化表达,沈意浪,武汉大学,2019-05-01,//cdmd.cnki.com.cn/Article/CDMD-10486-1019608262.htm
智能混杂系统建模、分析理论及应用的研究,叶阳东,铁道部科学研究院,2002-07-01,//cdmd.cnki.com.cn/Article/CDMD-83801-2002112743.htm
智能高速铁路行车指挥仿真系统的研究,王壮锋,铁道部科学研究院,2003-08-01,//cdmd.cnki.com.cn/Article/CDMD-83801-2004105188.htm
多agent协作团队的学习方法研究,王长缨,国防科学技术大学,2004-04-01,//cdmd.cnki.com.cn/Article/CDMD-90002-2005014447.htm
数据挖掘方法及其在电力系统故障诊断中的应用研究,何友全,西南交通大学,2004-12-01,//cdmd.cnki.com.cn/Article/CDMD-10613-2005110237.htm
控制论的发生与传播研究,彭永东,中国科学院研究生院（自然科学史研究所）,2005-11-01,//cdmd.cnki.com.cn/Article/CDMD-80029-2006087726.htm
多媒体智能教学系统研究与设计,周晓军,中国科学院研究生院（计算技术研究所）,2000-10-01,//cdmd.cnki.com.cn/Article/CDMD-80132-2006191234.htm
粒度计算的模型研究,赵立权,安徽大学,2007-04-01,//cdmd.cnki.com.cn/Article/CDMD-10357-2007192748.htm
基于开放世界假设的本体构建,高桓,东南大学,2019-12-23,//cdmd.cnki.com.cn/Article/CDMD-10286-1020310784.htm
智能讨论系统中的适应性认知多样性对讨论效果的影响,高红丽,华中师范大学,2018-05-01,//cdmd.cnki.com.cn/Article/CDMD-10511-1018244873.htm
表面织构参数对活塞/缸套摩擦副润滑行为的影响及优化方法研究,马旋,哈尔滨工程大学,2018-04-01,//cdmd.cnki.com.cn/Article/CDMD-10217-1018274629.htm
机器人足球决策系统研究与实现,王强,四川大学,2005-09-16,//cdmd.cnki.com.cn/Article/CDMD-10610-2006045427.htm
智能计算方法在城市交通中的应用与交通流建模研究,赵建玉,山东大学,2006-03-20,//cdmd.cnki.com.cn/Article/CDMD-10422-2006168542.htm
虚拟学习环境下基于情感计算流程的Agent模型研究,金钺,北京邮电大学,2008-06-20,//cdmd.cnki.com.cn/Article/CDMD-10013-2008138971.htm
道路场景下致密深度与语义的估计问题研究,邹楠,浙江大学,2020-01-01,//cdmd.cnki.com.cn/Article/CDMD-10335-1020435494.htm
连铸过程可视化及漏钢预报方法研究与应用,刘宇,大连理工大学,2015-06-01,//cdmd.cnki.com.cn/Article/CDMD-10141-1015355388.htm
中文数据库自然语言查询处理研究,孟小峰,中国科学院研究生院（计算技术研究所）,1999-04-23,//cdmd.cnki.com.cn/Article/CDMD-80132-2006191119.htm
基于视觉系统的智能目标跟踪算法研究,产思贤,浙江工业大学,2018-05-25,//cdmd.cnki.com.cn/Article/CDMD-10337-1019828899.htm
中医诊疗标准建立及应用的智能方法研究,陈楚湘,解放军信息工程大学,2011-04-30,//cdmd.cnki.com.cn/Article/CDMD-90008-1012324998.htm
多Agent技术在供应链管理中的应用研究,黄伟建,天津大学,2004-12-01,//cdmd.cnki.com.cn/Article/CDMD-10056-2006050109.htm
基于格值逻辑的多元α-语义归结自动推理研究,刘熠,西南交通大学,2014-05-01,//cdmd.cnki.com.cn/Article/CDMD-10613-1015348585.htm
忆阻神经网络的全电路设计及其应用,洪庆辉,华中科技大学,2019-05-01,//cdmd.cnki.com.cn/Article/CDMD-10487-1020412300.htm
面向分类准确率的受限玻尔兹曼机训练算法研究,李飞,西北工业大学,2018-11-01,//cdmd.cnki.com.cn/Article/CDMD-10699-1020706633.htm
煤层地震波场特征分析及波形反演方法研究,王攀,中国矿业大学(北京),2019-04-09,//cdmd.cnki.com.cn/Article/CDMD-11413-1019061240.htm
深海遗迹化石的定量分类、形态功能与行为生态研究,范若颖,中国地质大学,2017-11-01,//cdmd.cnki.com.cn/Article/CDMD-10491-1018714825.htm
基于智能技术与作业成本法的产品配置研究,陈兆勋,上海交通大学,2009-04-01,//cdmd.cnki.com.cn/Article/CDMD-10248-2010113150.htm
车辆路径问题的知识表示及智能建模方法研究,王征,大连理工大学,2006-12-01,//cdmd.cnki.com.cn/Article/CDMD-10141-2007207145.htm
资源受限场景下的容忍入侵关键技术研究,曾勇,西安电子科技大学,2008-04-01,//cdmd.cnki.com.cn/Article/CDMD-10701-2008137029.htm
薄带坯铸轧板形智能识别与控制系统研究,张材,中南大学,2004-11-01,//cdmd.cnki.com.cn/Article/CDMD-10533-2006037432.htm
滦河内蒙段径流变化规律分析预测及流域水资源模拟评价研究,李凤玲,内蒙古农业大学,2008-04-01,//cdmd.cnki.com.cn/Article/CDMD-10129-2008131935.htm
基于BACnet的视频监控系统关键技术研究,蒋文斌,华中科技大学,2004-04-01,//cdmd.cnki.com.cn/Article/CDMD-10487-2005037974.htm
基于梯度逼近方法的Markov系统及其在通信中的应用,鲍秉坤,中国科学技术大学,2009-05-01,//cdmd.cnki.com.cn/Article/CDMD-10358-2009110916.htm
基于格蕴涵代数的格值概念格及其不确定性推理与决策研究,杨丽,西南交通大学,2009-12-01,//cdmd.cnki.com.cn/Article/CDMD-10613-2010115670.htm
认知无线电系统中自适应跨层优化机制的研究,朱江,电子科技大学,2009-09-01,//cdmd.cnki.com.cn/Article/CDMD-10614-2010234393.htm
概率网的重构,李维华,云南大学,2010-12-01,//cdmd.cnki.com.cn/Article/CDMD-10673-1011068744.htm
基于神经网络的自动推理理论及方法的研究,斐峥,西南交通大学,2001-10-01,//cdmd.cnki.com.cn/Article/CDMD-10613-2002128581.htm
倾向型心态的表示和推理,周熠,中国科学技术大学,2006-04-01,//cdmd.cnki.com.cn/Article/CDMD-10358-2007020913.htm
基于时间和行动规划的知识—意图逻辑,吕进,西南大学,2008-04-20,//cdmd.cnki.com.cn/Article/CDMD-10635-2008094059.htm
烧透点递阶智能控制系统的研究与实现,程武山,上海大学,2006-07-01,//cdmd.cnki.com.cn/Article/CDMD-11903-2007221097.htm
基于信度网模型的电信网阻塞预测及控制的研究,王宽全,重庆大学,2001-06-01,//cdmd.cnki.com.cn/Article/CDMD-10611-2001014164.htm
图式理论在一类欠驱动机械系统控制中的应用研究,么健石,东北大学,2005-12-01,//cdmd.cnki.com.cn/Article/CDMD-10145-2006155618.htm
语义Web模糊规则的表示与互换研究,王星,东北大学,2010-11-01,//cdmd.cnki.com.cn/Article/CDMD-10145-1015562222.htm
关于格值逻辑及自动推理的研究,李海明,西南交通大学,2003-11-01,//cdmd.cnki.com.cn/Article/CDMD-10613-2004020322.htm
密闭式植物生产系统中的信息技术与视觉识别,贺冬仙,中国农业科学院,2004-12-01,//cdmd.cnki.com.cn/Article/CDMD-82101-2007156047.htm
锥束CT智能精准引导放射治疗关键问题研究,梁晓坤,中国科学院大学(中国科学院深圳先进技术研究院),2021-06-01,//cdmd.cnki.com.cn/Article/CDMD-80177-1021647335.htm
覆盖粗糙集与模糊粗糙集及其在化工过程故障诊断中的应用,王敬前,陕西科技大学,2021-03-01,//cdmd.cnki.com.cn/Article/CDMD-10708-1021098655.htm
钢管混凝土柱承载能力的人工智能优化与预测,Payam Sarir,上海交通大学,2020-01-01,//cdmd.cnki.com.cn/Article/CDMD-10248-1021672324.htm
面向云系统性能优化的学习增强设计研究,李昭,中国科学技术大学,2021-03-07,//cdmd.cnki.com.cn/Article/CDMD-10358-1021041056.htm
心墙堆石坝坝面碾压智能监控方法与应用研究,王佳俊,天津大学,2019-05-01,//cdmd.cnki.com.cn/Article/CDMD-10056-1020433357.htm
四川峨眉抓口寺高速岩质滑坡成灾机理,马国涛,西南交通大学,2019-12-01,//cdmd.cnki.com.cn/Article/CDMD-10613-1021574497.htm
商业银行金融创新与实体经济增长,滕飞,广西大学,2020-11-01,//cdmd.cnki.com.cn/Article/CDMD-10593-1021530012.htm
动机驱动的认知对话系统的关键技术研究,练睿婷,厦门大学,2016-06-01,//cdmd.cnki.com.cn/Article/CDMD-10384-1019076751.htm
智能视觉问答中关键问题的理论与方法研究,周奕毅,厦门大学,2019-06-30,//cdmd.cnki.com.cn/Article/CDMD-10384-1019076752.htm
深度神经网络压缩与加速关键技术的研究,林绍辉,厦门大学,2019-06-30,//cdmd.cnki.com.cn/Article/CDMD-10384-1019076754.htm
教师精准教学能力模型构建研究,谢建,东北师范大学,2020-05-01,//cdmd.cnki.com.cn/Article/CDMD-10200-1020656864.htm
面向跨领域的抽取式语句压缩研究,汪良果,北京理工大学,2018-06-01,//cdmd.cnki.com.cn/Article/CDMD-10007-1021568715.htm
基于深度学习的自适应光学波前传感技术,李自强,中国科学院大学(中国科学院光电技术研究所),2021-06-01,//cdmd.cnki.com.cn/Article/CDMD-80151-1021611271.htm
匹配分子对分析和主动学习在药物设计中的发展及应用,丁小雨,中国科学院大学(中国科学院上海药物研究所),2021-06-01,//cdmd.cnki.com.cn/Article/CDMD-80123-1021609349.htm
基于影像组学评价肝泡型包虫病组织特征和生物活性的研究,任波,新疆医科大学,2021-03-01,//cdmd.cnki.com.cn/Article/CDMD-10760-1021031294.htm
柔性可拉伸储能器件的制备及性能研究,王晓丹,北京科技大学,2021-04-30,//cdmd.cnki.com.cn/Article/CDMD-10008-1021064892.htm
青椒集雨调亏滴灌智能需水感知与节水灌溉决策研究,刘婧然,河北工程大学,2021-06-01,//cdmd.cnki.com.cn/Article/CDMD-10076-1021619188.htm
卷积神经网络模型加速研究,曾令华,中国科学技术大学,2021-05-25,//cdmd.cnki.com.cn/Article/CDMD-10358-1021072836.htm
基于忆阻器的随机神经网络应用研究,卢建,中国科学技术大学,2021-05-27,//cdmd.cnki.com.cn/Article/CDMD-10358-1021073135.htm
边缘侧分布式模型训练与任务迁移技术研究,孟泽宇,中国科学技术大学,2021-05-01,//cdmd.cnki.com.cn/Article/CDMD-10358-1021076485.htm
面向小样本的图像识别研究,李岁缠,中国科学技术大学,2021-05-01,//cdmd.cnki.com.cn/Article/CDMD-10358-1021076488.htm
图像识别中小样本学习方法与模型轻量化研究,李文静,中国科学技术大学,2021-05-28,//cdmd.cnki.com.cn/Article/CDMD-10358-1021072505.htm
基于时域分析的视频动作定位和识别研究,龙拂尘,中国科学技术大学,2021-05-20,//cdmd.cnki.com.cn/Article/CDMD-10358-1021072867.htm
城市热岛的形成演化机制与规划对策研究,黄焕春,天津大学,2014-05-01,//cdmd.cnki.com.cn/Article/CDMD-10056-1015041185.htm
面向复杂环境的鲁棒高效的三维注册与结构恢复,刘浩敏,浙江大学,2017-01-01,//cdmd.cnki.com.cn/Article/CDMD-10335-1017098944.htm
智能视觉监控中运动目标检测与行为识别方法,王韦桦,西安电子科技大学,2013-11-01,//cdmd.cnki.com.cn/Article/CDMD-10701-1014324894.htm
3D打印计算机辅助设计小夹板外骨骼系统的研究,黄若景,广州中医药大学,2015-03-01,//cdmd.cnki.com.cn/Article/CDMD-10572-1015363955.htm
基于耦合理论的高技术产业金融供给侧改革研究,闫超,中国科学技术大学,2016-11-04,//cdmd.cnki.com.cn/Article/CDMD-10358-1016319916.htm
基于机器学习的流量识别关键技术研究,彭立志,哈尔滨工业大学,2015-06-01,//cdmd.cnki.com.cn/Article/CDMD-10213-1015957703.htm
基于状态估计的智能车辆碰撞避免研究,于宏啸,北京工业大学,2015-06-01,//cdmd.cnki.com.cn/Article/CDMD-10005-1015801305.htm
面向大数据应用的异构可重构平台关键技术研究,陈鹏,中国科学技术大学,2015-05-01,//cdmd.cnki.com.cn/Article/CDMD-10358-1015615900.htm
基于联合仿真的机电液一体化系统优化设计方法研究,朱德泉,中国科学技术大学,2012-11-01,//cdmd.cnki.com.cn/Article/CDMD-10358-1013110370.htm
中国智慧政府的价值目标追求及其实现研究,于跃,吉林大学,2019-12-01,//cdmd.cnki.com.cn/Article/CDMD-10183-1020011244.htm
基于领域本体的蒙医药学知识库构建与知识发现研究,鲍玉来,吉林大学,2018-06-01,//cdmd.cnki.com.cn/Article/CDMD-10183-1018225525.htm
企业自主创新内生性驱动因素的影响机制与系统构建研究,高传贵,山东大学,2018-06-08,//cdmd.cnki.com.cn/Article/CDMD-10422-1018107299.htm
区域综合能源系统供需预测及优化运行技术研究,史佳琪,华北电力大学(北京),2019-06-01,//cdmd.cnki.com.cn/Article/CDMD-11412-1019239843.htm
基于神经网络的句法分析研究,周浩,南京大学,2017-05-01,//cdmd.cnki.com.cn/Article/CDMD-10284-1017095412.htm
好莱坞科幻电影的审美构成,王博,吉林大学,2018-06-01,//cdmd.cnki.com.cn/Article/CDMD-10183-1018217548.htm
案例推理的认知改进策略及学习性能研究,张春晓,北京工业大学,2014-06-01,//cdmd.cnki.com.cn/Article/CDMD-10005-1015006553.htm
基于信息融合的铁路行车安全监控体系及关键技术研究,蒋荟,中国铁道科学研究院,2013-08-01,//cdmd.cnki.com.cn/Article/CDMD-83801-1014150017.htm
基于非平行超平面支持向量机的分类问题研究,王震,吉林大学,2014-05-01,//cdmd.cnki.com.cn/Article/CDMD-10183-1014268076.htm
论教学技术的人文向度,付强,山东师范大学,2013-06-14,//cdmd.cnki.com.cn/Article/CDMD-10445-1013217559.htm
复杂环境下的车辆目标跟踪技术研究,徐旭,吉林大学,2013-06-01,//cdmd.cnki.com.cn/Article/CDMD-10183-1013193783.htm
AUV回收控制的关键技术研究,姜言清,哈尔滨工程大学,2016-04-11,//cdmd.cnki.com.cn/Article/CDMD-10217-1017241065.htm
语音情感识别关键技术研究,韩文静,哈尔滨工业大学,2013-06-01,//cdmd.cnki.com.cn/Article/CDMD-10213-1014084817.htm
基于节能视角的高速铁路列车调度指挥策略与方法研究,王涛,中国铁道科学研究院,2014-05-01,//cdmd.cnki.com.cn/Article/CDMD-83801-1015500280.htm
基于马尔科夫理论的不确定性规划和感知问题研究,柏爱俊,中国科学技术大学,2014-09-01,//cdmd.cnki.com.cn/Article/CDMD-10358-1015549755.htm
人体行为识别关键技术研究,何卫华,重庆大学,2012-04-01,//cdmd.cnki.com.cn/Article/CDMD-10611-1012047169.htm
科研社交网络中的论文推荐,孙见山,中国科学技术大学,2014-06-02,//cdmd.cnki.com.cn/Article/CDMD-10358-1014268943.htm
基于深度学习和迁移学习的电力数据挖掘技术研究,王毅星,浙江大学,2019-06-26,//cdmd.cnki.com.cn/Article/CDMD-10335-1019047756.htm
基于贝叶斯滤波器的移动机器人同时定位与地图创建算法研究,徐巍军,浙江大学,2016-10-01,//cdmd.cnki.com.cn/Article/CDMD-10335-1017178202.htm
数据驱动的故障诊断与容错控制系统设计方法研究,王宇雷,哈尔滨工业大学,2013-07-01,//cdmd.cnki.com.cn/Article/CDMD-10213-1013045207.htm
面部表情识别方法的研究,欧阳琰,华中科技大学,2013-05-01,//cdmd.cnki.com.cn/Article/CDMD-10487-1013271353.htm
基于知识的复杂产品工业设计辅助系统的研究与应用,张军,湖南大学,2013-06-28,//cdmd.cnki.com.cn/Article/CDMD-10532-1014237821.htm
基于卷积神经网络的目标检测若干问题研究,李旭冬,电子科技大学,2017-09-26,//cdmd.cnki.com.cn/Article/CDMD-10614-1018055108.htm
复杂交通视频场景中的车辆轨迹提取及行为分析,卢胜男,长安大学,2016-10-15,//cdmd.cnki.com.cn/Article/CDMD-10710-1017804031.htm
车载视频图像处理算法的优化与融合研究,陈炳权,湖南大学,2014-09-12,//cdmd.cnki.com.cn/Article/CDMD-10532-1015551099.htm
基于视频和三维动作捕捉数据的人体动作识别方法的研究,赵琼,中国科学技术大学,2013-05-01,//cdmd.cnki.com.cn/Article/CDMD-10358-1013245744.htm
山东省青少年健康状况综合评价与时空分析研究,秦文哲,山东大学,2019-09-25,//cdmd.cnki.com.cn/Article/CDMD-10422-1020012214.htm
基于句法和语义挖掘的Web金融评论情感分析,江腾蛟,江西财经大学,2015-12-01,//cdmd.cnki.com.cn/Article/CDMD-10421-1016202903.htm
基于支持向量机的自动加工过程质量控制方法研究,朱波,重庆大学,2013-03-01,//cdmd.cnki.com.cn/Article/CDMD-10611-1013043689.htm
互联网时代中华元素的数字化艺术传播研究,董甜甜,东南大学,2019-06-01,//cdmd.cnki.com.cn/Article/CDMD-10286-1020800746.htm
天然次生林林分结构分析及多目标智能优化研究,刘帅,中南林业科技大学,2017-06-01,//cdmd.cnki.com.cn/Article/CDMD-10538-1017118190.htm
空心铝合金型材挤压过程数值模拟及模具优化方法研究,陈浩,山东大学,2012-05-26,//cdmd.cnki.com.cn/Article/CDMD-10422-1012461555.htm
个人信用评分组合模型研究与应用,向晖,湖南大学,2011-10-08,//cdmd.cnki.com.cn/Article/CDMD-10532-1012483266.htm
视频中火焰和烟气探测方法的研究,王世东,中国科学技术大学,2013-03-01,//cdmd.cnki.com.cn/Article/CDMD-10358-1013189870.htm
基于可拓学的产品材质感性设计方法研究,张超,广东工业大学,2018-06-01,//cdmd.cnki.com.cn/Article/CDMD-11845-1018193454.htm
若干集合覆盖问题的方法研究,王艺源,吉林大学,2017-06-01,//cdmd.cnki.com.cn/Article/CDMD-10183-1017152234.htm
多属性决策分析及其在洪灾风险评价中的应用研究,杨小玲,华中科技大学,2012-08-01,//cdmd.cnki.com.cn/Article/CDMD-10487-1013014601.htm
车辆换道预警的若干关键问题研究,王畅,长安大学,2012-04-25,//cdmd.cnki.com.cn/Article/CDMD-10710-1013017296.htm
工业无线传感器网络MAC协议研究,郑涛,北京交通大学,2014-06-01,//cdmd.cnki.com.cn/Article/CDMD-10004-1014369291.htm
智慧养老视域下中国养老服务体系的优化路径研究,张昊,吉林大学,2020-12-01,//cdmd.cnki.com.cn/Article/CDMD-10183-1021002802.htm
基于社会认知理论的大学生数字公民素养影响因素及提升策略研究,徐顺,华中师范大学,2019-06-01,//cdmd.cnki.com.cn/Article/CDMD-10511-1019253019.htm
卫星通信系统中动态资源管理技术研究,刘帅军,北京邮电大学,2018-06-12,//cdmd.cnki.com.cn/Article/CDMD-10013-1018090717.htm
赣江三角洲地下水与地表水交互关系及其生态效应,兰盈盈,中国地质大学,2016-05-01,//cdmd.cnki.com.cn/Article/CDMD-10491-1016312136.htm
面向局部特征和特征表达的图像分类算法研究,张旭,合肥工业大学,2016-04-01,//cdmd.cnki.com.cn/Article/CDMD-10359-1016270353.htm
架空线路在线监测覆冰计算、评估和预测研究,阳林,华南理工大学,2012-06-01,//cdmd.cnki.com.cn/Article/CDMD-10561-1012453092.htm
综采工作面安全生产虚拟现实系统关键技术研究,赵国梁,西安科技大学,2012-04-01,//cdmd.cnki.com.cn/Article/CDMD-10704-1012044750.htm
基于复杂网络的图像目标识别方法研究,汤晓,广东工业大学,2013-06-01,//cdmd.cnki.com.cn/Article/CDMD-11845-1013215264.htm
基于GIS的高速公路路面管理智能决策模型研究,谢峰,西南交通大学,2012-03-01,//cdmd.cnki.com.cn/Article/CDMD-10613-1013252542.htm
IEC 61850标准在智能变电站过程层中的应用研究,罗彦,大连理工大学,2012-06-01,//cdmd.cnki.com.cn/Article/CDMD-10141-1013197960.htm
共赢主义视域下的中美关系,谢剑南,中共中央党校,2019-06-01,//cdmd.cnki.com.cn/Article/CDMD-80000-1019208149.htm
以建立教学体系为导向的数字化建筑设计教学研究,项星玮,浙江大学,2018-07-05,//cdmd.cnki.com.cn/Article/CDMD-10335-1018244271.htm
智能技术对政府管理的影响研究,王山,中国农业大学,2018-06-01,//cdmd.cnki.com.cn/Article/CDMD-10019-1018065327.htm
基于环境感知技术的客运车辆危险行驶状态辨识技术研究,刘永涛,长安大学,2015-09-28,//cdmd.cnki.com.cn/Article/CDMD-10710-1016790788.htm
基于激光扫描成像与异源CCD融合的连铸热坯表面缺陷检测方法研究,赵立明,重庆大学,2014-12-01,//cdmd.cnki.com.cn/Article/CDMD-10611-1015017075.htm
面向开放式创新的产品集成设计理论与方法研究,李响,上海交通大学,2014-05-01,//cdmd.cnki.com.cn/Article/CDMD-10248-1015033166.htm
民航企业会计模式研究,孙新宪,天津财经大学,2013-11-01,//cdmd.cnki.com.cn/Article/CDMD-10070-1015398230.htm
进化计算优化前向神经网络的学习方法研究,季伟东,东北林业大学,2013-03-01,//cdmd.cnki.com.cn/Article/CDMD-10225-1013359208.htm
多卫星导航系统实时精密单点定位数据处理模型与方法,杨旭,中国矿业大学,2019-12-05,//cdmd.cnki.com.cn/Article/CDMD-10290-1020712109.htm
产业超网络建模及其应用研究,肖雯雯,山东大学,2018-05-18,//cdmd.cnki.com.cn/Article/CDMD-10422-1018107341.htm
金霉素发酵过程软测量建模及优化控制策略研究,杨建文,北京理工大学,2015-01-01,//cdmd.cnki.com.cn/Article/CDMD-10007-1015029531.htm
玉米主产区土壤养分与玉米产量的时空变异及其相关性研究,曹丽英,安徽农业大学,2013-05-01,//cdmd.cnki.com.cn/Article/CDMD-10364-1014148053.htm
铜/碳纳米材料的制备及其在电子封装领域中的应用研究,叶晃青,中国科学院大学(中国科学院深圳先进技术研究院),2020-09-01,//cdmd.cnki.com.cn/Article/CDMD-80177-1020314468.htm
基于移动边缘计算的物联网资源管理策略研究,乔冠华,电子科技大学,2019-04-08,//cdmd.cnki.com.cn/Article/CDMD-10614-1019851519.htm
基于动态纹理和卷积神经网络的视频烟雾探测方法研究,林高华,中国科学技术大学,2018-11-05,//cdmd.cnki.com.cn/Article/CDMD-10358-1019009051.htm
基于网络计划的施工项目调度优化问题研究,刘佳,北京交通大学,2018-07-01,//cdmd.cnki.com.cn/Article/CDMD-10004-1018144623.htm
媒体对证券市场的影响研究,王铁军,西南财经大学,2016-07-22,//cdmd.cnki.com.cn/Article/CDMD-10651-1017011283.htm
空中交通管制运行品质定量评价研究,张建平,南京航空航天大学,2013-12-01,//cdmd.cnki.com.cn/Article/CDMD-10287-1015951921.htm
面向图像识别的稀疏模型研究,柳杨,北京邮电大学,2015-03-25,//cdmd.cnki.com.cn/Article/CDMD-10013-1016020794.htm
不确定性知识的灰色定性表达及其在机器人定位中的应用研究,王鹏,中国科学技术大学,2015-05-02,//cdmd.cnki.com.cn/Article/CDMD-10358-1015615906.htm
车辆路径问题的仿真优化方法研究,孙中悦,北京交通大学,2011-10-01,//cdmd.cnki.com.cn/Article/CDMD-10004-1012318707.htm
高维数据的维数约简算法研究,苏雅茹,中国科学技术大学,2012-05-01,//cdmd.cnki.com.cn/Article/CDMD-10358-1012503519.htm
领域本体学习中术语及关系抽取方法的研究,李丽双,大连理工大学,2012-11-01,//cdmd.cnki.com.cn/Article/CDMD-10141-1013197353.htm
湖南省生态公益林服务功能价值评价智能决策支持系统研究,彭佳红,湖南农业大学,2013-12-01,//cdmd.cnki.com.cn/Article/CDMD-10537-1014181976.htm
岩质隧道炮孔图像识别算法及光面爆破参数优化研究,张万志,山东大学,2019-10-07,//cdmd.cnki.com.cn/Article/CDMD-10422-1020009306.htm
创新型人力资本驱动的中国经济增长模式转型研究,秦晓钰,山东大学,2020-06-15,//cdmd.cnki.com.cn/Article/CDMD-10422-1020062190.htm
基于视觉的人体动作识别研究,王亮亮,哈尔滨工业大学,2017-06-01,//cdmd.cnki.com.cn/Article/CDMD-10213-1017862255.htm
基于航拍图像的绝缘子识别与状态检测方法研究,阳武,华北电力大学(北京),2016-03-01,//cdmd.cnki.com.cn/Article/CDMD-11412-1016271654.htm
基于病案数据挖掘的中风病痰热腑实特点、证效转归和证候预测研究,任丽娜,北京中医药大学,2017-05-01,//cdmd.cnki.com.cn/Article/CDMD-10026-1017178402.htm
网络信息技术进步与思想政治教育发展研究,李蓝冰,中央财经大学,2016-05-10,//cdmd.cnki.com.cn/Article/CDMD-10034-1017836150.htm
Agent角色模型与多agent系统构造方法研究,张健,山东大学,2012-04-20,//cdmd.cnki.com.cn/Article/CDMD-10422-1012461434.htm
几类神经网络的分析与优化及其应用研究,张莉,西安电子科技大学,2012-01-01,//cdmd.cnki.com.cn/Article/CDMD-10701-1013114497.htm
面向校园疏散的均衡模型与疏导优化方法研究,段鹏飞,武汉理工大学,2013-04-01,//cdmd.cnki.com.cn/Article/CDMD-10497-1013297502.htm
现代汉语词语称名生成过程研究,刘晓波,吉林大学,2019-12-01,//cdmd.cnki.com.cn/Article/CDMD-10183-1020011189.htm
复杂场景下基于检测的数据关联多目标跟踪方法研究,刘洪彬,山东大学,2019-09-07,//cdmd.cnki.com.cn/Article/CDMD-10422-1020013361.htm
深度学习算法在无人驾驶视觉中的应用,蔡惠民,西安电子科技大学,2018-03-01,//cdmd.cnki.com.cn/Article/CDMD-10701-1018046013.htm
真诚领导力对企业创造力的影响研究：一个跨层次研究,徐宝达,吉林大学,2017-06-01,//cdmd.cnki.com.cn/Article/CDMD-10183-1017139899.htm
大数据下的数据选择与学习算法研究,熊霖,西安电子科技大学,2014-11-01,//cdmd.cnki.com.cn/Article/CDMD-10701-1015425764.htm
基于CBR-Ontology的农作物病虫害防控智能决策支持系统研究,辜丽川,合肥工业大学,2015-03-01,//cdmd.cnki.com.cn/Article/CDMD-10359-1015723280.htm
面向表情机器人交互式情感模型与控制方法研究,闫纪铮,北京科技大学,2016-06-16,//cdmd.cnki.com.cn/Article/CDMD-10008-1016100036.htm
基于历史数据的中国民航跑道安全管理关键问题研究,霍志勤,南京航空航天大学,2012-06-01,//cdmd.cnki.com.cn/Article/CDMD-10287-1014005456.htm
无人机集群编队及其避障控制关键技术研究,赵伟伟,中国科学院大学(中国科学院长春光学精密机械与物理研究所),2020-09-01,//cdmd.cnki.com.cn/Article/CDMD-80139-1020019958.htm
