{
  "object": "list",
  "results": [
    {
      "object": "page",
      "id": "562acfcf-dd0f-4dad-a504-4fafb67921e1",
      "created_time": "2021-12-01T06:44:00.000Z",
      "last_edited_time": "2021-12-01T06:44:00.000Z",
      "cover": null,
      "icon": null,
      "parent": {
        "type": "database_id",
        "database_id": "f36fc191-cbb0-4f6f-86df-41eb30a21249"
      },
      "archived": false,
      "properties": {
        "Time": {
          "id": ">kCH",
          "type": "rich_text",
          "rich_text": []
        },
        "Author": {
          "id": "REmO",
          "type": "multi_select",
          "multi_select": []
        },
        "Describition": {
          "id": "_bJq",
          "type": "rich_text",
          "rich_text": []
        },
        "School": {
          "id": "xoEa",
          "type": "rich_text",
          "rich_text": []
        },
        "Title": {
          "id": "title",
          "type": "title",
          "title": []
        }
      },
      "url": "https://www.notion.so/562acfcfdd0f4dada5044fafb67921e1"
    },
    {
      "object": "page",
      "id": "85a14221-72f8-479d-9dd3-d7a88678526b",
      "created_time": "2021-12-01T06:44:00.000Z",
      "last_edited_time": "2021-12-01T06:44:00.000Z",
      "cover": null,
      "icon": null,
      "parent": {
        "type": "database_id",
        "database_id": "f36fc191-cbb0-4f6f-86df-41eb30a21249"
      },
      "archived": false,
      "properties": {
        "Time": {
          "id": ">kCH",
          "type": "rich_text",
          "rich_text": []
        },
        "Author": {
          "id": "REmO",
          "type": "multi_select",
          "multi_select": []
        },
        "Describition": {
          "id": "_bJq",
          "type": "rich_text",
          "rich_text": []
        },
        "School": {
          "id": "xoEa",
          "type": "rich_text",
          "rich_text": []
        },
        "Title": {
          "id": "title",
          "type": "title",
          "title": []
        }
      },
      "url": "https://www.notion.so/85a1422172f8479d9dd3d7a88678526b"
    },
    {
      "object": "page",
      "id": "f8b11bca-a507-4a71-b859-314e7c8e71b2",
      "created_time": "2021-12-01T06:44:00.000Z",
      "last_edited_time": "2021-12-01T06:44:00.000Z",
      "cover": null,
      "icon": null,
      "parent": {
        "type": "database_id",
        "database_id": "f36fc191-cbb0-4f6f-86df-41eb30a21249"
      },
      "archived": false,
      "properties": {
        "Time": {
          "id": ">kCH",
          "type": "rich_text",
          "rich_text": []
        },
        "Author": {
          "id": "REmO",
          "type": "multi_select",
          "multi_select": []
        },
        "Describition": {
          "id": "_bJq",
          "type": "rich_text",
          "rich_text": []
        },
        "School": {
          "id": "xoEa",
          "type": "rich_text",
          "rich_text": []
        },
        "Title": {
          "id": "title",
          "type": "title",
          "title": []
        }
      },
      "url": "https://www.notion.so/f8b11bcaa5074a71b859314e7c8e71b2"
    }
  ],
  "next_cursor": null,
  "has_more": false
}